case,mode,control_vector,check,value,expected,result,control_vector_csb_oeb_web,unit,minimum,maximum,phase,output,metric,low,high,settling_allowance_only
tt_ctl001_a0_to_1_p2100,liberty_reference,001,VALID_ACCESS_Q_capture,1.8,1,PASS,,,,,,,,,,
tt_ctl001_a0_to_1_p2100,liberty_reference,001,VALID_ACCESS_Q_hold_after_live_controls_change,1.8,1,PASS,,,,,,,,,,
tt_ctl001_a0_to_1_p2100,liberty_reference,001,VALID_ACCESS_Q_hold_after_falling_edge,1.8,1,PASS,,,,,,,,,,
tt_ctl001_a0_to_1_p2100,liberty_reference,001,A0_Q_post_capture,1.8,1,PASS,,,,,,,,,,
tt_ctl001_a0_to_1_p2100,liberty_reference,001,A0_Q_after_live_address_change,1.8,1,PASS,,,,,,,,,,
tt_ctl001_a0_to_1_p2100,liberty_reference,001,A1_Q_post_capture,0.0,0,PASS,,,,,,,,,,
tt_ctl001_a0_to_1_p2100,liberty_reference,001,A1_Q_after_live_address_change,0.0,0,PASS,,,,,,,,,,
tt_ctl001_a0_to_1_p2100,,,access_precharge_release_before_pclk_ps,391.9630016164723,,PASS,001,ps,250.0,,,,,,,
tt_ctl001_a0_to_1_p2100,,,access_precharge_reassert_after_pclk_fall_ps,2253.9772352225755,,PASS,001,ps,0,,,,,,,
tt_ctl001_a0_to_1_p2100,,,access_PRECH_high_at_PCLK_rise_v,1.7807278451756217,,PASS,001,V,1.62,,,,,,,
tt_ctl001_a0_to_1_p2100,,,access_selected_WL_off_before_PRECH_conduction_ps,1171.7306318407716,,PASS,001,ps,0,,,,,,,
tt_ctl001_a0_to_1_p2100,,,access_WL0_max_while_PRECH_active_v,7.323896874243287e-07,,PASS,001,V,,0.18000000000000002,,,,,,
tt_ctl001_a0_to_1_p2100,,,access_WL1_max_while_PRECH_active_v,1.5230392941388415e-05,,PASS,001,V,,0.18000000000000002,,,,,,
tt_ctl001_a0_to_1_p2100,,,access_WL2_max_while_PRECH_active_v,7.323505384008292e-07,,PASS,001,V,,0.18000000000000002,,,,,,
tt_ctl001_a0_to_1_p2100,,,access_WL3_max_while_PRECH_active_v,7.323805047865816e-07,,PASS,001,V,,0.18000000000000002,,,,,,
tt_ctl001_a0_to_1_p2100,,,access_BL0_precharged_before_eval_v,1.8075638835062315,,PASS,001,V,1.62,,,,,,,
tt_ctl001_a0_to_1_p2100,,,access_BLB0_precharged_before_eval_v,1.8068942586362633,,PASS,001,V,1.62,,,,,,,
tt_ctl001_a0_to_1_p2100,,,access_BL1_precharged_before_eval_v,1.8075638835062433,,PASS,001,V,1.62,,,,,,,
tt_ctl001_a0_to_1_p2100,,,access_BLB1_precharged_before_eval_v,1.8068942586362864,,PASS,001,V,1.62,,,,,,,
tt_ctl001_a0_to_1_p2100,,,access_BL2_precharged_before_eval_v,1.807563883506234,,PASS,001,V,1.62,,,,,,,
tt_ctl001_a0_to_1_p2100,,,access_BLB2_precharged_before_eval_v,1.8068942586362815,,PASS,001,V,1.62,,,,,,,
tt_ctl001_a0_to_1_p2100,,,access_BL3_precharged_before_eval_v,1.8075638835062229,,PASS,001,V,1.62,,,,,,,
tt_ctl001_a0_to_1_p2100,,,access_BLB3_precharged_before_eval_v,1.806894258636264,,PASS,001,V,1.62,,,,,,,
tt_ctl001_a0_to_1_p2100,,,access_BL4_precharged_before_eval_v,1.8075638835062229,,PASS,001,V,1.62,,,,,,,
tt_ctl001_a0_to_1_p2100,,,access_BLB4_precharged_before_eval_v,1.8068942586362726,,PASS,001,V,1.62,,,,,,,
tt_ctl001_a0_to_1_p2100,,,access_BL5_precharged_before_eval_v,1.8075638835062442,,PASS,001,V,1.62,,,,,,,
tt_ctl001_a0_to_1_p2100,,,access_BLB5_precharged_before_eval_v,1.8068942586362835,,PASS,001,V,1.62,,,,,,,
tt_ctl001_a0_to_1_p2100,,,access_BL6_precharged_before_eval_v,1.8075638835062482,,PASS,001,V,1.62,,,,,,,
tt_ctl001_a0_to_1_p2100,,,access_BLB6_precharged_before_eval_v,1.8068942586362986,,PASS,001,V,1.62,,,,,,,
tt_ctl001_a0_to_1_p2100,,,access_BL7_precharged_before_eval_v,1.807563883506232,,PASS,001,V,1.62,,,,,,,
tt_ctl001_a0_to_1_p2100,,,access_BLB7_precharged_before_eval_v,1.8068942586362613,,PASS,001,V,1.62,,,,,,,
tt_ctl001_a0_to_1_p2100,,,final_BL0_precharged_v,1.7999468156606573,,PASS,001,V,1.62,,,,,,,
tt_ctl001_a0_to_1_p2100,,,final_BLB0_precharged_v,1.7999467976019523,,PASS,001,V,1.62,,,,,,,
tt_ctl001_a0_to_1_p2100,,,final_BL1_precharged_v,1.7999468156606437,,PASS,001,V,1.62,,,,,,,
tt_ctl001_a0_to_1_p2100,,,final_BLB1_precharged_v,1.799946797601939,,PASS,001,V,1.62,,,,,,,
tt_ctl001_a0_to_1_p2100,,,final_BL2_precharged_v,1.7999468156606362,,PASS,001,V,1.62,,,,,,,
tt_ctl001_a0_to_1_p2100,,,final_BLB2_precharged_v,1.799946797601939,,PASS,001,V,1.62,,,,,,,
tt_ctl001_a0_to_1_p2100,,,final_BL3_precharged_v,1.7999468156606324,,PASS,001,V,1.62,,,,,,,
tt_ctl001_a0_to_1_p2100,,,final_BLB3_precharged_v,1.7999467976019428,,PASS,001,V,1.62,,,,,,,
tt_ctl001_a0_to_1_p2100,,,final_BL4_precharged_v,1.799946815660634,,PASS,001,V,1.62,,,,,,,
tt_ctl001_a0_to_1_p2100,,,final_BLB4_precharged_v,1.7999467976019408,,PASS,001,V,1.62,,,,,,,
tt_ctl001_a0_to_1_p2100,,,final_BL5_precharged_v,1.7999468156606506,,PASS,001,V,1.62,,,,,,,
tt_ctl001_a0_to_1_p2100,,,final_BLB5_precharged_v,1.799946797601952,,PASS,001,V,1.62,,,,,,,
tt_ctl001_a0_to_1_p2100,,,final_BL6_precharged_v,1.7999468156606357,,PASS,001,V,1.62,,,,,,,
tt_ctl001_a0_to_1_p2100,,,final_BLB6_precharged_v,1.799946797601939,,PASS,001,V,1.62,,,,,,,
tt_ctl001_a0_to_1_p2100,,,final_BL7_precharged_v,1.7999468156606468,,PASS,001,V,1.62,,,,,,,
tt_ctl001_a0_to_1_p2100,,,final_BLB7_precharged_v,1.7999467976019374,,PASS,001,V,1.62,,,,,,,
tt_ctl001_a0_to_1_p2100,,,,0.0017349099725827636,,PASS,,,,,test,DEC0,upper_excursion_v,,1.9800000000000002,False
tt_ctl001_a0_to_1_p2100,,,,-0.0006998302320837694,,PASS,,,,,test,DEC0,lower_excursion_v,-0.18000000000000002,,False
tt_ctl001_a0_to_1_p2100,,,,-0.0006998302320837694,,PASS,,,,,test,DEC0,end_level_v,-0.18000000000000002,0.18000000000000002,False
tt_ctl001_a0_to_1_p2100,,,,0.0017349099725827636,,PASS,,,,,test,DEC0,unselected_max_v,,0.18000000000000002,False
tt_ctl001_a0_to_1_p2100,,,,1.8002352315121901,,PASS,,,,,test,DEC1,upper_excursion_v,,1.9800000000000002,False
tt_ctl001_a0_to_1_p2100,,,,-0.02761998304694815,,PASS,,,,,test,DEC1,lower_excursion_v,-0.18000000000000002,,False
tt_ctl001_a0_to_1_p2100,,,,1.7985778680097482,,PASS,,,,,test,DEC1,end_level_v,1.62,1.9800000000000002,False
tt_ctl001_a0_to_1_p2100,,,,1.7985778680097482,,PASS,,,,,test,DEC1,settled_min_v,1.62,,False
tt_ctl001_a0_to_1_p2100,,,,0.0029836507153176953,,PASS,,,,,test,DEC2,upper_excursion_v,,1.9800000000000002,False
tt_ctl001_a0_to_1_p2100,,,,-0.0008104490598233923,,PASS,,,,,test,DEC2,lower_excursion_v,-0.18000000000000002,,False
tt_ctl001_a0_to_1_p2100,,,,-0.0008104490598233923,,PASS,,,,,test,DEC2,end_level_v,-0.18000000000000002,0.18000000000000002,False
tt_ctl001_a0_to_1_p2100,,,,0.0029836507153176953,,PASS,,,,,test,DEC2,unselected_max_v,,0.18000000000000002,False
tt_ctl001_a0_to_1_p2100,,,,0.0028817487149250557,,PASS,,,,,test,DEC3,upper_excursion_v,,1.9800000000000002,False
tt_ctl001_a0_to_1_p2100,,,,-0.000467635601366726,,PASS,,,,,test,DEC3,lower_excursion_v,-0.18000000000000002,,False
tt_ctl001_a0_to_1_p2100,,,,-0.000467635601366726,,PASS,,,,,test,DEC3,end_level_v,-0.18000000000000002,0.18000000000000002,False
tt_ctl001_a0_to_1_p2100,,,,0.0028817487149250557,,PASS,,,,,test,DEC3,unselected_max_v,,0.18000000000000002,False
tt_ctl001_a0_to_1_p2100,,,,2.0536009486932446e-06,,PASS,,,,,test,WL0,upper_excursion_v,,1.9800000000000002,False
tt_ctl001_a0_to_1_p2100,,,,-4.6706033207092576e-07,,PASS,,,,,test,WL0,lower_excursion_v,-0.18000000000000002,,False
tt_ctl001_a0_to_1_p2100,,,,-4.6706033207092576e-07,,PASS,,,,,test,WL0,end_level_v,-0.18000000000000002,0.18000000000000002,False
tt_ctl001_a0_to_1_p2100,,,,2.0536009486932446e-06,,PASS,,,,,test,WL0,unselected_max_v,,0.18000000000000002,False
tt_ctl001_a0_to_1_p2100,,,,1.7965110276630007,,PASS,,,,,test,WL1,upper_excursion_v,,1.9800000000000002,False
tt_ctl001_a0_to_1_p2100,,,,-0.003264509561124565,,PASS,,,,,test,WL1,lower_excursion_v,-0.18000000000000002,,False
tt_ctl001_a0_to_1_p2100,,,,1.7965110276630007,,PASS,,,,,test,WL1,end_level_v,1.62,1.9800000000000002,False
tt_ctl001_a0_to_1_p2100,,,,1.7861055769215795,,PASS,,,,,test,WL1,settled_min_v,1.62,,False
tt_ctl001_a0_to_1_p2100,,,,3.3643285715019167e-06,,PASS,,,,,test,WL2,upper_excursion_v,,1.9800000000000002,False
tt_ctl001_a0_to_1_p2100,,,,-1.0345077694007238e-06,,PASS,,,,,test,WL2,lower_excursion_v,-0.18000000000000002,,False
tt_ctl001_a0_to_1_p2100,,,,-6.642105686692685e-07,,PASS,,,,,test,WL2,end_level_v,-0.18000000000000002,0.18000000000000002,False
tt_ctl001_a0_to_1_p2100,,,,3.3643285715019167e-06,,PASS,,,,,test,WL2,unselected_max_v,,0.18000000000000002,False
tt_ctl001_a0_to_1_p2100,,,,3.3290229584715596e-06,,PASS,,,,,test,WL3,upper_excursion_v,,1.9800000000000002,False
tt_ctl001_a0_to_1_p2100,,,,-9.751185004514582e-07,,PASS,,,,,test,WL3,lower_excursion_v,-0.18000000000000002,,False
tt_ctl001_a0_to_1_p2100,,,,-7.504990057422437e-08,,PASS,,,,,test,WL3,end_level_v,-0.18000000000000002,0.18000000000000002,False
tt_ctl001_a0_to_1_p2100,,,,3.3290229584715596e-06,,PASS,,,,,test,WL3,unselected_max_v,,0.18000000000000002,False
tt_ctl001_a0_to_1_p2100,,,,0.0005271685175603676,,PASS,,,,,recovery,DEC0,end_level_v,-0.18000000000000002,0.18000000000000002,False
tt_ctl001_a0_to_1_p2100,,,,0.0005271685175603676,,PASS,,,,,recovery,DEC0,settled_max_v,,0.18000000000000002,False
tt_ctl001_a0_to_1_p2100,,,,0.0006022398587128877,,PASS,,,,,recovery,DEC1,end_level_v,-0.18000000000000002,0.18000000000000002,False
tt_ctl001_a0_to_1_p2100,,,,0.0006022398587128877,,PASS,,,,,recovery,DEC1,settled_max_v,,0.18000000000000002,False
tt_ctl001_a0_to_1_p2100,,,,0.000580205625991763,,PASS,,,,,recovery,DEC2,end_level_v,-0.18000000000000002,0.18000000000000002,False
tt_ctl001_a0_to_1_p2100,,,,0.000580205625991763,,PASS,,,,,recovery,DEC2,settled_max_v,,0.18000000000000002,False
tt_ctl001_a0_to_1_p2100,,,,0.0003996723687944795,,PASS,,,,,recovery,DEC3,end_level_v,-0.18000000000000002,0.18000000000000002,False
tt_ctl001_a0_to_1_p2100,,,,0.0006401229933856716,,PASS,,,,,recovery,DEC3,settled_max_v,,0.18000000000000002,False
tt_ctl001_a0_to_1_p2100,,,,1.5561125467427668e-06,,PASS,,,,,recovery,WL0,end_level_v,-0.18000000000000002,0.18000000000000002,False
tt_ctl001_a0_to_1_p2100,,,,1.5561125467427668e-06,,PASS,,,,,recovery,WL0,settled_max_v,,0.18000000000000002,False
tt_ctl001_a0_to_1_p2100,,,,1.6767090458098423e-06,,PASS,,,,,recovery,WL1,end_level_v,-0.18000000000000002,0.18000000000000002,False
tt_ctl001_a0_to_1_p2100,,,,1.6767090458098423e-06,,PASS,,,,,recovery,WL1,settled_max_v,,0.18000000000000002,False
tt_ctl001_a0_to_1_p2100,,,,1.6401082879926947e-06,,PASS,,,,,recovery,WL2,end_level_v,-0.18000000000000002,0.18000000000000002,False
tt_ctl001_a0_to_1_p2100,,,,1.6401082879926947e-06,,PASS,,,,,recovery,WL2,settled_max_v,,0.18000000000000002,False
tt_ctl001_a0_to_1_p2100,,,,1.3550430946077584e-06,,PASS,,,,,recovery,WL3,end_level_v,-0.18000000000000002,0.18000000000000002,False
tt_ctl001_a0_to_1_p2100,,,,1.397942854162976e-06,,PASS,,,,,recovery,WL3,settled_max_v,,0.18000000000000002,False
tt_ctl001_a0_to_1_p2100,,,,1.8054312898554012,,PASS,,,,,recovery,N0,end_level_v,1.62,1.9800000000000002,False
tt_ctl001_a0_to_1_p2100,,,,1.8062002026436896,,PASS,,,,,recovery,N1,end_level_v,1.62,1.9800000000000002,False
tt_ctl001_a0_to_1_p2100,,,,1.8064640382054415,,PASS,,,,,recovery,N2,end_level_v,1.62,1.9800000000000002,False
tt_ctl001_a0_to_1_p2100,,,,1.805805437562273,,PASS,,,,,recovery,N3,end_level_v,1.62,1.9800000000000002,False
tt_ctl001_a0_to_1_p2100,,,,1.8742238557297557e-06,,PASS,,,,,final_precharge,DEC0,settled_max_v,,0.18000000000000002,False
tt_ctl001_a0_to_1_p2100,,,,1.2595279647604346e-06,,PASS,,,,,final_precharge,DEC0,settled_min_v,-0.18000000000000002,,False
tt_ctl001_a0_to_1_p2100,,,,2.890386885791729e-06,,PASS,,,,,final_precharge,DEC1,settled_max_v,,0.18000000000000002,False
tt_ctl001_a0_to_1_p2100,,,,1.7201857182101016e-06,,PASS,,,,,final_precharge,DEC1,settled_min_v,-0.18000000000000002,,False
tt_ctl001_a0_to_1_p2100,,,,2.3457132304423674e-06,,PASS,,,,,final_precharge,DEC2,settled_max_v,,0.18000000000000002,False
tt_ctl001_a0_to_1_p2100,,,,1.5513667787218185e-06,,PASS,,,,,final_precharge,DEC2,settled_min_v,-0.18000000000000002,,False
tt_ctl001_a0_to_1_p2100,,,,1.9792295109107135e-06,,PASS,,,,,final_precharge,DEC3,settled_max_v,,0.18000000000000002,False
tt_ctl001_a0_to_1_p2100,,,,1.3238630275622977e-06,,PASS,,,,,final_precharge,DEC3,settled_min_v,-0.18000000000000002,,False
tt_ctl001_a0_to_1_p2100,,,,7.324723898987139e-07,,PASS,,,,,final_precharge,WL0,settled_max_v,,0.18000000000000002,False
tt_ctl001_a0_to_1_p2100,,,,7.323942968966098e-07,,PASS,,,,,final_precharge,WL0,settled_min_v,-0.18000000000000002,,False
tt_ctl001_a0_to_1_p2100,,,,7.351625502688341e-07,,PASS,,,,,final_precharge,WL1,settled_max_v,,0.18000000000000002,False
tt_ctl001_a0_to_1_p2100,,,,7.32379027645087e-07,,PASS,,,,,final_precharge,WL1,settled_min_v,-0.18000000000000002,,False
tt_ctl001_a0_to_1_p2100,,,,7.324578940226118e-07,,PASS,,,,,final_precharge,WL2,settled_max_v,,0.18000000000000002,False
tt_ctl001_a0_to_1_p2100,,,,7.323565293938679e-07,,PASS,,,,,final_precharge,WL2,settled_min_v,-0.18000000000000002,,False
tt_ctl001_a0_to_1_p2100,,,,7.324692059142151e-07,,PASS,,,,,final_precharge,WL3,settled_max_v,,0.18000000000000002,False
tt_ctl001_a0_to_1_p2100,,,,7.323854575547639e-07,,PASS,,,,,final_precharge,WL3,settled_min_v,-0.18000000000000002,,False
tt_ctl001_a0_to_1_p2100,,,,1.7999489347315252,,PASS,,,,,final_precharge,N0,end_level_v,1.62,1.9800000000000002,False
tt_ctl001_a0_to_1_p2100,,,,1.798990292647508,,PASS,,,,,final_precharge,N1,end_level_v,1.62,1.9800000000000002,False
tt_ctl001_a0_to_1_p2100,,,,1.8000020345721544,,PASS,,,,,final_precharge,N2,end_level_v,1.62,1.9800000000000002,False
tt_ctl001_a0_to_1_p2100,,,,1.8000069229422024,,PASS,,,,,final_precharge,N3,end_level_v,1.62,1.9800000000000002,False
tt_ctl001_a0_to_1_p2100,,,,1.8056134363796408,,PASS,,,,,pex_recovery,N0.N0.t0,dynamic_segment_level_v,1.62,1.9800000000000002,False
tt_ctl001_a0_to_1_p2100,,,,1.799948018900534,,PASS,,,,,pex_final_precharge,N0.N0.t0,dynamic_segment_level_v,1.62,1.9800000000000002,False
tt_ctl001_a0_to_1_p2100,,,,1.8054048049157678,,PASS,,,,,pex_recovery,N0.N0.t2,dynamic_segment_level_v,1.62,1.9800000000000002,False
tt_ctl001_a0_to_1_p2100,,,,1.7999489337669894,,PASS,,,,,pex_final_precharge,N0.N0.t2,dynamic_segment_level_v,1.62,1.9800000000000002,False
tt_ctl001_a0_to_1_p2100,,,,1.8056399164680448,,PASS,,,,,pex_recovery,N0.N0.n1,dynamic_segment_level_v,1.62,1.9800000000000002,False
tt_ctl001_a0_to_1_p2100,,,,1.7999489305059098,,PASS,,,,,pex_final_precharge,N0.N0.n1,dynamic_segment_level_v,1.62,1.9800000000000002,False
tt_ctl001_a0_to_1_p2100,,,,1.8063965269162787,,PASS,,,,,pex_recovery,N0.N0.t1,dynamic_segment_level_v,1.62,1.9800000000000002,False
tt_ctl001_a0_to_1_p2100,,,,1.7999526985092291,,PASS,,,,,pex_final_precharge,N0.N0.t1,dynamic_segment_level_v,1.62,1.9800000000000002,False
tt_ctl001_a0_to_1_p2100,,,,1.8056228008418302,,PASS,,,,,pex_recovery,N0.N0.n0,dynamic_segment_level_v,1.62,1.9800000000000002,False
tt_ctl001_a0_to_1_p2100,,,,1.7999489376696658,,PASS,,,,,pex_final_precharge,N0.N0.n0,dynamic_segment_level_v,1.62,1.9800000000000002,False
tt_ctl001_a0_to_1_p2100,,,,1.8054312898554012,,PASS,,,,,pex_recovery,N0.N0.t3,dynamic_segment_level_v,1.62,1.9800000000000002,False
tt_ctl001_a0_to_1_p2100,,,,1.7999489347315252,,PASS,,,,,pex_final_precharge,N0.N0.t3,dynamic_segment_level_v,1.62,1.9800000000000002,False
tt_ctl001_a0_to_1_p2100,,,,1.8054312898554012,,PASS,,,,,pex_recovery,N0.N0,dynamic_segment_level_v,1.62,1.9800000000000002,False
tt_ctl001_a0_to_1_p2100,,,,1.7999489347315252,,PASS,,,,,pex_final_precharge,N0.N0,dynamic_segment_level_v,1.62,1.9800000000000002,False
tt_ctl001_a0_to_1_p2100,,,,1.8063970826873226,,PASS,,,,,pex_recovery,N1.N1.t0,dynamic_segment_level_v,1.62,1.9800000000000002,False
tt_ctl001_a0_to_1_p2100,,,,1.798973388968121,,PASS,,,,,pex_final_precharge,N1.N1.t0,dynamic_segment_level_v,1.62,1.9800000000000002,False
tt_ctl001_a0_to_1_p2100,,,,1.8064139409532094,,PASS,,,,,pex_recovery,N1.N1.n1,dynamic_segment_level_v,1.62,1.9800000000000002,False
tt_ctl001_a0_to_1_p2100,,,,1.7989904872223679,,PASS,,,,,pex_final_precharge,N1.N1.n1,dynamic_segment_level_v,1.62,1.9800000000000002,False
tt_ctl001_a0_to_1_p2100,,,,1.8061730852644966,,PASS,,,,,pex_recovery,N1.N1.t2,dynamic_segment_level_v,1.62,1.9800000000000002,False
tt_ctl001_a0_to_1_p2100,,,,1.79899026448579,,PASS,,,,,pex_final_precharge,N1.N1.t2,dynamic_segment_level_v,1.62,1.9800000000000002,False
tt_ctl001_a0_to_1_p2100,,,,1.8062002026436896,,PASS,,,,,pex_recovery,N1.N1,dynamic_segment_level_v,1.62,1.9800000000000002,False
tt_ctl001_a0_to_1_p2100,,,,1.798990292647508,,PASS,,,,,pex_final_precharge,N1.N1,dynamic_segment_level_v,1.62,1.9800000000000002,False
tt_ctl001_a0_to_1_p2100,,,,1.8071170828574135,,PASS,,,,,pex_recovery,N1.N1.t1,dynamic_segment_level_v,1.62,1.9800000000000002,False
tt_ctl001_a0_to_1_p2100,,,,1.7990668394884863,,PASS,,,,,pex_final_precharge,N1.N1.t1,dynamic_segment_level_v,1.62,1.9800000000000002,False
tt_ctl001_a0_to_1_p2100,,,,1.8063970427831588,,PASS,,,,,pex_recovery,N1.N1.n0,dynamic_segment_level_v,1.62,1.9800000000000002,False
tt_ctl001_a0_to_1_p2100,,,,1.7989904835677264,,PASS,,,,,pex_final_precharge,N1.N1.n0,dynamic_segment_level_v,1.62,1.9800000000000002,False
tt_ctl001_a0_to_1_p2100,,,,1.8062002026436896,,PASS,,,,,pex_recovery,N1.N1.t3,dynamic_segment_level_v,1.62,1.9800000000000002,False
tt_ctl001_a0_to_1_p2100,,,,1.798990292647508,,PASS,,,,,pex_final_precharge,N1.N1.t3,dynamic_segment_level_v,1.62,1.9800000000000002,False
tt_ctl001_a0_to_1_p2100,,,,1.8073659614763458,,PASS,,,,,pex_recovery,N2.N2.t1,dynamic_segment_level_v,1.62,1.9800000000000002,False
tt_ctl001_a0_to_1_p2100,,,,1.800001700045264,,PASS,,,,,pex_final_precharge,N2.N2.t1,dynamic_segment_level_v,1.62,1.9800000000000002,False
tt_ctl001_a0_to_1_p2100,,,,1.806679500247543,,PASS,,,,,pex_recovery,N2.N2.n1,dynamic_segment_level_v,1.62,1.9800000000000002,False
tt_ctl001_a0_to_1_p2100,,,,1.8000020259739105,,PASS,,,,,pex_final_precharge,N2.N2.n1,dynamic_segment_level_v,1.62,1.9800000000000002,False
tt_ctl001_a0_to_1_p2100,,,,1.8064355823411569,,PASS,,,,,pex_recovery,N2.N2.t2,dynamic_segment_level_v,1.62,1.9800000000000002,False
tt_ctl001_a0_to_1_p2100,,,,1.800002034040406,,PASS,,,,,pex_final_precharge,N2.N2.t2,dynamic_segment_level_v,1.62,1.9800000000000002,False
tt_ctl001_a0_to_1_p2100,,,,1.8064640382054415,,PASS,,,,,pex_recovery,N2.N2.t3,dynamic_segment_level_v,1.62,1.9800000000000002,False
tt_ctl001_a0_to_1_p2100,,,,1.8000020345721544,,PASS,,,,,pex_final_precharge,N2.N2.t3,dynamic_segment_level_v,1.62,1.9800000000000002,False
tt_ctl001_a0_to_1_p2100,,,,1.8064640382054415,,PASS,,,,,pex_recovery,N2.N2,dynamic_segment_level_v,1.62,1.9800000000000002,False
tt_ctl001_a0_to_1_p2100,,,,1.8000020345721544,,PASS,,,,,pex_final_precharge,N2.N2,dynamic_segment_level_v,1.62,1.9800000000000002,False
tt_ctl001_a0_to_1_p2100,,,,1.806663163255073,,PASS,,,,,pex_recovery,N2.N2.n0,dynamic_segment_level_v,1.62,1.9800000000000002,False
tt_ctl001_a0_to_1_p2100,,,,1.8000020338393525,,PASS,,,,,pex_final_precharge,N2.N2.n0,dynamic_segment_level_v,1.62,1.9800000000000002,False
tt_ctl001_a0_to_1_p2100,,,,1.8066608603913095,,PASS,,,,,pex_recovery,N2.N2.t0,dynamic_segment_level_v,1.62,1.9800000000000002,False
tt_ctl001_a0_to_1_p2100,,,,1.8000020258874145,,PASS,,,,,pex_final_precharge,N2.N2.t0,dynamic_segment_level_v,1.62,1.9800000000000002,False
tt_ctl001_a0_to_1_p2100,,,,1.805805437562273,,PASS,,,,,pex_recovery,N3.N3,dynamic_segment_level_v,1.62,1.9800000000000002,False
tt_ctl001_a0_to_1_p2100,,,,1.8000069229422024,,PASS,,,,,pex_final_precharge,N3.N3,dynamic_segment_level_v,1.62,1.9800000000000002,False
tt_ctl001_a0_to_1_p2100,,,,1.8059846568767028,,PASS,,,,,pex_recovery,N3.N3.t0,dynamic_segment_level_v,1.62,1.9800000000000002,False
tt_ctl001_a0_to_1_p2100,,,,1.8000069044877611,,PASS,,,,,pex_final_precharge,N3.N3.t0,dynamic_segment_level_v,1.62,1.9800000000000002,False
tt_ctl001_a0_to_1_p2100,,,,1.8059835240495863,,PASS,,,,,pex_recovery,N3.N3.n0,dynamic_segment_level_v,1.62,1.9800000000000002,False
tt_ctl001_a0_to_1_p2100,,,,1.8000069212889045,,PASS,,,,,pex_final_precharge,N3.N3.n0,dynamic_segment_level_v,1.62,1.9800000000000002,False
tt_ctl001_a0_to_1_p2100,,,,1.8057783392431739,,PASS,,,,,pex_recovery,N3.N3.t2,dynamic_segment_level_v,1.62,1.9800000000000002,False
tt_ctl001_a0_to_1_p2100,,,,1.8000069225547823,,PASS,,,,,pex_final_precharge,N3.N3.t2,dynamic_segment_level_v,1.62,1.9800000000000002,False
tt_ctl001_a0_to_1_p2100,,,,1.805805437562273,,PASS,,,,,pex_recovery,N3.N3.t3,dynamic_segment_level_v,1.62,1.9800000000000002,False
tt_ctl001_a0_to_1_p2100,,,,1.8000069229422024,,PASS,,,,,pex_final_precharge,N3.N3.t3,dynamic_segment_level_v,1.62,1.9800000000000002,False
tt_ctl001_a0_to_1_p2100,,,,1.8067447998011963,,PASS,,,,,pex_recovery,N3.N3.t1,dynamic_segment_level_v,1.62,1.9800000000000002,False
tt_ctl001_a0_to_1_p2100,,,,1.8000062088991644,,PASS,,,,,pex_final_precharge,N3.N3.t1,dynamic_segment_level_v,1.62,1.9800000000000002,False
tt_ctl001_a0_to_1_p2100,,,,1.806001283553747,,PASS,,,,,pex_recovery,N3.N3.n1,dynamic_segment_level_v,1.62,1.9800000000000002,False
tt_ctl001_a0_to_1_p2100,,,,1.800006904514576,,PASS,,,,,pex_final_precharge,N3.N3.n1,dynamic_segment_level_v,1.62,1.9800000000000002,False
