case,campaign,profile,old_address,new_address,lead_ps,skew_ps,low_ns,high_ns,load_ff,rise_ps,fall_ps,max_step_ps,address_slew_ps,noise_node,charge_fc,method,result,minbreak_fs,chgtol_c,candidate,footer_um,stack_um,precharge_um,out_n_um,out_p_um,addr_n_um,addr_p_um,addr_l_um,buffer_addresses,true_buffer_um,channel_area_proxy_um2,corner,vdd_v,temperature_c,check_pass,check_fail,settling_check_fail,other_check_fail,wrong_row_peak_v,unselected_dynamic_min_v,output_vgs_peak_v,terminal_magnitude_max_v,terminal_magnitude_device,terminal_magnitude_voltage,model_upper_result,magnitude_result,dec_delay50_ps,dec_delay90_ps,dec_precharge10_ps,wl_delay50_ps,wl_delay90_ps,wl_precharge10_ps,vdd_src_cycle_energy_fj,vpclk_cycle_energy_fj,va0_cycle_energy_fj,va1_cycle_energy_fj,dec_selected_rise_slew10_90_ps,dec_selected_fall_slew90_10_ps,wl_selected_rise_slew10_90_ps,wl_selected_fall_slew90_10_ps,pex_dynamic_segment_count,pex_dynamic_recovery_min_v,pex_dynamic_recovery_max_v,pex_dynamic_final_min_v,pex_dynamic_final_max_v,pex_unselected_dynamic_min_v
tt_00_to_00,history,tt,0,0,2000,0,10,5,17.4,50,50,5,50,,0,gear,PASS,default,default,current,1.5,2.0,2.0,2.0,2.0,0.42,0.42,0.15,True,2.0,7.676999999999997,tt,1.8,27,112,0,0,0,0.002738136122621736,1.9024624226234068,1.9663917672238618,2.075237642274113,x1.m1,VGD,OUTSIDE_MODEL_RANGE,OUTSIDE_SCREEN,96.53037920988402,118.0020394379256,110.18364636381375,273.68009239098586,462.27591249777726,286.62667281213794,153.52540122709138,3.805395421208751,0.0,0.0,37.46911542384917,26.18153920727543,294.71050360636093,105.47231962962786,4,1.7999020489194462,1.7999999963511766,1.7997925324858584,1.7999999960755888,1.91181218749691
tt_00_to_01,history,tt,0,1,2000,0,10,5,17.4,50,50,5,50,,0,gear,PASS,default,default,current,1.5,2.0,2.0,2.0,2.0,0.42,0.42,0.15,True,2.0,7.676999999999997,tt,1.8,27,112,0,0,0,0.002735209681660346,1.9024610104218784,1.9663972653260149,2.0752223928443527,x1.m1,VGD,OUTSIDE_MODEL_RANGE,OUTSIDE_SCREEN,91.99451259239711,113.24844404645658,110.18364636381375,269.0272649715888,457.6196267313649,286.62667281213794,178.71409833038447,3.801374664321577,2.0781367386312475,0.0,36.73355650323362,26.354674517207616,294.70735048765494,105.4495314947357,4,1.7994630314379174,1.799999994486692,1.799785235529916,1.7999999960677586,1.9118099166408586
tt_01_to_00,history,tt,1,0,2000,0,10,5,17.4,50,50,5,50,,0,gear,PASS,default,default,current,1.5,2.0,2.0,2.0,2.0,0.42,0.42,0.15,True,2.0,7.676999999999997,tt,1.8,27,112,0,0,0,0.0027348197820955093,1.9024632256317935,1.9663976899017852,2.075245668395074,x1.m1,VGD,OUTSIDE_MODEL_RANGE,OUTSIDE_SCREEN,94.05142466735691,115.65512560723545,111.8775904825313,271.1854813285657,459.80391223190435,288.51285979568246,183.4546839099162,3.7951880602141155,-1.4840624567038756,0.0,37.4637252198662,26.18219630946244,294.73240356438515,105.47199908142737,4,1.7993648605872838,1.7999999937005327,1.7997926521247751,1.79999999609302,1.9118130961666644
tt_00_to_10,history,tt,0,2,2000,0,10,5,17.4,50,50,5,50,,0,gear,PASS,default,default,current,1.5,2.0,2.0,2.0,2.0,0.42,0.42,0.15,True,2.0,7.676999999999997,tt,1.8,27,112,0,0,0,0.0027307760131211646,1.9025374563192363,1.9685468205429117,2.0752223928443527,x1.m1,VGD,OUTSIDE_MODEL_RANGE,OUTSIDE_SCREEN,95.56410049244843,117.14441044871722,110.18364636381375,272.76678115936375,461.38207288628115,286.62667281213794,180.65483975370208,3.8217723394884207,0.0,2.078666084091008,37.65099572321286,23.836019783756218,294.7256981294706,105.50260143238037,4,1.7998806124674025,1.7999999864033058,1.799779702660207,1.7999999940522777,1.911877202625174
tt_10_to_00,history,tt,2,0,2000,0,10,5,17.4,50,50,5,50,,0,gear,PASS,default,default,current,1.5,2.0,2.0,2.0,2.0,0.42,0.42,0.15,True,2.0,7.676999999999997,tt,1.8,27,112,0,0,0,0.002738220390913631,1.902463387182184,1.9689694698426277,2.075250683282641,x1.m1,VGD,OUTSIDE_MODEL_RANGE,OUTSIDE_SCREEN,96.6477410582671,118.13006895224049,107.30324872947419,273.79401965442696,462.38707114456577,284.4585040717618,185.27343310145912,3.8227500505107117,0.0,-1.4874313813322861,37.45689678055085,26.182689055709012,294.7079666117776,105.47194365687864,4,1.7998562140574894,1.7999999947285361,1.799792658480611,1.7999999960930395,1.9118139534353393
tt_00_to_11,history,tt,0,3,2000,0,10,5,17.4,50,50,5,50,,0,gear,PASS,default,default,current,1.5,2.0,2.0,2.0,2.0,0.42,0.42,0.15,True,2.0,7.676999999999997,tt,1.8,27,112,0,0,0,0.0027283137127675546,1.9025478953223,1.9663917672238618,2.0752223928443527,x1.m1,VGD,OUTSIDE_MODEL_RANGE,OUTSIDE_SCREEN,92.24818566708234,113.68096033749475,110.18364636381375,269.34558759052555,457.9435707937664,286.62667281213794,200.794556347201,3.8293975468704753,2.0782104314151786,2.0784408171657844,36.92902986068688,24.788552011848655,294.7139479579203,105.48622226071349,4,1.7997947884572025,1.8000000207451186,1.7997790007561383,1.799999994027001,1.9118728665199274
tt_11_to_00,history,tt,3,0,2000,0,10,5,17.4,50,50,5,50,,0,gear,PASS,default,default,current,1.5,2.0,2.0,2.0,2.0,0.42,0.42,0.15,True,2.0,7.676999999999997,tt,1.8,27,112,0,0,0,0.002734591649584235,1.9024598909588548,1.9663908769763103,2.0752429175407734,x1.m1,VGD,OUTSIDE_MODEL_RANGE,OUTSIDE_SCREEN,96.15898716434468,117.55628907252454,109.63202256389476,273.30724290858194,461.9116001870845,286.36079844636214,210.6035160811487,3.8248658913406266,-1.483990678727564,-1.4873557367335366,37.407055070081626,26.181876385889193,294.7175142916143,105.47204056223222,4,1.7997733419499138,1.8000000014141293,1.7997926481993056,1.799999996093029,1.911807494295978
tt_01_to_10,history,tt,1,2,2000,0,10,5,17.4,50,50,5,50,,0,gear,PASS,default,default,current,1.5,2.0,2.0,2.0,2.0,0.42,0.42,0.15,True,2.0,7.676999999999997,tt,1.8,27,112,0,0,0,0.0027299511605226767,1.9025594147792497,1.9663976899017852,2.053068347886235,x1.m1,VGD,OUTSIDE_MODEL_RANGE,OUTSIDE_SCREEN,95.60487515463548,117.19076523712422,111.8775904825313,272.8143591695433,461.42875250455745,288.51285979568246,206.96714326349198,3.8278150410299454,-1.484010955945269,2.078509952781784,37.68858265616337,23.836037893929433,294.72516465395904,105.5025856612754,4,1.7998597239677983,1.8000000176272715,1.799779702433573,1.7999999940521783,1.9118832947840747
tt_10_to_01,history,tt,2,1,2000,0,10,5,17.4,50,50,5,50,,0,gear,PASS,default,default,current,1.5,2.0,2.0,2.0,2.0,0.42,0.42,0.15,True,2.0,7.676999999999997,tt,1.8,27,112,0,0,0,0.0027353077247196465,1.9024609705339757,1.9663973364030014,2.053068350806308,x1.m1,VGD,OUTSIDE_MODEL_RANGE,OUTSIDE_SCREEN,92.13530574316815,113.41167964553321,107.30324872947419,269.17027448232216,457.7652509138281,284.4585040717618,205.37879920113485,3.803675086241778,2.0780590432196657,-1.4873736075476196,36.738645082297936,26.354657118495755,294.7101504464258,105.44951721382638,4,1.7995239088985313,1.7999999950047723,1.7997852352303934,1.7999999960677782,1.9118098862048645
slow_00_to_11,history,slow,0,3,2000,0,10,5,17.4,50,50,5,50,,0,gear,PASS,default,default,current,1.5,2.0,2.0,2.0,2.0,0.42,0.42,0.15,True,2.0,7.676999999999997,ss,1.62,-40,112,0,0,0,0.0024632229572873754,1.7219986657494126,1.7570000436274524,1.82813034828746,x1.m1,VGD,PASS,PASS,122.64389113739284,149.62982585692063,167.5609455611868,405.35172518044385,677.1337898271307,415.28783521796714,158.65920809034753,2.570750073222797,1.5340213737519655,1.5351304849839869,47.57974590008496,25.991395797330497,445.90634953855425,127.51369633307365,4,1.619768874943812,1.6200000181502985,1.6197352192438932,1.6199999932506648,1.7297685585606357
slow_11_to_00,history,slow,3,0,2000,0,10,5,17.4,50,50,5,50,,0,gear,PASS,default,default,current,1.5,2.0,2.0,2.0,2.0,0.42,0.42,0.15,True,2.0,7.676999999999997,ss,1.62,-40,112,0,0,0,0.002468383247008636,1.7218060860262219,1.7570383679814936,1.8281530900488823,x1.m1,VGD,PASS,PASS,128.79425736702814,155.87580506850122,164.38459129181064,411.55573065915786,683.3451980777028,411.817923703526,163.99479313061647,2.571172294644676,-1.100271110148918,-1.1011965735545621,48.019765540798375,26.892331548348864,445.9140278763624,127.52725093944414,4,1.6197145807826008,1.6200000014365972,1.6197607610307116,1.6199999956690012,1.729592855634597
slow_01_to_10,history,slow,1,2,2000,0,10,5,17.4,50,50,5,50,,0,gear,PASS,default,default,current,1.5,2.0,2.0,2.0,2.0,0.42,0.42,0.15,True,2.0,7.676999999999997,ss,1.62,-40,112,0,0,0,0.002463330175609577,1.7219975121141176,1.7571721511730067,1.8113380572383406,x1.m1,VGD,PASS,PASS,127.62743425642104,154.87553983632554,169.8966043171873,410.50440782752446,682.2844833859339,417.1537075408075,162.41589026737125,2.5699724798130545,-1.1004003350948244,1.5349155935798888,48.42025733897532,25.806534436921105,445.9044974042118,127.5352030817907,4,1.6198198097508107,1.6200000323620605,1.6197388090672842,1.6199999933338323,1.7297682702738588
slow_10_to_01,history,slow,2,1,2000,0,10,5,17.4,50,50,5,50,,0,gear,PASS,default,default,current,1.5,2.0,2.0,2.0,2.0,0.42,0.42,0.15,True,2.0,7.676999999999997,ss,1.62,-40,112,0,0,0,0.0024686150552042287,1.7218071418551952,1.756300339234367,1.8113365777288697,x1.m1,VGD,PASS,PASS,122.47559555985538,149.2988577162025,161.5245828288413,405.07589709903,676.8614649704004,409.05385250872666,161.47792091462009,2.5526006311987888,1.5340562441392287,-1.1013453388804841,47.22937211704588,26.862356754703086,445.9094552696844,127.49661399479207,4,1.6194493169292754,1.6199999951826811,1.619743902935681,1.619999995622474,1.7295938978643897
