bench,candidate,corner,vdd_v,temperature_c,category,address,output,measurement,value,unit,low_limit,high_limit,result
sizing,B7,tt,1.8,27,evaluate_window,00,DEC0,win_00_dec0_min,1.8,V,1.62,,PASS
sizing,B7,tt,1.8,27,evaluate_window,00,DEC0,win_00_dec0_max,1.8,V,,1.9800000000000002,PASS
sizing,B7,tt,1.8,27,evaluate_window,00,DEC1,win_00_dec1_min,-8.672636e-05,V,-0.18000000000000002,,PASS
sizing,B7,tt,1.8,27,evaluate_window,00,DEC1,win_00_dec1_max,0.001652601,V,,0.18000000000000002,PASS
sizing,B7,tt,1.8,27,evaluate_window,00,DEC2,win_00_dec2_min,-2.535721e-06,V,-0.18000000000000002,,PASS
sizing,B7,tt,1.8,27,evaluate_window,00,DEC2,win_00_dec2_max,0.001647895,V,,0.18000000000000002,PASS
sizing,B7,tt,1.8,27,evaluate_window,00,DEC3,win_00_dec3_min,-2.669165e-06,V,-0.18000000000000002,,PASS
sizing,B7,tt,1.8,27,evaluate_window,00,DEC3,win_00_dec3_max,0.001647911,V,,0.18000000000000002,PASS
sizing,B7,tt,1.8,27,evaluate_window,00,WL0,win_00_wl0_min,1.799509,V,1.62,,PASS
sizing,B7,tt,1.8,27,evaluate_window,00,WL0,win_00_wl0_max,1.8,V,,1.9800000000000002,PASS
sizing,B7,tt,1.8,27,evaluate_window,00,WL1,win_00_wl1_min,-4.336022e-06,V,-0.18000000000000002,,PASS
sizing,B7,tt,1.8,27,evaluate_window,00,WL1,win_00_wl1_max,6.986211e-06,V,,0.18000000000000002,PASS
sizing,B7,tt,1.8,27,evaluate_window,00,WL2,win_00_wl2_min,-3.847026e-06,V,-0.18000000000000002,,PASS
sizing,B7,tt,1.8,27,evaluate_window,00,WL2,win_00_wl2_max,6.967588e-06,V,,0.18000000000000002,PASS
sizing,B7,tt,1.8,27,evaluate_window,00,WL3,win_00_wl3_min,-3.846028e-06,V,-0.18000000000000002,,PASS
sizing,B7,tt,1.8,27,evaluate_window,00,WL3,win_00_wl3_max,6.967652e-06,V,,0.18000000000000002,PASS
sizing,B7,tt,1.8,27,crossing,00,PCLK,clk_0_rise,1.0025e-08,s,9.999999e-09,1.0050001000000001e-08,PASS
sizing,B7,tt,1.8,27,crossing,00,DEC0,t_00_dec0_rise10,1.01022e-08,s,1e-08,2.005e-08,PASS
sizing,B7,tt,1.8,27,crossing,00,DEC0,t_00_dec0_rise50,1.0119e-08,s,1e-08,2.005e-08,PASS
sizing,B7,tt,1.8,27,crossing,00,DEC0,t_00_dec0_rise90,1.01409e-08,s,1e-08,2.005e-08,PASS
sizing,B7,tt,1.8,27,evaluation_delay,00,DEC0,delay_00_dec0_rise,9.39863e-11,s,0,,PASS
sizing,B7,tt,1.8,27,output_slew,00,DEC0,slew_00_dec0_rise,3.8734e-11,s,0,,PASS
sizing,B7,tt,1.8,27,crossing,00,WL0,t_00_wl0_rise10,1.01902e-08,s,1e-08,2.005e-08,PASS
sizing,B7,tt,1.8,27,crossing,00,WL0,t_00_wl0_rise50,1.02963e-08,s,1e-08,2.005e-08,PASS
sizing,B7,tt,1.8,27,crossing,00,WL0,t_00_wl0_rise90,1.04849e-08,s,1e-08,2.005e-08,PASS
sizing,B7,tt,1.8,27,evaluation_delay,00,WL0,delay_00_wl0_rise,2.71312e-10,s,0,,PASS
sizing,B7,tt,1.8,27,output_slew,00,WL0,slew_00_wl0_rise,2.94735e-10,s,0,,PASS
sizing,B7,tt,1.8,27,crossing,00,PCLK,clk_0_fall,2.0075e-08,s,2.0049999e-08,2.0100001e-08,PASS
sizing,B7,tt,1.8,27,crossing,00,DEC0,t_00_dec0_fall10,2.0321e-08,s,2.005e-08,3.0000000000000004e-08,PASS
sizing,B7,tt,1.8,27,crossing,00,DEC0,t_00_dec0_fall50,2.02995e-08,s,2.005e-08,3.0000000000000004e-08,PASS
sizing,B7,tt,1.8,27,crossing,00,DEC0,t_00_dec0_fall90,2.027e-08,s,2.005e-08,3.0000000000000004e-08,PASS
sizing,B7,tt,1.8,27,precharge_delay,00,DEC0,delay_00_dec0_fall,2.45974e-10,s,0,,PASS
sizing,B7,tt,1.8,27,output_slew,00,DEC0,slew_00_dec0_fall,5.09747e-11,s,0,,PASS
sizing,B7,tt,1.8,27,crossing,00,WL0,t_00_wl0_fall10,2.04937e-08,s,2.005e-08,3.0000000000000004e-08,PASS
sizing,B7,tt,1.8,27,crossing,00,WL0,t_00_wl0_fall50,2.04378e-08,s,2.005e-08,3.0000000000000004e-08,PASS
sizing,B7,tt,1.8,27,crossing,00,WL0,t_00_wl0_fall90,2.03882e-08,s,2.005e-08,3.0000000000000004e-08,PASS
sizing,B7,tt,1.8,27,precharge_delay,00,WL0,delay_00_wl0_fall,4.18729e-10,s,0,,PASS
sizing,B7,tt,1.8,27,output_slew,00,WL0,slew_00_wl0_fall,1.05549e-10,s,0,,PASS
sizing,B7,tt,1.8,27,dynamic_node_sample,00,N0,internal_00_n0,1.154601e-07,V,,,MEASURED
sizing,B7,tt,1.8,27,output_nmos_vgs_upper,00,M10,vgs_peak_00_m10,1.868657,V,,1.95,PASS
sizing,B7,tt,1.8,27,dynamic_node_sample,00,N1,internal_00_n1,1.865971,V,,,MEASURED
sizing,B7,tt,1.8,27,output_nmos_vgs_upper,00,M15,vgs_peak_00_m15,1.869481,V,,1.95,PASS
sizing,B7,tt,1.8,27,dynamic_node_min,00,N1,internal_min_00_n1,1.799955,V,,,MEASURED
sizing,B7,tt,1.8,27,dynamic_node_sample,00,N2,internal_00_n2,1.869949,V,,,MEASURED
sizing,B7,tt,1.8,27,output_nmos_vgs_upper,00,M20,vgs_peak_00_m20,1.869986,V,,1.95,PASS
sizing,B7,tt,1.8,27,dynamic_node_min,00,N2,internal_min_00_n2,1.8,V,,,MEASURED
sizing,B7,tt,1.8,27,dynamic_node_sample,00,N3,internal_00_n3,1.869882,V,,,MEASURED
sizing,B7,tt,1.8,27,output_nmos_vgs_upper,00,M25,vgs_peak_00_m25,1.869925,V,,1.95,PASS
sizing,B7,tt,1.8,27,dynamic_node_min,00,N3,internal_min_00_n3,1.8,V,,,MEASURED
sizing,B7,tt,1.8,27,footer_voltage,00,EVAL_GND,footer_00,2.827461e-08,V,,,MEASURED
sizing,B7,tt,1.8,27,supply_charge,00,,charge_00_evaluate,-4.97881e-14,C,,,MEASURED
sizing,B7,tt,1.8,27,supply_energy,00,,energy_00_evaluate,8.96185e-14,J,,,MEASURED
sizing,B7,tt,1.8,27,supply_charge,00,,charge_00_precharge,-3.44139e-14,C,,,MEASURED
sizing,B7,tt,1.8,27,supply_energy,00,,energy_00_precharge,6.19451e-14,J,,,MEASURED
sizing,B7,tt,1.8,27,settled_supply_current,00,,supply_00,-2.290581e-09,A,,,MEASURED
sizing,B7,tt,1.8,27,evaluate_window,01,DEC0,win_01_dec0_min,-9.018405e-05,V,-0.18000000000000002,,PASS
sizing,B7,tt,1.8,27,evaluate_window,01,DEC0,win_01_dec0_max,0.00165252,V,,0.18000000000000002,PASS
sizing,B7,tt,1.8,27,evaluate_window,01,DEC1,win_01_dec1_min,1.8,V,1.62,,PASS
sizing,B7,tt,1.8,27,evaluate_window,01,DEC1,win_01_dec1_max,1.8,V,,1.9800000000000002,PASS
sizing,B7,tt,1.8,27,evaluate_window,01,DEC2,win_01_dec2_min,-2.41848e-06,V,-0.18000000000000002,,PASS
sizing,B7,tt,1.8,27,evaluate_window,01,DEC2,win_01_dec2_max,0.001647936,V,,0.18000000000000002,PASS
sizing,B7,tt,1.8,27,evaluate_window,01,DEC3,win_01_dec3_min,-2.284334e-06,V,-0.18000000000000002,,PASS
sizing,B7,tt,1.8,27,evaluate_window,01,DEC3,win_01_dec3_max,0.00164794,V,,0.18000000000000002,PASS
sizing,B7,tt,1.8,27,evaluate_window,01,WL0,win_01_wl0_min,-4.351066e-06,V,-0.18000000000000002,,PASS
sizing,B7,tt,1.8,27,evaluate_window,01,WL0,win_01_wl0_max,6.98594e-06,V,,0.18000000000000002,PASS
sizing,B7,tt,1.8,27,evaluate_window,01,WL1,win_01_wl1_min,1.799521,V,1.62,,PASS
sizing,B7,tt,1.8,27,evaluate_window,01,WL1,win_01_wl1_max,1.8,V,,1.9800000000000002,PASS
sizing,B7,tt,1.8,27,evaluate_window,01,WL2,win_01_wl2_min,-3.840191e-06,V,-0.18000000000000002,,PASS
sizing,B7,tt,1.8,27,evaluate_window,01,WL2,win_01_wl2_max,6.967793e-06,V,,0.18000000000000002,PASS
sizing,B7,tt,1.8,27,evaluate_window,01,WL3,win_01_wl3_min,-3.842223e-06,V,-0.18000000000000002,,PASS
sizing,B7,tt,1.8,27,evaluate_window,01,WL3,win_01_wl3_max,6.967813e-06,V,,0.18000000000000002,PASS
sizing,B7,tt,1.8,27,crossing,01,PCLK,clk_1_rise,3.0025e-08,s,2.999999900000001e-08,3.0050001e-08,PASS
sizing,B7,tt,1.8,27,crossing,01,DEC1,t_01_dec1_rise10,3.01002e-08,s,3.0000000000000004e-08,4.0050000000000005e-08,PASS
sizing,B7,tt,1.8,27,crossing,01,DEC1,t_01_dec1_rise50,3.01166e-08,s,3.0000000000000004e-08,4.0050000000000005e-08,PASS
sizing,B7,tt,1.8,27,crossing,01,DEC1,t_01_dec1_rise90,3.01382e-08,s,3.0000000000000004e-08,4.0050000000000005e-08,PASS
sizing,B7,tt,1.8,27,evaluation_delay,01,DEC1,delay_01_dec1_rise,9.16436e-11,s,0,,PASS
sizing,B7,tt,1.8,27,output_slew,01,DEC1,slew_01_dec1_rise,3.8056e-11,s,0,,PASS
sizing,B7,tt,1.8,27,crossing,01,WL1,t_01_wl1_rise10,3.01877e-08,s,3.0000000000000004e-08,4.0050000000000005e-08,PASS
sizing,B7,tt,1.8,27,crossing,01,WL1,t_01_wl1_rise50,3.02938e-08,s,3.0000000000000004e-08,4.0050000000000005e-08,PASS
sizing,B7,tt,1.8,27,crossing,01,WL1,t_01_wl1_rise90,3.04824e-08,s,3.0000000000000004e-08,4.0050000000000005e-08,PASS
sizing,B7,tt,1.8,27,evaluation_delay,01,WL1,delay_01_wl1_rise,2.68827e-10,s,0,,PASS
sizing,B7,tt,1.8,27,output_slew,01,WL1,slew_01_wl1_rise,2.94711e-10,s,0,,PASS
sizing,B7,tt,1.8,27,crossing,01,PCLK,clk_1_fall,4.0075e-08,s,4.004999900000001e-08,4.0100001e-08,PASS
sizing,B7,tt,1.8,27,crossing,01,DEC1,t_01_dec1_fall10,4.03224e-08,s,4.0050000000000005e-08,5.0000000000000004e-08,PASS
sizing,B7,tt,1.8,27,crossing,01,DEC1,t_01_dec1_fall50,4.03015e-08,s,4.0050000000000005e-08,5.0000000000000004e-08,PASS
sizing,B7,tt,1.8,27,crossing,01,DEC1,t_01_dec1_fall90,4.02724e-08,s,4.0050000000000005e-08,5.0000000000000004e-08,PASS
sizing,B7,tt,1.8,27,precharge_delay,01,DEC1,delay_01_dec1_fall,2.474e-10,s,0,,PASS
sizing,B7,tt,1.8,27,output_slew,01,DEC1,slew_01_dec1_fall,4.99686e-11,s,0,,PASS
sizing,B7,tt,1.8,27,crossing,01,WL1,t_01_wl1_fall10,4.04956e-08,s,4.0050000000000005e-08,5.0000000000000004e-08,PASS
sizing,B7,tt,1.8,27,crossing,01,WL1,t_01_wl1_fall50,4.04396e-08,s,4.0050000000000005e-08,5.0000000000000004e-08,PASS
sizing,B7,tt,1.8,27,crossing,01,WL1,t_01_wl1_fall90,4.039e-08,s,4.0050000000000005e-08,5.0000000000000004e-08,PASS
sizing,B7,tt,1.8,27,precharge_delay,01,WL1,delay_01_wl1_fall,4.20557e-10,s,0,,PASS
sizing,B7,tt,1.8,27,output_slew,01,WL1,slew_01_wl1_fall,1.05607e-10,s,0,,PASS
sizing,B7,tt,1.8,27,dynamic_node_sample,01,N0,internal_01_n0,1.865189,V,,,MEASURED
sizing,B7,tt,1.8,27,output_nmos_vgs_upper,01,M10,vgs_peak_01_m10,1.8694,V,,1.95,PASS
sizing,B7,tt,1.8,27,dynamic_node_min,01,N0,internal_min_01_n0,1.799943,V,,,MEASURED
sizing,B7,tt,1.8,27,dynamic_node_sample,01,N1,internal_01_n1,1.148563e-07,V,,,MEASURED
sizing,B7,tt,1.8,27,output_nmos_vgs_upper,01,M15,vgs_peak_01_m15,1.868384,V,,1.95,PASS
sizing,B7,tt,1.8,27,dynamic_node_sample,01,N2,internal_01_n2,1.869883,V,,,MEASURED
sizing,B7,tt,1.8,27,output_nmos_vgs_upper,01,M20,vgs_peak_01_m20,1.869926,V,,1.95,PASS
sizing,B7,tt,1.8,27,dynamic_node_min,01,N2,internal_min_01_n2,1.8,V,,,MEASURED
sizing,B7,tt,1.8,27,dynamic_node_sample,01,N3,internal_01_n3,1.869949,V,,,MEASURED
sizing,B7,tt,1.8,27,output_nmos_vgs_upper,01,M25,vgs_peak_01_m25,1.869988,V,,1.95,PASS
sizing,B7,tt,1.8,27,dynamic_node_min,01,N3,internal_min_01_n3,1.8,V,,,MEASURED
sizing,B7,tt,1.8,27,footer_voltage,01,EVAL_GND,footer_01,2.8103e-08,V,,,MEASURED
sizing,B7,tt,1.8,27,supply_charge,01,,charge_01_evaluate,-4.98056e-14,C,,,MEASURED
sizing,B7,tt,1.8,27,supply_energy,01,,energy_01_evaluate,8.96501e-14,J,,,MEASURED
sizing,B7,tt,1.8,27,supply_charge,01,,charge_01_precharge,-4.61525e-14,C,,,MEASURED
sizing,B7,tt,1.8,27,supply_energy,01,,energy_01_precharge,8.30745e-14,J,,,MEASURED
sizing,B7,tt,1.8,27,settled_supply_current,01,,supply_01,-1.933556e-09,A,,,MEASURED
sizing,B7,tt,1.8,27,evaluate_window,10,DEC0,win_10_dec0_min,-2.453282e-06,V,-0.18000000000000002,,PASS
sizing,B7,tt,1.8,27,evaluate_window,10,DEC0,win_10_dec0_max,0.001651178,V,,0.18000000000000002,PASS
sizing,B7,tt,1.8,27,evaluate_window,10,DEC1,win_10_dec1_min,-2.599923e-06,V,-0.18000000000000002,,PASS
sizing,B7,tt,1.8,27,evaluate_window,10,DEC1,win_10_dec1_max,0.001651172,V,,0.18000000000000002,PASS
sizing,B7,tt,1.8,27,evaluate_window,10,DEC2,win_10_dec2_min,1.8,V,1.62,,PASS
sizing,B7,tt,1.8,27,evaluate_window,10,DEC2,win_10_dec2_max,1.8,V,,1.9800000000000002,PASS
sizing,B7,tt,1.8,27,evaluate_window,10,DEC3,win_10_dec3_min,-3.376508e-05,V,-0.18000000000000002,,PASS
sizing,B7,tt,1.8,27,evaluate_window,10,DEC3,win_10_dec3_max,0.001653056,V,,0.18000000000000002,PASS
sizing,B7,tt,1.8,27,evaluate_window,10,WL0,win_10_wl0_min,-4.013384e-06,V,-0.18000000000000002,,PASS
sizing,B7,tt,1.8,27,evaluate_window,10,WL0,win_10_wl0_max,6.980564e-06,V,,0.18000000000000002,PASS
sizing,B7,tt,1.8,27,evaluate_window,10,WL1,win_10_wl1_min,-4.010925e-06,V,-0.18000000000000002,,PASS
sizing,B7,tt,1.8,27,evaluate_window,10,WL1,win_10_wl1_max,6.980534e-06,V,,0.18000000000000002,PASS
sizing,B7,tt,1.8,27,evaluate_window,10,WL2,win_10_wl2_min,1.799514,V,1.62,,PASS
sizing,B7,tt,1.8,27,evaluate_window,10,WL2,win_10_wl2_max,1.8,V,,1.9800000000000002,PASS
sizing,B7,tt,1.8,27,evaluate_window,10,WL3,win_10_wl3_min,-4.299973e-06,V,-0.18000000000000002,,PASS
sizing,B7,tt,1.8,27,evaluate_window,10,WL3,win_10_wl3_max,6.988767e-06,V,,0.18000000000000002,PASS
sizing,B7,tt,1.8,27,crossing,10,PCLK,clk_2_rise,5.0025e-08,s,4.999999900000001e-08,5.0050001e-08,PASS
sizing,B7,tt,1.8,27,crossing,10,DEC2,t_10_dec2_rise10,5.01011e-08,s,5.0000000000000004e-08,6.005e-08,PASS
sizing,B7,tt,1.8,27,crossing,10,DEC2,t_10_dec2_rise50,5.01179e-08,s,5.0000000000000004e-08,6.005e-08,PASS
sizing,B7,tt,1.8,27,crossing,10,DEC2,t_10_dec2_rise90,5.01399e-08,s,5.0000000000000004e-08,6.005e-08,PASS
sizing,B7,tt,1.8,27,evaluation_delay,10,DEC2,delay_10_dec2_rise,9.2874e-11,s,0,,PASS
sizing,B7,tt,1.8,27,output_slew,10,DEC2,slew_10_dec2_rise,3.87858e-11,s,0,,PASS
sizing,B7,tt,1.8,27,crossing,10,WL2,t_10_wl2_rise10,5.01891e-08,s,5.0000000000000004e-08,6.005e-08,PASS
sizing,B7,tt,1.8,27,crossing,10,WL2,t_10_wl2_rise50,5.02952e-08,s,5.0000000000000004e-08,6.005e-08,PASS
sizing,B7,tt,1.8,27,crossing,10,WL2,t_10_wl2_rise90,5.04838e-08,s,5.0000000000000004e-08,6.005e-08,PASS
sizing,B7,tt,1.8,27,evaluation_delay,10,WL2,delay_10_wl2_rise,2.70191e-10,s,0,,PASS
sizing,B7,tt,1.8,27,output_slew,10,WL2,slew_10_wl2_rise,2.94731e-10,s,0,,PASS
sizing,B7,tt,1.8,27,crossing,10,PCLK,clk_2_fall,6.0075e-08,s,6.0049999e-08,6.0100001e-08,PASS
sizing,B7,tt,1.8,27,crossing,10,DEC2,t_10_dec2_fall10,6.03187e-08,s,6.005e-08,7e-08,PASS
sizing,B7,tt,1.8,27,crossing,10,DEC2,t_10_dec2_fall50,6.0298e-08,s,6.005e-08,7e-08,PASS
sizing,B7,tt,1.8,27,crossing,10,DEC2,t_10_dec2_fall90,6.02695e-08,s,6.005e-08,7e-08,PASS
sizing,B7,tt,1.8,27,precharge_delay,10,DEC2,delay_10_dec2_fall,2.4374e-10,s,0,,PASS
sizing,B7,tt,1.8,27,output_slew,10,DEC2,slew_10_dec2_fall,4.92801e-11,s,0,,PASS
sizing,B7,tt,1.8,27,crossing,10,WL2,t_10_wl2_fall10,6.04918e-08,s,6.005e-08,7e-08,PASS
sizing,B7,tt,1.8,27,crossing,10,WL2,t_10_wl2_fall50,6.04359e-08,s,6.005e-08,7e-08,PASS
sizing,B7,tt,1.8,27,crossing,10,WL2,t_10_wl2_fall90,6.03862e-08,s,6.005e-08,7e-08,PASS
sizing,B7,tt,1.8,27,precharge_delay,10,WL2,delay_10_wl2_fall,4.16777e-10,s,0,,PASS
sizing,B7,tt,1.8,27,output_slew,10,WL2,slew_10_wl2_fall,1.05543e-10,s,0,,PASS
sizing,B7,tt,1.8,27,dynamic_node_sample,10,N0,internal_10_n0,1.869937,V,,,MEASURED
sizing,B7,tt,1.8,27,output_nmos_vgs_upper,10,M10,vgs_peak_10_m10,1.86997,V,,1.95,PASS
sizing,B7,tt,1.8,27,dynamic_node_min,10,N0,internal_min_10_n0,1.8,V,,,MEASURED
sizing,B7,tt,1.8,27,dynamic_node_sample,10,N1,internal_10_n1,1.86987,V,,,MEASURED
sizing,B7,tt,1.8,27,output_nmos_vgs_upper,10,M15,vgs_peak_10_m15,1.869915,V,,1.95,PASS
sizing,B7,tt,1.8,27,dynamic_node_min,10,N1,internal_min_10_n1,1.8,V,,,MEASURED
sizing,B7,tt,1.8,27,dynamic_node_sample,10,N2,internal_10_n2,1.169284e-07,V,,,MEASURED
sizing,B7,tt,1.8,27,output_nmos_vgs_upper,10,M20,vgs_peak_10_m20,1.868724,V,,1.95,PASS
sizing,B7,tt,1.8,27,dynamic_node_sample,10,N3,internal_10_n3,1.86505,V,,,MEASURED
sizing,B7,tt,1.8,27,output_nmos_vgs_upper,10,M25,vgs_peak_10_m25,1.869587,V,,1.95,PASS
sizing,B7,tt,1.8,27,dynamic_node_min,10,N3,internal_min_10_n3,1.799943,V,,,MEASURED
sizing,B7,tt,1.8,27,footer_voltage,10,EVAL_GND,footer_10,2.875287e-08,V,,,MEASURED
sizing,B7,tt,1.8,27,supply_charge,10,,charge_10_evaluate,-4.98109e-14,C,,,MEASURED
sizing,B7,tt,1.8,27,supply_energy,10,,energy_10_evaluate,8.96596e-14,J,,,MEASURED
sizing,B7,tt,1.8,27,supply_charge,10,,charge_10_precharge,-3.35453e-14,C,,,MEASURED
sizing,B7,tt,1.8,27,supply_energy,10,,energy_10_precharge,6.03816e-14,J,,,MEASURED
sizing,B7,tt,1.8,27,settled_supply_current,10,,supply_10,-1.934631e-09,A,,,MEASURED
sizing,B7,tt,1.8,27,evaluate_window,11,DEC0,win_11_dec0_min,-2.135075e-06,V,-0.18000000000000002,,PASS
sizing,B7,tt,1.8,27,evaluate_window,11,DEC0,win_11_dec0_max,0.001651246,V,,0.18000000000000002,PASS
sizing,B7,tt,1.8,27,evaluate_window,11,DEC1,win_11_dec1_min,-1.978724e-06,V,-0.18000000000000002,,PASS
sizing,B7,tt,1.8,27,evaluate_window,11,DEC1,win_11_dec1_max,0.00165125,V,,0.18000000000000002,PASS
sizing,B7,tt,1.8,27,evaluate_window,11,DEC2,win_11_dec2_min,-3.420971e-05,V,-0.18000000000000002,,PASS
sizing,B7,tt,1.8,27,evaluate_window,11,DEC2,win_11_dec2_max,0.00165275,V,,0.18000000000000002,PASS
sizing,B7,tt,1.8,27,evaluate_window,11,DEC3,win_11_dec3_min,1.8,V,1.62,,PASS
sizing,B7,tt,1.8,27,evaluate_window,11,DEC3,win_11_dec3_max,1.8,V,,1.9800000000000002,PASS
sizing,B7,tt,1.8,27,evaluate_window,11,WL0,win_11_wl0_min,-4.015676e-06,V,-0.18000000000000002,,PASS
sizing,B7,tt,1.8,27,evaluate_window,11,WL0,win_11_wl0_max,6.980895e-06,V,,0.18000000000000002,PASS
sizing,B7,tt,1.8,27,evaluate_window,11,WL1,win_11_wl1_min,-4.018203e-06,V,-0.18000000000000002,,PASS
sizing,B7,tt,1.8,27,evaluate_window,11,WL1,win_11_wl1_max,6.980912e-06,V,,0.18000000000000002,PASS
sizing,B7,tt,1.8,27,evaluate_window,11,WL2,win_11_wl2_min,-4.332416e-06,V,-0.18000000000000002,,PASS
sizing,B7,tt,1.8,27,evaluate_window,11,WL2,win_11_wl2_max,6.987611e-06,V,,0.18000000000000002,PASS
sizing,B7,tt,1.8,27,evaluate_window,11,WL3,win_11_wl3_min,1.799526,V,1.62,,PASS
sizing,B7,tt,1.8,27,evaluate_window,11,WL3,win_11_wl3_max,1.8,V,,1.9800000000000002,PASS
sizing,B7,tt,1.8,27,crossing,11,PCLK,clk_3_rise,7.0025e-08,s,6.9999999e-08,7.005000100000001e-08,PASS
sizing,B7,tt,1.8,27,crossing,11,DEC3,t_11_dec3_rise10,7.00994e-08,s,7e-08,8.005e-08,PASS
sizing,B7,tt,1.8,27,crossing,11,DEC3,t_11_dec3_rise50,7.01157e-08,s,7e-08,8.005e-08,PASS
sizing,B7,tt,1.8,27,crossing,11,DEC3,t_11_dec3_rise90,7.01371e-08,s,7e-08,8.005e-08,PASS
sizing,B7,tt,1.8,27,evaluation_delay,11,DEC3,delay_11_dec3_rise,9.06548e-11,s,0,,PASS
sizing,B7,tt,1.8,27,output_slew,11,DEC3,slew_11_dec3_rise,3.77218e-11,s,0,,PASS
sizing,B7,tt,1.8,27,crossing,11,WL3,t_11_wl3_rise10,7.01867e-08,s,7e-08,8.005e-08,PASS
sizing,B7,tt,1.8,27,crossing,11,WL3,t_11_wl3_rise50,7.02928e-08,s,7e-08,8.005e-08,PASS
sizing,B7,tt,1.8,27,crossing,11,WL3,t_11_wl3_rise90,7.04814e-08,s,7e-08,8.005e-08,PASS
sizing,B7,tt,1.8,27,evaluation_delay,11,WL3,delay_11_wl3_rise,2.67815e-10,s,0,,PASS
sizing,B7,tt,1.8,27,output_slew,11,WL3,slew_11_wl3_rise,2.94721e-10,s,0,,PASS
sizing,B7,tt,1.8,27,crossing,11,PCLK,clk_3_fall,8.0075e-08,s,8.0049999e-08,8.010000100000001e-08,PASS
sizing,B7,tt,1.8,27,crossing,11,DEC3,t_11_dec3_fall10,8.03207e-08,s,8.005e-08,9.000000000000001e-08,PASS
sizing,B7,tt,1.8,27,crossing,11,DEC3,t_11_dec3_fall50,8.03001e-08,s,8.005e-08,9.000000000000001e-08,PASS
sizing,B7,tt,1.8,27,crossing,11,DEC3,t_11_dec3_fall90,8.02718e-08,s,8.005e-08,9.000000000000001e-08,PASS
sizing,B7,tt,1.8,27,precharge_delay,11,DEC3,delay_11_dec3_fall,2.45731e-10,s,0,,PASS
sizing,B7,tt,1.8,27,output_slew,11,DEC3,slew_11_dec3_fall,4.88969e-11,s,0,,PASS
sizing,B7,tt,1.8,27,crossing,11,WL3,t_11_wl3_fall10,8.04938e-08,s,8.005e-08,9.000000000000001e-08,PASS
sizing,B7,tt,1.8,27,crossing,11,WL3,t_11_wl3_fall50,8.04378e-08,s,8.005e-08,9.000000000000001e-08,PASS
sizing,B7,tt,1.8,27,crossing,11,WL3,t_11_wl3_fall90,8.03882e-08,s,8.005e-08,9.000000000000001e-08,PASS
sizing,B7,tt,1.8,27,precharge_delay,11,WL3,delay_11_wl3_fall,4.18772e-10,s,0,,PASS
sizing,B7,tt,1.8,27,output_slew,11,WL3,slew_11_wl3_fall,1.05548e-10,s,0,,PASS
sizing,B7,tt,1.8,27,dynamic_node_sample,11,N0,internal_11_n0,1.869871,V,,,MEASURED
sizing,B7,tt,1.8,27,output_nmos_vgs_upper,11,M10,vgs_peak_11_m10,1.869915,V,,1.95,PASS
sizing,B7,tt,1.8,27,dynamic_node_min,11,N0,internal_min_11_n0,1.800489,V,,,MEASURED
sizing,B7,tt,1.8,27,dynamic_node_sample,11,N1,internal_11_n1,1.869937,V,,,MEASURED
sizing,B7,tt,1.8,27,output_nmos_vgs_upper,11,M15,vgs_peak_11_m15,1.869972,V,,1.95,PASS
sizing,B7,tt,1.8,27,dynamic_node_min,11,N1,internal_min_11_n1,1.800489,V,,,MEASURED
sizing,B7,tt,1.8,27,dynamic_node_sample,11,N2,internal_11_n2,1.865079,V,,,MEASURED
sizing,B7,tt,1.8,27,output_nmos_vgs_upper,11,M20,vgs_peak_11_m20,1.869593,V,,1.95,PASS
sizing,B7,tt,1.8,27,dynamic_node_min,11,N2,internal_min_11_n2,1.800433,V,,,MEASURED
sizing,B7,tt,1.8,27,dynamic_node_sample,11,N3,internal_11_n3,1.16894e-07,V,,,MEASURED
sizing,B7,tt,1.8,27,output_nmos_vgs_upper,11,M25,vgs_peak_11_m25,1.868952,V,,1.95,PASS
sizing,B7,tt,1.8,27,footer_voltage,11,EVAL_GND,footer_11,2.871539e-08,V,,,MEASURED
sizing,B7,tt,1.8,27,supply_charge,11,,charge_11_evaluate,-4.98789e-14,C,,,MEASURED
sizing,B7,tt,1.8,27,supply_energy,11,,energy_11_evaluate,8.97821e-14,J,,,MEASURED
sizing,B7,tt,1.8,27,supply_charge,11,,charge_11_precharge,-4.86041e-14,C,,,MEASURED
sizing,B7,tt,1.8,27,supply_energy,11,,energy_11_precharge,8.74873e-14,J,,,MEASURED
sizing,B7,tt,1.8,27,settled_supply_current,11,,supply_11,-1.525824e-09,A,,,MEASURED
sizing,B7,tt,1.8,27,precharge_window,x,DEC0,prewin_0_dec0_min,2.202463e-07,V,-0.18000000000000002,,PASS
sizing,B7,tt,1.8,27,precharge_window,x,DEC0,prewin_0_dec0_max,7.582418e-06,V,,0.18000000000000002,PASS
sizing,B7,tt,1.8,27,precharge_window,x,DEC1,prewin_0_dec1_min,2.005477e-07,V,-0.18000000000000002,,PASS
sizing,B7,tt,1.8,27,precharge_window,x,DEC1,prewin_0_dec1_max,1.215367e-06,V,,0.18000000000000002,PASS
sizing,B7,tt,1.8,27,precharge_window,x,DEC2,prewin_0_dec2_min,1.965739e-07,V,-0.18000000000000002,,PASS
sizing,B7,tt,1.8,27,precharge_window,x,DEC2,prewin_0_dec2_max,1.966815e-07,V,,0.18000000000000002,PASS
sizing,B7,tt,1.8,27,precharge_window,x,DEC3,prewin_0_dec3_min,1.965739e-07,V,-0.18000000000000002,,PASS
sizing,B7,tt,1.8,27,precharge_window,x,DEC3,prewin_0_dec3_max,1.966782e-07,V,,0.18000000000000002,PASS
sizing,B7,tt,1.8,27,precharge_window,x,WL0,prewin_0_wl0_min,2.914772e-07,V,-0.18000000000000002,,PASS
sizing,B7,tt,1.8,27,precharge_window,x,WL0,prewin_0_wl0_max,2.921285e-07,V,,0.18000000000000002,PASS
sizing,B7,tt,1.8,27,precharge_window,x,WL1,prewin_0_wl1_min,2.914772e-07,V,-0.18000000000000002,,PASS
sizing,B7,tt,1.8,27,precharge_window,x,WL1,prewin_0_wl1_max,2.915642e-07,V,,0.18000000000000002,PASS
sizing,B7,tt,1.8,27,precharge_window,x,WL2,prewin_0_wl2_min,2.914772e-07,V,-0.18000000000000002,,PASS
sizing,B7,tt,1.8,27,precharge_window,x,WL2,prewin_0_wl2_max,2.914777e-07,V,,0.18000000000000002,PASS
sizing,B7,tt,1.8,27,precharge_window,x,WL3,prewin_0_wl3_min,2.914772e-07,V,-0.18000000000000002,,PASS
sizing,B7,tt,1.8,27,precharge_window,x,WL3,prewin_0_wl3_max,2.914777e-07,V,,0.18000000000000002,PASS
sizing,B7,tt,1.8,27,internal_precharge,x,N0,prenode_0_n0,1.799425,V,1.62,1.9800000000000002,PASS
sizing,B7,tt,1.8,27,internal_precharge,x,N1,prenode_0_n1,1.799903,V,1.62,1.9800000000000002,PASS
sizing,B7,tt,1.8,27,internal_precharge,x,N2,prenode_0_n2,1.8,V,1.62,1.9800000000000002,PASS
sizing,B7,tt,1.8,27,internal_precharge,x,N3,prenode_0_n3,1.8,V,1.62,1.9800000000000002,PASS
sizing,B7,tt,1.8,27,precharge_window,x,DEC0,prewin_1_dec0_min,-0.0003293589,V,-0.18000000000000002,,PASS
sizing,B7,tt,1.8,27,precharge_window,x,DEC0,prewin_1_dec0_max,0.0001192184,V,,0.18000000000000002,PASS
sizing,B7,tt,1.8,27,precharge_window,x,DEC1,prewin_1_dec1_min,-2.137591e-05,V,-0.18000000000000002,,PASS
sizing,B7,tt,1.8,27,precharge_window,x,DEC1,prewin_1_dec1_max,1.003677e-05,V,,0.18000000000000002,PASS
sizing,B7,tt,1.8,27,precharge_window,x,DEC2,prewin_1_dec2_min,-4.95988e-06,V,-0.18000000000000002,,PASS
sizing,B7,tt,1.8,27,precharge_window,x,DEC2,prewin_1_dec2_max,4.174151e-06,V,,0.18000000000000002,PASS
sizing,B7,tt,1.8,27,precharge_window,x,DEC3,prewin_1_dec3_min,-4.603649e-06,V,-0.18000000000000002,,PASS
sizing,B7,tt,1.8,27,precharge_window,x,DEC3,prewin_1_dec3_max,4.074861e-06,V,,0.18000000000000002,PASS
sizing,B7,tt,1.8,27,precharge_window,x,WL0,prewin_1_wl0_min,-2.693909e-07,V,-0.18000000000000002,,PASS
sizing,B7,tt,1.8,27,precharge_window,x,WL0,prewin_1_wl0_max,1.021737e-06,V,,0.18000000000000002,PASS
sizing,B7,tt,1.8,27,precharge_window,x,WL1,prewin_1_wl1_min,2.591343e-07,V,-0.18000000000000002,,PASS
sizing,B7,tt,1.8,27,precharge_window,x,WL1,prewin_1_wl1_max,3.276471e-07,V,,0.18000000000000002,PASS
sizing,B7,tt,1.8,27,precharge_window,x,WL2,prewin_1_wl2_min,2.644053e-07,V,-0.18000000000000002,,PASS
sizing,B7,tt,1.8,27,precharge_window,x,WL2,prewin_1_wl2_max,3.030471e-07,V,,0.18000000000000002,PASS
sizing,B7,tt,1.8,27,precharge_window,x,WL3,prewin_1_wl3_min,2.669703e-07,V,-0.18000000000000002,,PASS
sizing,B7,tt,1.8,27,precharge_window,x,WL3,prewin_1_wl3_max,3.028392e-07,V,,0.18000000000000002,PASS
sizing,B7,tt,1.8,27,internal_precharge,x,N0,prenode_1_n0,1.79983,V,1.62,1.9800000000000002,PASS
sizing,B7,tt,1.8,27,internal_precharge,x,N1,prenode_1_n1,1.799053,V,1.62,1.9800000000000002,PASS
sizing,B7,tt,1.8,27,internal_precharge,x,N2,prenode_1_n2,1.8,V,1.62,1.9800000000000002,PASS
sizing,B7,tt,1.8,27,internal_precharge,x,N3,prenode_1_n3,1.8,V,1.62,1.9800000000000002,PASS
sizing,B7,tt,1.8,27,precharge_window,x,DEC0,prewin_2_dec0_min,-0.0006911529,V,-0.18000000000000002,,PASS
sizing,B7,tt,1.8,27,precharge_window,x,DEC0,prewin_2_dec0_max,0.00029656,V,,0.18000000000000002,PASS
sizing,B7,tt,1.8,27,precharge_window,x,DEC1,prewin_2_dec1_min,-0.0006982019,V,-0.18000000000000002,,PASS
sizing,B7,tt,1.8,27,precharge_window,x,DEC1,prewin_2_dec1_max,0.0003084687,V,,0.18000000000000002,PASS
sizing,B7,tt,1.8,27,precharge_window,x,DEC2,prewin_2_dec2_min,-0.0004739269,V,-0.18000000000000002,,PASS
sizing,B7,tt,1.8,27,precharge_window,x,DEC2,prewin_2_dec2_max,0.001084787,V,,0.18000000000000002,PASS
sizing,B7,tt,1.8,27,precharge_window,x,DEC3,prewin_2_dec3_min,-0.000454864,V,-0.18000000000000002,,PASS
sizing,B7,tt,1.8,27,precharge_window,x,DEC3,prewin_2_dec3_max,0.001083545,V,,0.18000000000000002,PASS
sizing,B7,tt,1.8,27,precharge_window,x,WL0,prewin_2_wl0_min,-1.211829e-06,V,-0.18000000000000002,,PASS
sizing,B7,tt,1.8,27,precharge_window,x,WL0,prewin_2_wl0_max,1.45497e-06,V,,0.18000000000000002,PASS
sizing,B7,tt,1.8,27,precharge_window,x,WL1,prewin_2_wl1_min,-1.29832e-06,V,-0.18000000000000002,,PASS
sizing,B7,tt,1.8,27,precharge_window,x,WL1,prewin_2_wl1_max,1.508613e-06,V,,0.18000000000000002,PASS
sizing,B7,tt,1.8,27,precharge_window,x,WL2,prewin_2_wl2_min,-3.613193e-06,V,-0.18000000000000002,,PASS
sizing,B7,tt,1.8,27,precharge_window,x,WL2,prewin_2_wl2_max,2.573232e-06,V,,0.18000000000000002,PASS
sizing,B7,tt,1.8,27,precharge_window,x,WL3,prewin_2_wl3_min,-3.69359e-06,V,-0.18000000000000002,,PASS
sizing,B7,tt,1.8,27,precharge_window,x,WL3,prewin_2_wl3_max,2.573092e-06,V,,0.18000000000000002,PASS
sizing,B7,tt,1.8,27,internal_precharge,x,N0,prenode_2_n0,1.8,V,1.62,1.9800000000000002,PASS
sizing,B7,tt,1.8,27,internal_precharge,x,N1,prenode_2_n1,1.8,V,1.62,1.9800000000000002,PASS
sizing,B7,tt,1.8,27,internal_precharge,x,N2,prenode_2_n2,1.799746,V,1.62,1.9800000000000002,PASS
sizing,B7,tt,1.8,27,internal_precharge,x,N3,prenode_2_n3,1.799826,V,1.62,1.9800000000000002,PASS
sizing,B7,tt,1.8,27,precharge_window,x,DEC0,prewin_3_dec0_min,-4.110302e-06,V,-0.18000000000000002,,PASS
sizing,B7,tt,1.8,27,precharge_window,x,DEC0,prewin_3_dec0_max,5.46561e-06,V,,0.18000000000000002,PASS
sizing,B7,tt,1.8,27,precharge_window,x,DEC1,prewin_3_dec1_min,-4.126538e-06,V,-0.18000000000000002,,PASS
sizing,B7,tt,1.8,27,precharge_window,x,DEC1,prewin_3_dec1_max,5.468895e-06,V,,0.18000000000000002,PASS
sizing,B7,tt,1.8,27,precharge_window,x,DEC2,prewin_3_dec2_min,-0.000343239,V,-0.18000000000000002,,PASS
sizing,B7,tt,1.8,27,precharge_window,x,DEC2,prewin_3_dec2_max,0.0001139767,V,,0.18000000000000002,PASS
sizing,B7,tt,1.8,27,precharge_window,x,DEC3,prewin_3_dec3_min,-9.814297e-06,V,-0.18000000000000002,,PASS
sizing,B7,tt,1.8,27,precharge_window,x,DEC3,prewin_3_dec3_max,4.691642e-06,V,,0.18000000000000002,PASS
sizing,B7,tt,1.8,27,precharge_window,x,WL0,prewin_3_wl0_min,2.671438e-07,V,-0.18000000000000002,,PASS
sizing,B7,tt,1.8,27,precharge_window,x,WL0,prewin_3_wl0_max,3.085761e-07,V,,0.18000000000000002,PASS
sizing,B7,tt,1.8,27,precharge_window,x,WL1,prewin_3_wl1_min,2.670638e-07,V,-0.18000000000000002,,PASS
sizing,B7,tt,1.8,27,precharge_window,x,WL1,prewin_3_wl1_max,3.084718e-07,V,,0.18000000000000002,PASS
sizing,B7,tt,1.8,27,precharge_window,x,WL2,prewin_3_wl2_min,-3.15226e-07,V,-0.18000000000000002,,PASS
sizing,B7,tt,1.8,27,precharge_window,x,WL2,prewin_3_wl2_max,1.079795e-06,V,,0.18000000000000002,PASS
sizing,B7,tt,1.8,27,precharge_window,x,WL3,prewin_3_wl3_min,2.528924e-07,V,-0.18000000000000002,,PASS
sizing,B7,tt,1.8,27,precharge_window,x,WL3,prewin_3_wl3_max,3.187172e-07,V,,0.18000000000000002,PASS
sizing,B7,tt,1.8,27,internal_precharge,x,N0,prenode_3_n0,1.8,V,1.62,1.9800000000000002,PASS
sizing,B7,tt,1.8,27,internal_precharge,x,N1,prenode_3_n1,1.8,V,1.62,1.9800000000000002,PASS
sizing,B7,tt,1.8,27,internal_precharge,x,N2,prenode_3_n2,1.79983,V,1.62,1.9800000000000002,PASS
sizing,B7,tt,1.8,27,internal_precharge,x,N3,prenode_3_n3,1.800002,V,1.62,1.9800000000000002,PASS
sizing,B7,tt,1.8,27,precharge_window,x,DEC0,prewin_4_dec0_min,-7.037373e-05,V,-0.18000000000000002,,PASS
sizing,B7,tt,1.8,27,precharge_window,x,DEC0,prewin_4_dec0_max,0.0003039436,V,,0.18000000000000002,PASS
sizing,B7,tt,1.8,27,precharge_window,x,DEC1,prewin_4_dec1_min,-6.819884e-05,V,-0.18000000000000002,,PASS
sizing,B7,tt,1.8,27,precharge_window,x,DEC1,prewin_4_dec1_max,0.0003039334,V,,0.18000000000000002,PASS
sizing,B7,tt,1.8,27,precharge_window,x,DEC2,prewin_4_dec2_min,-0.0008568846,V,-0.18000000000000002,,PASS
sizing,B7,tt,1.8,27,precharge_window,x,DEC2,prewin_4_dec2_max,0.0005871574,V,,0.18000000000000002,PASS
sizing,B7,tt,1.8,27,precharge_window,x,DEC3,prewin_4_dec3_min,-0.0008307699,V,-0.18000000000000002,,PASS
sizing,B7,tt,1.8,27,precharge_window,x,DEC3,prewin_4_dec3_max,0.00060883,V,,0.18000000000000002,PASS
sizing,B7,tt,1.8,27,precharge_window,x,WL0,prewin_4_wl0_min,-1.838051e-07,V,-0.18000000000000002,,PASS
sizing,B7,tt,1.8,27,precharge_window,x,WL0,prewin_4_wl0_max,1.027371e-06,V,,0.18000000000000002,PASS
sizing,B7,tt,1.8,27,precharge_window,x,WL1,prewin_4_wl1_min,-1.838072e-07,V,-0.18000000000000002,,PASS
sizing,B7,tt,1.8,27,precharge_window,x,WL1,prewin_4_wl1_max,1.027362e-06,V,,0.18000000000000002,PASS
sizing,B7,tt,1.8,27,precharge_window,x,WL2,prewin_4_wl2_min,-1.093173e-06,V,-0.18000000000000002,,PASS
sizing,B7,tt,1.8,27,precharge_window,x,WL2,prewin_4_wl2_max,4.395572e-06,V,,0.18000000000000002,PASS
sizing,B7,tt,1.8,27,precharge_window,x,WL3,prewin_4_wl3_min,-1.081123e-06,V,-0.18000000000000002,,PASS
sizing,B7,tt,1.8,27,precharge_window,x,WL3,prewin_4_wl3_max,4.348523e-06,V,,0.18000000000000002,PASS
sizing,B7,tt,1.8,27,internal_precharge,x,N0,prenode_4_n0,1.799963,V,1.62,1.9800000000000002,PASS
sizing,B7,tt,1.8,27,internal_precharge,x,N1,prenode_4_n1,1.799811,V,1.62,1.9800000000000002,PASS
sizing,B7,tt,1.8,27,internal_precharge,x,N2,prenode_4_n2,1.8,V,1.62,1.9800000000000002,PASS
sizing,B7,tt,1.8,27,internal_precharge,x,N3,prenode_4_n3,1.8,V,1.62,1.9800000000000002,PASS
sizing,B7,tt,1.8,27,address_nmos_vds_upper,x,M2,vds_peak_m2,1.899833,V,,1.95,PASS
sizing,B7,tt,1.8,27,address_nmos_vds_upper,x,M4,vds_peak_m4,1.85548,V,,1.95,PASS
sizing,B7,tt,1.8,27,address_nmos_vds_upper,x,M27,vds_peak_m27,1.859933,V,,1.95,PASS
sizing,B7,tt,1.8,27,address_nmos_vds_upper,x,M29,vds_peak_m29,1.856678,V,,1.95,PASS
sizing,B7,tt,1.8,27,full_dynamic_node_vgs_upper,x,M10,vgs_full_peak_m10,1.86997,V,,1.95,PASS
sizing,B7,tt,1.8,27,full_dynamic_node_vgs_upper,x,M15,vgs_full_peak_m15,1.869972,V,,1.95,PASS
sizing,B7,tt,1.8,27,full_dynamic_node_vgs_upper,x,M20,vgs_full_peak_m20,1.869986,V,,1.95,PASS
sizing,B7,tt,1.8,27,full_dynamic_node_vgs_upper,x,M25,vgs_full_peak_m25,1.869988,V,,1.95,PASS
