case,control_vector_csb_oeb_web,check,value,unit,minimum,maximum,result,phase,output,metric,low,high,settling_allowance_only
fast_ctl010_a0_to_0_p2100,010,access_precharge_release_before_pclk_ps,168.23032365713146,ps,0,,PASS,,,,,,
fast_ctl010_a0_to_0_p2100,010,access_precharge_reassert_after_pclk_fall_ps,1694.4582355946263,ps,0,,PASS,,,,,,
fast_ctl010_a0_to_0_p2100,010,access_PRECH_high_at_PCLK_rise_v,1.6444392026404397,V,1.62,,PASS,,,,,,
fast_ctl010_a0_to_0_p2100,010,access_selected_WL_off_before_PRECH_conduction_ps,637.9872079084469,ps,0,,PASS,,,,,,
fast_ctl010_a0_to_0_p2100,010,access_WL0_max_while_PRECH_active_v,0.0030181813399578553,V,,0.18000000000000002,PASS,,,,,,
fast_ctl010_a0_to_0_p2100,010,access_WL1_max_while_PRECH_active_v,0.0001512388939051346,V,,0.18000000000000002,PASS,,,,,,
fast_ctl010_a0_to_0_p2100,010,access_WL2_max_while_PRECH_active_v,0.00015123887986764575,V,,0.18000000000000002,PASS,,,,,,
fast_ctl010_a0_to_0_p2100,010,access_WL3_max_while_PRECH_active_v,0.0001512389648575582,V,,0.18000000000000002,PASS,,,,,,
fast_ctl010_a0_to_0_p2100,010,access_BL0_precharged_before_eval_v,1.8081394505870678,V,1.62,,PASS,,,,,,
fast_ctl010_a0_to_0_p2100,010,access_BLB0_precharged_before_eval_v,1.8075948234868442,V,1.62,,PASS,,,,,,
fast_ctl010_a0_to_0_p2100,010,access_BL1_precharged_before_eval_v,1.8081394505870532,V,1.62,,PASS,,,,,,
fast_ctl010_a0_to_0_p2100,010,access_BLB1_precharged_before_eval_v,1.8075948234868457,V,1.62,,PASS,,,,,,
fast_ctl010_a0_to_0_p2100,010,access_BL2_precharged_before_eval_v,1.8081394505870603,V,1.62,,PASS,,,,,,
fast_ctl010_a0_to_0_p2100,010,access_BLB2_precharged_before_eval_v,1.8075948234868366,V,1.62,,PASS,,,,,,
fast_ctl010_a0_to_0_p2100,010,access_BL3_precharged_before_eval_v,1.808139450587042,V,1.62,,PASS,,,,,,
fast_ctl010_a0_to_0_p2100,010,access_BLB3_precharged_before_eval_v,1.8075948234868384,V,1.62,,PASS,,,,,,
fast_ctl010_a0_to_0_p2100,010,access_BL4_precharged_before_eval_v,1.8081394505870634,V,1.62,,PASS,,,,,,
fast_ctl010_a0_to_0_p2100,010,access_BLB4_precharged_before_eval_v,1.8075948234868442,V,1.62,,PASS,,,,,,
fast_ctl010_a0_to_0_p2100,010,access_BL5_precharged_before_eval_v,1.8081394505870572,V,1.62,,PASS,,,,,,
fast_ctl010_a0_to_0_p2100,010,access_BLB5_precharged_before_eval_v,1.8075948234868555,V,1.62,,PASS,,,,,,
fast_ctl010_a0_to_0_p2100,010,access_BL6_precharged_before_eval_v,1.8081394505870636,V,1.62,,PASS,,,,,,
fast_ctl010_a0_to_0_p2100,010,access_BLB6_precharged_before_eval_v,1.8075948234868482,V,1.62,,PASS,,,,,,
fast_ctl010_a0_to_0_p2100,010,access_BL7_precharged_before_eval_v,1.8081394505870556,V,1.62,,PASS,,,,,,
fast_ctl010_a0_to_0_p2100,010,access_BLB7_precharged_before_eval_v,1.807594823486845,V,1.62,,PASS,,,,,,
fast_ctl010_a0_to_0_p2100,010,final_BL0_precharged_v,1.7999506266941756,V,1.62,,PASS,,,,,,
fast_ctl010_a0_to_0_p2100,010,final_BLB0_precharged_v,1.7999505869929446,V,1.62,,PASS,,,,,,
fast_ctl010_a0_to_0_p2100,010,final_BL1_precharged_v,1.7999506266941747,V,1.62,,PASS,,,,,,
fast_ctl010_a0_to_0_p2100,010,final_BLB1_precharged_v,1.799950586992945,V,1.62,,PASS,,,,,,
fast_ctl010_a0_to_0_p2100,010,final_BL2_precharged_v,1.7999506266941554,V,1.62,,PASS,,,,,,
fast_ctl010_a0_to_0_p2100,010,final_BLB2_precharged_v,1.7999505869929422,V,1.62,,PASS,,,,,,
fast_ctl010_a0_to_0_p2100,010,final_BL3_precharged_v,1.7999506266941627,V,1.62,,PASS,,,,,,
fast_ctl010_a0_to_0_p2100,010,final_BLB3_precharged_v,1.7999505869929386,V,1.62,,PASS,,,,,,
fast_ctl010_a0_to_0_p2100,010,final_BL4_precharged_v,1.7999506266941845,V,1.62,,PASS,,,,,,
fast_ctl010_a0_to_0_p2100,010,final_BLB4_precharged_v,1.7999505869929453,V,1.62,,PASS,,,,,,
fast_ctl010_a0_to_0_p2100,010,final_BL5_precharged_v,1.7999506266941834,V,1.62,,PASS,,,,,,
fast_ctl010_a0_to_0_p2100,010,final_BLB5_precharged_v,1.7999505869929422,V,1.62,,PASS,,,,,,
fast_ctl010_a0_to_0_p2100,010,final_BL6_precharged_v,1.7999506266941838,V,1.62,,PASS,,,,,,
fast_ctl010_a0_to_0_p2100,010,final_BLB6_precharged_v,1.7999505869929429,V,1.62,,PASS,,,,,,
fast_ctl010_a0_to_0_p2100,010,final_BL7_precharged_v,1.799950626694187,V,1.62,,PASS,,,,,,
fast_ctl010_a0_to_0_p2100,010,final_BLB7_precharged_v,1.7999505869929462,V,1.62,,PASS,,,,,,
fast_ctl010_a0_to_0_p2100,,,1.800253840150509,,,,PASS,test,DEC0,upper_excursion_v,,1.9800000000000002,False
fast_ctl010_a0_to_0_p2100,,,-0.017257634322619557,,,,PASS,test,DEC0,lower_excursion_v,-0.18000000000000002,,False
fast_ctl010_a0_to_0_p2100,,,1.798718974942339,,,,PASS,test,DEC0,end_level_v,1.62,1.9800000000000002,False
fast_ctl010_a0_to_0_p2100,,,1.798718974942339,,,,PASS,test,DEC0,settled_min_v,1.62,,False
fast_ctl010_a0_to_0_p2100,,,0.0029373271993630872,,,,PASS,test,DEC1,upper_excursion_v,,1.9800000000000002,False
fast_ctl010_a0_to_0_p2100,,,-0.0008572498917502842,,,,PASS,test,DEC1,lower_excursion_v,-0.18000000000000002,,False
fast_ctl010_a0_to_0_p2100,,,-0.0008572498917502842,,,,PASS,test,DEC1,end_level_v,-0.18000000000000002,0.18000000000000002,False
fast_ctl010_a0_to_0_p2100,,,0.0029373271993630872,,,,PASS,test,DEC1,unselected_max_v,,0.18000000000000002,False
fast_ctl010_a0_to_0_p2100,,,0.0029511182555849074,,,,PASS,test,DEC2,upper_excursion_v,,1.9800000000000002,False
fast_ctl010_a0_to_0_p2100,,,-0.0008198941590473488,,,,PASS,test,DEC2,lower_excursion_v,-0.18000000000000002,,False
fast_ctl010_a0_to_0_p2100,,,-0.0008198941590473488,,,,PASS,test,DEC2,end_level_v,-0.18000000000000002,0.18000000000000002,False
fast_ctl010_a0_to_0_p2100,,,0.0029511182555849074,,,,PASS,test,DEC2,unselected_max_v,,0.18000000000000002,False
fast_ctl010_a0_to_0_p2100,,,0.0032962175554267117,,,,PASS,test,DEC3,upper_excursion_v,,1.9800000000000002,False
fast_ctl010_a0_to_0_p2100,,,-0.00043300574767548596,,,,PASS,test,DEC3,lower_excursion_v,-0.18000000000000002,,False
fast_ctl010_a0_to_0_p2100,,,-0.00043300574767548596,,,,PASS,test,DEC3,end_level_v,-0.18000000000000002,0.18000000000000002,False
fast_ctl010_a0_to_0_p2100,,,0.0032962175554267117,,,,PASS,test,DEC3,unselected_max_v,,0.18000000000000002,False
fast_ctl010_a0_to_0_p2100,,,1.798930271304214,,,,PASS,test,WL0,upper_excursion_v,,1.9800000000000002,False
fast_ctl010_a0_to_0_p2100,,,-0.0013557895992493939,,,,PASS,test,WL0,lower_excursion_v,-0.18000000000000002,,False
fast_ctl010_a0_to_0_p2100,,,1.798930271304214,,,,PASS,test,WL0,end_level_v,1.62,1.9800000000000002,False
fast_ctl010_a0_to_0_p2100,,,1.7900140128999855,,,,PASS,test,WL0,settled_min_v,1.62,,False
fast_ctl010_a0_to_0_p2100,,,0.00015378393393218373,,,,PASS,test,WL1,upper_excursion_v,,1.9800000000000002,False
fast_ctl010_a0_to_0_p2100,,,0.00014938822743355812,,,,PASS,test,WL1,lower_excursion_v,-0.18000000000000002,,False
fast_ctl010_a0_to_0_p2100,,,0.00014938822743355812,,,,PASS,test,WL1,end_level_v,-0.18000000000000002,0.18000000000000002,False
fast_ctl010_a0_to_0_p2100,,,0.00015378393393218373,,,,PASS,test,WL1,unselected_max_v,,0.18000000000000002,False
fast_ctl010_a0_to_0_p2100,,,0.00015357382690043064,,,,PASS,test,WL2,upper_excursion_v,,1.9800000000000002,False
fast_ctl010_a0_to_0_p2100,,,0.00014945471879043595,,,,PASS,test,WL2,lower_excursion_v,-0.18000000000000002,,False
fast_ctl010_a0_to_0_p2100,,,0.00014945471879043595,,,,PASS,test,WL2,end_level_v,-0.18000000000000002,0.18000000000000002,False
fast_ctl010_a0_to_0_p2100,,,0.00015357382690043064,,,,PASS,test,WL2,unselected_max_v,,0.18000000000000002,False
fast_ctl010_a0_to_0_p2100,,,0.00015449515609696136,,,,PASS,test,WL3,upper_excursion_v,,1.9800000000000002,False
fast_ctl010_a0_to_0_p2100,,,0.00014950977310923538,,,,PASS,test,WL3,lower_excursion_v,-0.18000000000000002,,False
fast_ctl010_a0_to_0_p2100,,,0.00015019341761342422,,,,PASS,test,WL3,end_level_v,-0.18000000000000002,0.18000000000000002,False
fast_ctl010_a0_to_0_p2100,,,0.00015449515609696136,,,,PASS,test,WL3,unselected_max_v,,0.18000000000000002,False
fast_ctl010_a0_to_0_p2100,,,0.0007946442507673871,,,,PASS,recovery,DEC0,end_level_v,-0.18000000000000002,0.18000000000000002,False
fast_ctl010_a0_to_0_p2100,,,0.0007946442507673871,,,,PASS,recovery,DEC0,settled_max_v,,0.18000000000000002,False
fast_ctl010_a0_to_0_p2100,,,0.0008704316943031665,,,,PASS,recovery,DEC1,end_level_v,-0.18000000000000002,0.18000000000000002,False
fast_ctl010_a0_to_0_p2100,,,0.0008704316943031665,,,,PASS,recovery,DEC1,settled_max_v,,0.18000000000000002,False
fast_ctl010_a0_to_0_p2100,,,0.0008475558596822245,,,,PASS,recovery,DEC2,end_level_v,-0.18000000000000002,0.18000000000000002,False
fast_ctl010_a0_to_0_p2100,,,0.0008475558596822245,,,,PASS,recovery,DEC2,settled_max_v,,0.18000000000000002,False
fast_ctl010_a0_to_0_p2100,,,0.0006459007087834195,,,,PASS,recovery,DEC3,end_level_v,-0.18000000000000002,0.18000000000000002,False
fast_ctl010_a0_to_0_p2100,,,0.0006459007087834195,,,,PASS,recovery,DEC3,settled_max_v,,0.18000000000000002,False
fast_ctl010_a0_to_0_p2100,,,0.00015216985207278577,,,,PASS,recovery,WL0,end_level_v,-0.18000000000000002,0.18000000000000002,False
fast_ctl010_a0_to_0_p2100,,,0.00015216985207278577,,,,PASS,recovery,WL0,settled_max_v,,0.18000000000000002,False
fast_ctl010_a0_to_0_p2100,,,0.0001522914510471897,,,,PASS,recovery,WL1,end_level_v,-0.18000000000000002,0.18000000000000002,False
fast_ctl010_a0_to_0_p2100,,,0.0001522914510471897,,,,PASS,recovery,WL1,settled_max_v,,0.18000000000000002,False
fast_ctl010_a0_to_0_p2100,,,0.00015224883850186458,,,,PASS,recovery,WL2,end_level_v,-0.18000000000000002,0.18000000000000002,False
fast_ctl010_a0_to_0_p2100,,,0.00015224883850186458,,,,PASS,recovery,WL2,settled_max_v,,0.18000000000000002,False
fast_ctl010_a0_to_0_p2100,,,0.00015191301281066753,,,,PASS,recovery,WL3,end_level_v,-0.18000000000000002,0.18000000000000002,False
fast_ctl010_a0_to_0_p2100,,,0.00015191301281066753,,,,PASS,recovery,WL3,settled_max_v,,0.18000000000000002,False
fast_ctl010_a0_to_0_p2100,,,1.8049306955119042,,,,PASS,recovery,N0,end_level_v,1.62,1.9800000000000002,False
fast_ctl010_a0_to_0_p2100,,,1.8053645037338324,,,,PASS,recovery,N1,end_level_v,1.62,1.9800000000000002,False
fast_ctl010_a0_to_0_p2100,,,1.8055279135480655,,,,PASS,recovery,N2,end_level_v,1.62,1.9800000000000002,False
fast_ctl010_a0_to_0_p2100,,,1.8049272737411182,,,,PASS,recovery,N3,end_level_v,1.62,1.9800000000000002,False
fast_ctl010_a0_to_0_p2100,,,0.00023575420588799743,,,,PASS,final_precharge,DEC0,settled_max_v,,0.18000000000000002,False
fast_ctl010_a0_to_0_p2100,,,0.0002323738617510951,,,,PASS,final_precharge,DEC0,settled_min_v,-0.18000000000000002,,False
fast_ctl010_a0_to_0_p2100,,,0.00023289208168978022,,,,PASS,final_precharge,DEC1,settled_max_v,,0.18000000000000002,False
fast_ctl010_a0_to_0_p2100,,,0.00023203566320436188,,,,PASS,final_precharge,DEC1,settled_min_v,-0.18000000000000002,,False
fast_ctl010_a0_to_0_p2100,,,0.0002355848940138738,,,,PASS,final_precharge,DEC2,settled_max_v,,0.18000000000000002,False
fast_ctl010_a0_to_0_p2100,,,0.00023468884742199882,,,,PASS,final_precharge,DEC2,settled_min_v,-0.18000000000000002,,False
fast_ctl010_a0_to_0_p2100,,,0.00023597893631300122,,,,PASS,final_precharge,DEC3,settled_max_v,,0.18000000000000002,False
fast_ctl010_a0_to_0_p2100,,,0.00023529805984813995,,,,PASS,final_precharge,DEC3,settled_min_v,-0.18000000000000002,,False
fast_ctl010_a0_to_0_p2100,,,0.00015131135688457986,,,,PASS,final_precharge,WL0,settled_max_v,,0.18000000000000002,False
fast_ctl010_a0_to_0_p2100,,,0.0001512388875947334,,,,PASS,final_precharge,WL0,settled_min_v,-0.18000000000000002,,False
fast_ctl010_a0_to_0_p2100,,,0.0001512391678347655,,,,PASS,final_precharge,WL1,settled_max_v,,0.18000000000000002,False
fast_ctl010_a0_to_0_p2100,,,0.00015123903792719427,,,,PASS,final_precharge,WL1,settled_min_v,-0.18000000000000002,,False
fast_ctl010_a0_to_0_p2100,,,0.00015123916399840815,,,,PASS,final_precharge,WL2,settled_max_v,,0.18000000000000002,False
fast_ctl010_a0_to_0_p2100,,,0.0001512390284082537,,,,PASS,final_precharge,WL2,settled_min_v,-0.18000000000000002,,False
fast_ctl010_a0_to_0_p2100,,,0.0001512391854500966,,,,PASS,final_precharge,WL3,settled_max_v,,0.18000000000000002,False
fast_ctl010_a0_to_0_p2100,,,0.0001512390810356397,,,,PASS,final_precharge,WL3,settled_min_v,-0.18000000000000002,,False
fast_ctl010_a0_to_0_p2100,,,1.7987936489450072,,,,PASS,final_precharge,N0,end_level_v,1.62,1.9800000000000002,False
fast_ctl010_a0_to_0_p2100,,,1.799962400516221,,,,PASS,final_precharge,N1,end_level_v,1.62,1.9800000000000002,False
fast_ctl010_a0_to_0_p2100,,,1.7999966369051588,,,,PASS,final_precharge,N2,end_level_v,1.62,1.9800000000000002,False
fast_ctl010_a0_to_0_p2100,,,1.7999837506356717,,,,PASS,final_precharge,N3,end_level_v,1.62,1.9800000000000002,False
fast_ctl010_a0_to_0_p2100,,,1.8049306955119042,,,,PASS,pex_recovery,N0.N0.t3,dynamic_segment_level_v,1.62,1.9800000000000002,False
fast_ctl010_a0_to_0_p2100,,,1.7987936489450072,,,,PASS,pex_final_precharge,N0.N0.t3,dynamic_segment_level_v,1.62,1.9800000000000002,False
fast_ctl010_a0_to_0_p2100,,,1.804950829029335,,,,PASS,pex_recovery,N0.N0.t2,dynamic_segment_level_v,1.62,1.9800000000000002,False
fast_ctl010_a0_to_0_p2100,,,1.7987936714124495,,,,PASS,pex_final_precharge,N0.N0.t2,dynamic_segment_level_v,1.62,1.9800000000000002,False
fast_ctl010_a0_to_0_p2100,,,1.8051573868087096,,,,PASS,pex_recovery,N0.N0.n1,dynamic_segment_level_v,1.62,1.9800000000000002,False
fast_ctl010_a0_to_0_p2100,,,1.7987939301408213,,,,PASS,pex_final_precharge,N0.N0.n1,dynamic_segment_level_v,1.62,1.9800000000000002,False
fast_ctl010_a0_to_0_p2100,,,1.8058182559139782,,,,PASS,pex_recovery,N0.N0.t1,dynamic_segment_level_v,1.62,1.9800000000000002,False
fast_ctl010_a0_to_0_p2100,,,1.7988847661515994,,,,PASS,pex_final_precharge,N0.N0.t1,dynamic_segment_level_v,1.62,1.9800000000000002,False
fast_ctl010_a0_to_0_p2100,,,1.8051405382462853,,,,PASS,pex_recovery,N0.N0.t0,dynamic_segment_level_v,1.62,1.9800000000000002,False
fast_ctl010_a0_to_0_p2100,,,1.7987736241186019,,,,PASS,pex_final_precharge,N0.N0.t0,dynamic_segment_level_v,1.62,1.9800000000000002,False
fast_ctl010_a0_to_0_p2100,,,1.8049306955119042,,,,PASS,pex_recovery,N0.N0,dynamic_segment_level_v,1.62,1.9800000000000002,False
fast_ctl010_a0_to_0_p2100,,,1.7987936489450072,,,,PASS,pex_final_precharge,N0.N0,dynamic_segment_level_v,1.62,1.9800000000000002,False
fast_ctl010_a0_to_0_p2100,,,1.8051415554284094,,,,PASS,pex_recovery,N0.N0.n0,dynamic_segment_level_v,1.62,1.9800000000000002,False
fast_ctl010_a0_to_0_p2100,,,1.798793921749901,,,,PASS,pex_final_precharge,N0.N0.n0,dynamic_segment_level_v,1.62,1.9800000000000002,False
fast_ctl010_a0_to_0_p2100,,,1.805596821489347,,,,PASS,pex_recovery,N1.N1.n1,dynamic_segment_level_v,1.62,1.9800000000000002,False
fast_ctl010_a0_to_0_p2100,,,1.7999623880096396,,,,PASS,pex_final_precharge,N1.N1.n1,dynamic_segment_level_v,1.62,1.9800000000000002,False
fast_ctl010_a0_to_0_p2100,,,1.8055837655305742,,,,PASS,pex_recovery,N1.N1.t0,dynamic_segment_level_v,1.62,1.9800000000000002,False
fast_ctl010_a0_to_0_p2100,,,1.7999618638120145,,,,PASS,pex_final_precharge,N1.N1.t0,dynamic_segment_level_v,1.62,1.9800000000000002,False
fast_ctl010_a0_to_0_p2100,,,1.8053645037338324,,,,PASS,pex_recovery,N1.N1.t3,dynamic_segment_level_v,1.62,1.9800000000000002,False
fast_ctl010_a0_to_0_p2100,,,1.799962400516221,,,,PASS,pex_final_precharge,N1.N1.t3,dynamic_segment_level_v,1.62,1.9800000000000002,False
fast_ctl010_a0_to_0_p2100,,,1.8055812990805373,,,,PASS,pex_recovery,N1.N1.n0,dynamic_segment_level_v,1.62,1.9800000000000002,False
fast_ctl010_a0_to_0_p2100,,,1.7999624005285748,,,,PASS,pex_final_precharge,N1.N1.n0,dynamic_segment_level_v,1.62,1.9800000000000002,False
fast_ctl010_a0_to_0_p2100,,,1.805385329752801,,,,PASS,pex_recovery,N1.N1.t2,dynamic_segment_level_v,1.62,1.9800000000000002,False
fast_ctl010_a0_to_0_p2100,,,1.7999623999698073,,,,PASS,pex_final_precharge,N1.N1.t2,dynamic_segment_level_v,1.62,1.9800000000000002,False
fast_ctl010_a0_to_0_p2100,,,1.80622640360433,,,,PASS,pex_recovery,N1.N1.t1,dynamic_segment_level_v,1.62,1.9800000000000002,False
fast_ctl010_a0_to_0_p2100,,,1.7999642066641024,,,,PASS,pex_final_precharge,N1.N1.t1,dynamic_segment_level_v,1.62,1.9800000000000002,False
fast_ctl010_a0_to_0_p2100,,,1.8053645037338324,,,,PASS,pex_recovery,N1.N1,dynamic_segment_level_v,1.62,1.9800000000000002,False
fast_ctl010_a0_to_0_p2100,,,1.799962400516221,,,,PASS,pex_final_precharge,N1.N1,dynamic_segment_level_v,1.62,1.9800000000000002,False
fast_ctl010_a0_to_0_p2100,,,1.8055476743170276,,,,PASS,pex_recovery,N2.N2.t2,dynamic_segment_level_v,1.62,1.9800000000000002,False
fast_ctl010_a0_to_0_p2100,,,1.7999966360804596,,,,PASS,pex_final_precharge,N2.N2.t2,dynamic_segment_level_v,1.62,1.9800000000000002,False
fast_ctl010_a0_to_0_p2100,,,1.806381635533938,,,,PASS,pex_recovery,N2.N2.t1,dynamic_segment_level_v,1.62,1.9800000000000002,False
fast_ctl010_a0_to_0_p2100,,,1.79999557401618,,,,PASS,pex_final_precharge,N2.N2.t1,dynamic_segment_level_v,1.62,1.9800000000000002,False
fast_ctl010_a0_to_0_p2100,,,1.8057627605067978,,,,PASS,pex_recovery,N2.N2.n1,dynamic_segment_level_v,1.62,1.9800000000000002,False
fast_ctl010_a0_to_0_p2100,,,1.7999966087866133,,,,PASS,pex_final_precharge,N2.N2.n1,dynamic_segment_level_v,1.62,1.9800000000000002,False
fast_ctl010_a0_to_0_p2100,,,1.8055279135480655,,,,PASS,pex_recovery,N2.N2.t3,dynamic_segment_level_v,1.62,1.9800000000000002,False
fast_ctl010_a0_to_0_p2100,,,1.7999966369051588,,,,PASS,pex_final_precharge,N2.N2.t3,dynamic_segment_level_v,1.62,1.9800000000000002,False
fast_ctl010_a0_to_0_p2100,,,1.8057476543065678,,,,PASS,pex_recovery,N2.N2.n0,dynamic_segment_level_v,1.62,1.9800000000000002,False
fast_ctl010_a0_to_0_p2100,,,1.7999966338661377,,,,PASS,pex_final_precharge,N2.N2.n0,dynamic_segment_level_v,1.62,1.9800000000000002,False
fast_ctl010_a0_to_0_p2100,,,1.8057478942294851,,,,PASS,pex_recovery,N2.N2.t0,dynamic_segment_level_v,1.62,1.9800000000000002,False
fast_ctl010_a0_to_0_p2100,,,1.7999966076074871,,,,PASS,pex_final_precharge,N2.N2.t0,dynamic_segment_level_v,1.62,1.9800000000000002,False
fast_ctl010_a0_to_0_p2100,,,1.8055279135480655,,,,PASS,pex_recovery,N2.N2,dynamic_segment_level_v,1.62,1.9800000000000002,False
fast_ctl010_a0_to_0_p2100,,,1.7999966369051588,,,,PASS,pex_final_precharge,N2.N2,dynamic_segment_level_v,1.62,1.9800000000000002,False
fast_ctl010_a0_to_0_p2100,,,1.8049272737411182,,,,PASS,pex_recovery,N3.N3,dynamic_segment_level_v,1.62,1.9800000000000002,False
fast_ctl010_a0_to_0_p2100,,,1.7999837506356717,,,,PASS,pex_final_precharge,N3.N3,dynamic_segment_level_v,1.62,1.9800000000000002,False
fast_ctl010_a0_to_0_p2100,,,1.8051261132048895,,,,PASS,pex_recovery,N3.N3.t0,dynamic_segment_level_v,1.62,1.9800000000000002,False
fast_ctl010_a0_to_0_p2100,,,1.7999837414898363,,,,PASS,pex_final_precharge,N3.N3.t0,dynamic_segment_level_v,1.62,1.9800000000000002,False
fast_ctl010_a0_to_0_p2100,,,1.8049272737411182,,,,PASS,pex_recovery,N3.N3.t3,dynamic_segment_level_v,1.62,1.9800000000000002,False
fast_ctl010_a0_to_0_p2100,,,1.7999837506356717,,,,PASS,pex_final_precharge,N3.N3.t3,dynamic_segment_level_v,1.62,1.9800000000000002,False
fast_ctl010_a0_to_0_p2100,,,1.8058114759173052,,,,PASS,pex_recovery,N3.N3.t1,dynamic_segment_level_v,1.62,1.9800000000000002,False
fast_ctl010_a0_to_0_p2100,,,1.7999835623208575,,,,PASS,pex_final_precharge,N3.N3.t1,dynamic_segment_level_v,1.62,1.9800000000000002,False
fast_ctl010_a0_to_0_p2100,,,1.8051392470823153,,,,PASS,pex_recovery,N3.N3.n1,dynamic_segment_level_v,1.62,1.9800000000000002,False
fast_ctl010_a0_to_0_p2100,,,1.7999837452689031,,,,PASS,pex_final_precharge,N3.N3.n1,dynamic_segment_level_v,1.62,1.9800000000000002,False
fast_ctl010_a0_to_0_p2100,,,1.8049424452638467,,,,PASS,pex_recovery,N3.N3.t2,dynamic_segment_level_v,1.62,1.9800000000000002,False
fast_ctl010_a0_to_0_p2100,,,1.7999837500598155,,,,PASS,pex_final_precharge,N3.N3.t2,dynamic_segment_level_v,1.62,1.9800000000000002,False
fast_ctl010_a0_to_0_p2100,,,1.8051228418985572,,,,PASS,pex_recovery,N3.N3.n0,dynamic_segment_level_v,1.62,1.9800000000000002,False
fast_ctl010_a0_to_0_p2100,,,1.7999837500847937,,,,PASS,pex_final_precharge,N3.N3.n0,dynamic_segment_level_v,1.62,1.9800000000000002,False
