case,profile,corner,vdd_v,temperature_c,old_address,new_address,capture_to_pclk50_ps,capture_to_pclk_target_ps,pclk_phase_error_ps,a0_clk_to_q50_ps,a1_clk_to_q50_ps,latest_q_10_90_settle_ps,q_settle_lead_to_pclk_ps,latest_literal_10_90_settle_ps,literal_settle_lead_to_pclk_ps,pclk_high_phase_ps,dff_load_label,dff_load_ff,dff_liberty,dff_clk_to_q_rise_ps,dff_clk_to_q_fall_ps,dff_q_rise_transition_ps,dff_q_fall_transition_ps,logic_pass,voltage_screen_pass,qualification_pass,timing_contract_pass,required_literal_guard_ps,logic_checks_pass,logic_checks_fail,terminal_magnitude_max_v,terminal_magnitude_device,terminal_magnitude_voltage,wl_delay90_ps,dec_delay90_ps,status,deck_sha256,environment_sha256,ngspice_returncode
slow_nominal_wl102.874fF_a0_to_1_p1800ps_s3.3ns,slow,ss,1.62,-40,0,1,1800.000000000003,1800.0,2.9558577807620168e-12,677.0871149969993,,740.2061959745998,1059.793804025403,1263.6304161899513,536.3695838100515,3900.0,nominal,3.434554,sky130_fd_sc_hd__ss_n40C_1v60.lib,677.0871149968367,584.7625284006137,94.67862146661993,46.86632547159953,True,True,True,True,250.0,160,0,1.6894852515345002,x2.1,VGD,3223.693545275191,335.28109335200367,PASS,c99a435cf6a35a6e23e32dcb2544647132dd7cbcc5a162099158495889489b03,8c6e80309b4bd89546373a0db689d8bb34df07a536e39d00c59c19b9105da951,0
slow_nominal_wl102.874fF_a0_to_2_p1800ps_s3.3ns,slow,ss,1.62,-40,0,2,1799.9999999999995,1800.0,-4.547473508864641e-13,,677.0871149969993,740.2061959745998,1059.7938040253996,1248.1589746070508,551.8410253929488,3900.0,nominal,3.434554,sky130_fd_sc_hd__ss_n40C_1v60.lib,677.0871149968367,584.7625284006137,94.67862146661993,46.86632547159953,True,True,True,True,250.0,160,0,1.6894852515345002,x2.1,VGD,3226.0237227014372,337.6661803600842,PASS,881e1d976f375a4bb86b6866c73772b08c3b29705afe5f961ce483bf78adbabe,8c6e80309b4bd89546373a0db689d8bb34df07a536e39d00c59c19b9105da951,0
slow_nominal_wl102.874fF_a0_to_3_p1800ps_s3.3ns,slow,ss,1.62,-40,0,3,1800.000000000003,1800.0,2.9558577807620168e-12,677.0871149969993,677.0871149969993,740.2061959745998,1059.793804025403,1255.253395063626,544.7466049363769,3900.0,nominal,3.434554,sky130_fd_sc_hd__ss_n40C_1v60.lib,677.0871149968367,584.7625284006137,94.67862146661993,46.86632547159953,True,True,True,True,250.0,160,0,1.6894852515345002,x2.1,VGD,3226.3594433266258,337.8283509963789,PASS,edb41b369990e02b6e86d6f232165ad983b02e6efe7dbe5456d28f1256219422,8c6e80309b4bd89546373a0db689d8bb34df07a536e39d00c59c19b9105da951,0
slow_nominal_wl102.874fF_a1_to_0_p1800ps_s3.3ns,slow,ss,1.62,-40,1,0,1799.9999999999995,1800.0,-4.547473508864641e-13,584.7625284004989,,616.0067453817002,1183.9932546182995,1608.8594381446328,191.14056185536677,3900.0,nominal,3.434554,sky130_fd_sc_hd__ss_n40C_1v60.lib,677.0871149968367,584.7625284006137,94.67862146661993,46.86632547159953,True,True,True,False,250.0,160,0,1.6890678145491038,x3.1,VGD,3229.452053945921,341.0681769251034,PASS,a9311ffaaea69e37c72616af9ff0b4ce31f74b5240462bc3b381fe9a54cd454a,8c6e80309b4bd89546373a0db689d8bb34df07a536e39d00c59c19b9105da951,0
slow_nominal_wl102.874fF_a1_to_2_p1800ps_s3.3ns,slow,ss,1.62,-40,1,2,1800.000000000003,1800.0,2.9558577807620168e-12,584.7625284004989,677.0871149969993,740.2061959745998,1059.793804025403,1603.0497769367128,196.95022306329008,3900.0,nominal,3.434554,sky130_fd_sc_hd__ss_n40C_1v60.lib,677.0871149968367,584.7625284006137,94.67862146661993,46.86632547159953,True,True,True,False,250.0,160,0,1.6890678145491038,x3.1,VGD,3233.420626131024,345.1227902726871,PASS,bd9e0b8a2d8d85c5b718b268356c97f8f4b43d18010256fa8c51609e766bfc36,8c6e80309b4bd89546373a0db689d8bb34df07a536e39d00c59c19b9105da951,0
slow_nominal_wl102.874fF_a1_to_3_p1800ps_s3.3ns,slow,ss,1.62,-40,1,3,1800.000000000003,1800.0,2.9558577807620168e-12,,677.0871149969993,740.2061959745998,1059.793804025403,1248.1900033865734,551.8099966134295,3900.0,nominal,3.434554,sky130_fd_sc_hd__ss_n40C_1v60.lib,677.0871149968367,584.7625284006137,94.67862146661993,46.86632547159953,True,True,True,True,250.0,160,0,1.6894594548660022,x4.1,VGD,3224.4580613893186,335.9205894439495,PASS,9e009e6554aa013e89c22af204f44f7647ed5dc60aba8b233a27aa4ce912ff47,8c6e80309b4bd89546373a0db689d8bb34df07a536e39d00c59c19b9105da951,0
slow_nominal_wl102.874fF_a2_to_0_p1800ps_s3.3ns,slow,ss,1.62,-40,2,0,1800.000000000003,1800.0,2.9558577807620168e-12,,584.7625284004989,616.0067453817002,1183.9932546183027,1540.0995492781892,259.90045072181357,3900.0,nominal,3.434554,sky130_fd_sc_hd__ss_n40C_1v60.lib,677.0871149968367,584.7625284006137,94.67862146661993,46.86632547159953,True,True,True,True,250.0,160,0,1.688942482096125,x5.1,VGD,3227.9679339192116,339.5462541741157,PASS,7f78cf476919e8efa402b06bee2c6f581ba240c011aea7a17037cd7468f8a412,8c6e80309b4bd89546373a0db689d8bb34df07a536e39d00c59c19b9105da951,0
slow_nominal_wl102.874fF_a2_to_1_p1800ps_s3.3ns,slow,ss,1.62,-40,2,1,1799.9999999999995,1800.0,-4.547473508864641e-13,677.0871149969993,584.7625284004989,740.2061959745998,1059.7938040253996,1548.9935569816623,251.0064430183372,3900.0,nominal,3.434554,sky130_fd_sc_hd__ss_n40C_1v60.lib,677.0871149968367,584.7625284006137,94.67862146661993,46.86632547159953,True,True,True,True,250.0,160,0,1.688942482096125,x5.1,VGD,3224.9667722743984,336.56910558895987,PASS,01a4789d5c248e43ae1376be9dcaf9e35546d7531a4abd69711cf23784b43b21,8c6e80309b4bd89546373a0db689d8bb34df07a536e39d00c59c19b9105da951,0
slow_nominal_wl102.874fF_a2_to_3_p1800ps_s3.3ns,slow,ss,1.62,-40,2,3,1799.9999999999995,1800.0,-4.547473508864641e-13,677.0871149969993,,740.2061959745998,1059.7938040253996,1263.6663532155217,536.3336467844779,3900.0,nominal,3.434554,sky130_fd_sc_hd__ss_n40C_1v60.lib,677.0871149968367,584.7625284006137,94.67862146661993,46.86632547159953,True,True,True,True,250.0,160,0,1.6896635144758863,x4.1,VGD,3223.63946677802,335.10120167999906,PASS,6b2442bced6c1473b2a0fadaa38b07bed253666750fd144ecd6a72eccd43f7d9,8c6e80309b4bd89546373a0db689d8bb34df07a536e39d00c59c19b9105da951,0
slow_nominal_wl102.874fF_a3_to_0_p1800ps_s3.3ns,slow,ss,1.62,-40,3,0,1799.9999999999995,1800.0,-4.547473508864641e-13,584.7625284004989,584.7625284004989,616.0067453817002,1183.9932546182995,1602.258744597699,197.74125540230062,3900.0,nominal,3.434554,sky130_fd_sc_hd__ss_n40C_1v60.lib,677.0871149968367,584.7625284006137,94.67862146661993,46.86632547159953,True,True,True,False,250.0,160,0,1.6893977235506923,x4.1,VGD,3231.0457863343167,342.67694267450895,PASS,22b694bdcaac306cac52b04a9027de1c66f200f28d4273e75ff7e9fd3646837b,8c6e80309b4bd89546373a0db689d8bb34df07a536e39d00c59c19b9105da951,0
slow_nominal_wl102.874fF_a3_to_1_p1800ps_s3.3ns,slow,ss,1.62,-40,3,1,1800.000000000003,1800.0,2.9558577807620168e-12,,584.7625284004989,616.0067453817002,1183.9932546183027,1540.0109499025732,259.98905009742964,3900.0,nominal,3.434554,sky130_fd_sc_hd__ss_n40C_1v60.lib,677.0871149968367,584.7625284006137,94.67862146661993,46.86632547159953,True,True,True,True,250.0,160,0,1.6893977235506923,x4.1,VGD,3228.2035551608383,339.80078933476443,PASS,76a234fe57ff73c8ca2a7395b2ec0ad621df8bbda03a0b94b612d96aec6f273e,8c6e80309b4bd89546373a0db689d8bb34df07a536e39d00c59c19b9105da951,0
slow_nominal_wl102.874fF_a3_to_2_p1800ps_s3.3ns,slow,ss,1.62,-40,3,2,1800.000000000003,1800.0,2.9558577807620168e-12,584.7625284004989,,616.0067453817002,1183.9932546183027,1608.8196090263837,191.18039097361932,3900.0,nominal,3.434554,sky130_fd_sc_hd__ss_n40C_1v60.lib,677.0871149968367,584.7625284006137,94.67862146661993,46.86632547159953,True,True,True,False,250.0,160,0,1.6893977235506923,x4.1,VGD,3231.4963240433103,343.18693540432304,PASS,e0e927d99331a8826f9831157d6c84434a5127865b527728d1ff9f4260073086,8c6e80309b4bd89546373a0db689d8bb34df07a536e39d00c59c19b9105da951,0
slow_stress_wl102.874fF_a0_to_1_p1800ps_s3.3ns,slow,ss,1.62,-40,0,1,1799.9999999999995,1800.0,-4.547473508864641e-13,755.618880327001,,887.1459226726022,912.8540773273974,1389.1967536160953,410.80324638390437,3900.0,stress,9.001619,sky130_fd_sc_hd__ss_n40C_1v60.lib,755.618880326986,618.1453058224372,197.29056351817044,79.90182683800938,True,True,True,True,250.0,160,0,1.6894852515345002,x2.1,VGD,3224.096085718838,335.68556655275626,PASS,bae39f7584f90fb9a2c7c024c8a8b45cc4d1387f40b357124241dfba44bfcb93,8c6e80309b4bd89546373a0db689d8bb34df07a536e39d00c59c19b9105da951,0
slow_stress_wl102.874fF_a0_to_2_p1800ps_s3.3ns,slow,ss,1.62,-40,0,2,1799.9999999999995,1800.0,-4.547473508864641e-13,,755.618880327001,887.1459226726022,912.8540773273974,1373.6969376134416,426.303062386558,3900.0,stress,9.001619,sky130_fd_sc_hd__ss_n40C_1v60.lib,755.618880326986,618.1453058224372,197.29056351817044,79.90182683800938,True,True,True,True,250.0,160,0,1.6894852515345002,x2.1,VGD,3226.1317702969013,337.77424132898767,PASS,4cdd64335dcbf675e27bbde74636726a9caab64902e6109d6c042debd302ea73,8c6e80309b4bd89546373a0db689d8bb34df07a536e39d00c59c19b9105da951,0
slow_stress_wl102.874fF_a0_to_3_p1800ps_s3.3ns,slow,ss,1.62,-40,0,3,1800.000000000003,1800.0,2.9558577807620168e-12,755.618880327001,755.618880327001,887.1459226726022,912.8540773274008,1380.7749224923614,419.2250775076416,3900.0,stress,9.001619,sky130_fd_sc_hd__ss_n40C_1v60.lib,755.618880326986,618.1453058224372,197.29056351817044,79.90182683800938,True,True,True,True,250.0,160,0,1.6894852515345002,x2.1,VGD,3225.918246430024,337.38947568965983,PASS,bf808adb02b3dcc74f1a192432ea0303edc425a1600a592c9509ca4987eda1af,8c6e80309b4bd89546373a0db689d8bb34df07a536e39d00c59c19b9105da951,0
slow_stress_wl102.874fF_a1_to_0_p1800ps_s3.3ns,slow,ss,1.62,-40,1,0,1799.9999999999995,1800.0,-4.547473508864641e-13,618.1453058225021,,671.4131903813015,1128.586809618698,1658.2615000674812,141.73849993251852,3900.0,stress,9.001619,sky130_fd_sc_hd__ss_n40C_1v60.lib,755.618880326986,618.1453058224372,197.29056351817044,79.90182683800938,True,True,True,False,250.0,160,0,1.6890678145491038,x3.1,VGD,3231.093411406428,342.7182582022027,PASS,42327d2340ca7402a82832225673d68f9e888b8eda9c7548a3e3db33b52540a2,8c6e80309b4bd89546373a0db689d8bb34df07a536e39d00c59c19b9105da951,0
slow_stress_wl102.874fF_a1_to_2_p1800ps_s3.3ns,slow,ss,1.62,-40,1,2,1800.000000000003,1800.0,2.9558577807620168e-12,618.1453058224988,755.618880327001,887.1459226726022,912.8540773274008,1651.6063223025883,148.39367769741455,3900.0,stress,9.001619,sky130_fd_sc_hd__ss_n40C_1v60.lib,755.618880326986,618.1453058224372,197.29056351817044,79.90182683800938,True,True,True,False,250.0,160,0,1.6890678145491038,x3.1,VGD,3234.037867349601,345.7491835954117,PASS,50861a04dda0422c4e57b13f2dd6a187c1104fce37bbb1f85182a1663f671e5f,8c6e80309b4bd89546373a0db689d8bb34df07a536e39d00c59c19b9105da951,0
slow_stress_wl102.874fF_a1_to_3_p1800ps_s3.3ns,slow,ss,1.62,-40,1,3,1800.000000000003,1800.0,2.9558577807620168e-12,,755.618880327001,887.1459226726022,912.8540773274008,1373.731415086474,426.26858491352885,3900.0,stress,9.001619,sky130_fd_sc_hd__ss_n40C_1v60.lib,755.618880326986,618.1453058224372,197.29056351817044,79.90182683800938,True,True,True,True,250.0,160,0,1.6894876181828264,x4.1,VGD,3224.592887471716,336.0572070324436,PASS,55e2e661118f6090d5e41ab32c00bfd9d1f673442a9708a174f9ec9f3aeecb7c,8c6e80309b4bd89546373a0db689d8bb34df07a536e39d00c59c19b9105da951,0
slow_stress_wl102.874fF_a2_to_0_p1800ps_s3.3ns,slow,ss,1.62,-40,2,0,1799.9999999999995,1800.0,-4.547473508864641e-13,,618.1453058225021,671.4131903813015,1128.586809618698,1589.4244817440874,210.57551825591224,3900.0,stress,9.001619,sky130_fd_sc_hd__ss_n40C_1v60.lib,755.618880326986,618.1453058224372,197.29056351817044,79.90182683800938,True,True,True,False,250.0,160,0,1.688942482096125,x5.1,VGD,3229.142705326765,340.7241188676714,PASS,1fc94a759ab314f5a2343e98fb578feb4581dee0a7cab274cabe9ea76bd58cf4,8c6e80309b4bd89546373a0db689d8bb34df07a536e39d00c59c19b9105da951,0
slow_stress_wl102.874fF_a2_to_1_p1800ps_s3.3ns,slow,ss,1.62,-40,2,1,1800.000000000003,1800.0,2.9558577807620168e-12,755.618880327001,618.1453058224988,887.1459226726022,912.8540773274008,1597.6965359812248,202.30346401877813,3900.0,stress,9.001619,sky130_fd_sc_hd__ss_n40C_1v60.lib,755.618880326986,618.1453058224372,197.29056351817044,79.90182683800938,True,True,True,False,250.0,160,0,1.688942482096125,x5.1,VGD,3226.6902070931897,338.29360328406295,PASS,6d8cc4276bd354ba3e3cfbe5bd127813bc92fdf18d99dc5678490a22568203c7,8c6e80309b4bd89546373a0db689d8bb34df07a536e39d00c59c19b9105da951,0
slow_stress_wl102.874fF_a2_to_3_p1800ps_s3.3ns,slow,ss,1.62,-40,2,3,1800.000000000003,1800.0,2.9558577807620168e-12,755.618880327001,,887.1459226726022,912.8540773274008,1389.2338659448155,410.76613405518736,3900.0,stress,9.001619,sky130_fd_sc_hd__ss_n40C_1v60.lib,755.618880326986,618.1453058224372,197.29056351817044,79.90182683800938,True,True,True,True,250.0,160,0,1.6896980604195246,x4.1,VGD,3224.0544072041016,335.5160912797297,PASS,83040a1313e93b4b01b544f1fb2e2851d96ae4d4c4acaf093aefa6f78365def8,8c6e80309b4bd89546373a0db689d8bb34df07a536e39d00c59c19b9105da951,0
slow_stress_wl102.874fF_a3_to_0_p1800ps_s3.3ns,slow,ss,1.62,-40,3,0,1799.9999999999995,1800.0,-4.547473508864641e-13,618.1453058224988,618.1453058224988,671.4131903813015,1128.586809618698,1651.5060658548712,148.4939341451283,3900.0,stress,9.001619,sky130_fd_sc_hd__ss_n40C_1v60.lib,755.618880326986,618.1453058224372,197.29056351817044,79.90182683800938,True,True,True,False,250.0,160,0,1.6893977235506923,x4.1,VGD,3232.7392603458757,344.386133696038,PASS,c7561e1650990821f38a3457793e26c9b0fa5173ac511d5d3a838fd70cd42e47,8c6e80309b4bd89546373a0db689d8bb34df07a536e39d00c59c19b9105da951,0
slow_stress_wl102.874fF_a3_to_1_p1800ps_s3.3ns,slow,ss,1.62,-40,3,1,1799.9999999999995,1800.0,-4.547473508864641e-13,,618.1453058224988,671.4131903813015,1128.586809618698,1589.3361493082377,210.6638506917618,3900.0,stress,9.001619,sky130_fd_sc_hd__ss_n40C_1v60.lib,755.618880326986,618.1453058224372,197.29056351817044,79.90182683800938,True,True,True,False,250.0,160,0,1.6893977235506923,x4.1,VGD,3229.3640609027,340.9630892032542,PASS,0a1e333d60e1430369808f2a11c86c13ee41d856be9ade63aa2362185bd6189d,8c6e80309b4bd89546373a0db689d8bb34df07a536e39d00c59c19b9105da951,0
slow_stress_wl102.874fF_a3_to_2_p1800ps_s3.3ns,slow,ss,1.62,-40,3,2,1799.9999999999995,1800.0,-4.547473508864641e-13,618.1453058225021,,671.4131903812983,1128.5868096187014,1658.221606349718,141.77839365028143,3900.0,stress,9.001619,sky130_fd_sc_hd__ss_n40C_1v60.lib,755.618880326986,618.1453058224372,197.29056351817044,79.90182683800938,True,True,True,False,250.0,160,0,1.6893977235506923,x4.1,VGD,3233.129814762092,344.82954759178796,PASS,39dbddadb67a1aa2533b6dc36b11cdc2aaa7a73ca879d2a179f5f4f725754638,8c6e80309b4bd89546373a0db689d8bb34df07a536e39d00c59c19b9105da951,0
