case,phase,output,metric,value,low,high,result,settling_allowance_only,row,tap
fast_nominal_row2_a0_to_2_p1950ps,prime,DEC0,upper_excursion_v,1.8002540124132065,,1.9800000000000002,PASS,False,,
fast_nominal_row2_a0_to_2_p1950ps,prime,DEC0,lower_excursion_v,-0.020032970978810002,-0.18000000000000002,,PASS,False,,
fast_nominal_row2_a0_to_2_p1950ps,prime,DEC0,end_level_v,1.799993436719378,1.62,1.9800000000000002,PASS,False,,
fast_nominal_row2_a0_to_2_p1950ps,prime,DEC0,settled_min_v,1.799993436719378,1.62,,PASS,False,,
fast_nominal_row2_a0_to_2_p1950ps,prime,DEC1,upper_excursion_v,0.011242509019541325,,1.9800000000000002,PASS,False,,
fast_nominal_row2_a0_to_2_p1950ps,prime,DEC1,lower_excursion_v,0.0001113638876807328,-0.18000000000000002,,PASS,False,,
fast_nominal_row2_a0_to_2_p1950ps,prime,DEC1,end_level_v,0.00013871926625014426,-0.18000000000000002,0.18000000000000002,PASS,False,,
fast_nominal_row2_a0_to_2_p1950ps,prime,DEC1,unselected_max_v,0.011242509019541325,,0.18000000000000002,PASS,False,,
fast_nominal_row2_a0_to_2_p1950ps,prime,DEC2,upper_excursion_v,0.011069237496958748,,1.9800000000000002,PASS,False,,
fast_nominal_row2_a0_to_2_p1950ps,prime,DEC2,lower_excursion_v,0.00011964688843710761,-0.18000000000000002,,PASS,False,,
fast_nominal_row2_a0_to_2_p1950ps,prime,DEC2,end_level_v,0.00012345502120771168,-0.18000000000000002,0.18000000000000002,PASS,False,,
fast_nominal_row2_a0_to_2_p1950ps,prime,DEC2,unselected_max_v,0.011069237496958748,,0.18000000000000002,PASS,False,,
fast_nominal_row2_a0_to_2_p1950ps,prime,DEC3,upper_excursion_v,0.008457316151138448,,1.9800000000000002,PASS,False,,
fast_nominal_row2_a0_to_2_p1950ps,prime,DEC3,lower_excursion_v,0.00010893707354858635,-0.18000000000000002,,PASS,False,,
fast_nominal_row2_a0_to_2_p1950ps,prime,DEC3,end_level_v,0.00011310053721882009,-0.18000000000000002,0.18000000000000002,PASS,False,,
fast_nominal_row2_a0_to_2_p1950ps,prime,DEC3,unselected_max_v,0.008457316151138448,,0.18000000000000002,PASS,False,,
fast_nominal_row2_a0_to_2_p1950ps,prime,WL0,upper_excursion_v,1.7997085311532015,,1.9800000000000002,PASS,False,,
fast_nominal_row2_a0_to_2_p1950ps,prime,WL0,lower_excursion_v,-0.0013421282199700857,-0.18000000000000002,,PASS,False,,
fast_nominal_row2_a0_to_2_p1950ps,prime,WL0,end_level_v,1.7997085311532015,1.62,1.9800000000000002,PASS,False,,
fast_nominal_row2_a0_to_2_p1950ps,prime,WL0,settled_min_v,1.7905937285669118,1.62,,PASS,False,,
fast_nominal_row2_a0_to_2_p1950ps,prime,WL1,upper_excursion_v,0.00017029554772288703,,1.9800000000000002,PASS,False,,
fast_nominal_row2_a0_to_2_p1950ps,prime,WL1,lower_excursion_v,0.0001495876069143863,-0.18000000000000002,,PASS,False,,
fast_nominal_row2_a0_to_2_p1950ps,prime,WL1,end_level_v,0.00015124043065663516,-0.18000000000000002,0.18000000000000002,PASS,False,,
fast_nominal_row2_a0_to_2_p1950ps,prime,WL1,unselected_max_v,0.00017029554772288703,,0.18000000000000002,PASS,False,,
fast_nominal_row2_a0_to_2_p1950ps,prime,WL2,upper_excursion_v,0.0001699895425546413,,1.9800000000000002,PASS,False,,
fast_nominal_row2_a0_to_2_p1950ps,prime,WL2,lower_excursion_v,0.00014943640918971138,-0.18000000000000002,,PASS,False,,
fast_nominal_row2_a0_to_2_p1950ps,prime,WL2,end_level_v,0.00015123949364603557,-0.18000000000000002,0.18000000000000002,PASS,False,,
fast_nominal_row2_a0_to_2_p1950ps,prime,WL2,unselected_max_v,0.0001699895425546413,,0.18000000000000002,PASS,False,,
fast_nominal_row2_a0_to_2_p1950ps,prime,WL3,upper_excursion_v,0.00016545138089900531,,1.9800000000000002,PASS,False,,
fast_nominal_row2_a0_to_2_p1950ps,prime,WL3,lower_excursion_v,0.00014940094743437127,-0.18000000000000002,,PASS,False,,
fast_nominal_row2_a0_to_2_p1950ps,prime,WL3,end_level_v,0.0001512395124585986,-0.18000000000000002,0.18000000000000002,PASS,False,,
fast_nominal_row2_a0_to_2_p1950ps,prime,WL3,unselected_max_v,0.00016545138089900531,,0.18000000000000002,PASS,False,,
fast_nominal_row2_a0_to_2_p1950ps,test,DEC0,upper_excursion_v,0.009446710356951006,,1.9800000000000002,PASS,False,,
fast_nominal_row2_a0_to_2_p1950ps,test,DEC0,lower_excursion_v,0.00011901107060208974,-0.18000000000000002,,PASS,False,,
fast_nominal_row2_a0_to_2_p1950ps,test,DEC0,end_level_v,0.00012149216242664216,-0.18000000000000002,0.18000000000000002,PASS,False,,
fast_nominal_row2_a0_to_2_p1950ps,test,DEC0,unselected_max_v,0.009446710356951006,,0.18000000000000002,PASS,False,,
fast_nominal_row2_a0_to_2_p1950ps,test,DEC1,upper_excursion_v,0.011099144671091611,,1.9800000000000002,PASS,False,,
fast_nominal_row2_a0_to_2_p1950ps,test,DEC1,lower_excursion_v,0.00010559223168039179,-0.18000000000000002,,PASS,False,,
fast_nominal_row2_a0_to_2_p1950ps,test,DEC1,end_level_v,0.0001085125049368282,-0.18000000000000002,0.18000000000000002,PASS,False,,
fast_nominal_row2_a0_to_2_p1950ps,test,DEC1,unselected_max_v,0.011099144671091611,,0.18000000000000002,PASS,False,,
fast_nominal_row2_a0_to_2_p1950ps,test,DEC2,upper_excursion_v,1.8002585842555798,,1.9800000000000002,PASS,False,,
fast_nominal_row2_a0_to_2_p1950ps,test,DEC2,lower_excursion_v,-0.019173790999450168,-0.18000000000000002,,PASS,False,,
fast_nominal_row2_a0_to_2_p1950ps,test,DEC2,end_level_v,1.7999919980524748,1.62,1.9800000000000002,PASS,False,,
fast_nominal_row2_a0_to_2_p1950ps,test,DEC2,settled_min_v,1.7999919980524748,1.62,,PASS,False,,
fast_nominal_row2_a0_to_2_p1950ps,test,DEC3,upper_excursion_v,0.008451679155958843,,1.9800000000000002,PASS,False,,
fast_nominal_row2_a0_to_2_p1950ps,test,DEC3,lower_excursion_v,0.00011094608364285392,-0.18000000000000002,,PASS,False,,
fast_nominal_row2_a0_to_2_p1950ps,test,DEC3,end_level_v,0.00016373546398558113,-0.18000000000000002,0.18000000000000002,PASS,False,,
fast_nominal_row2_a0_to_2_p1950ps,test,DEC3,unselected_max_v,0.008451679155958843,,0.18000000000000002,PASS,False,,
fast_nominal_row2_a0_to_2_p1950ps,test,WL0,upper_excursion_v,0.0001675539513298333,,1.9800000000000002,PASS,False,,
fast_nominal_row2_a0_to_2_p1950ps,test,WL0,lower_excursion_v,0.00014972908104573176,-0.18000000000000002,,PASS,False,,
fast_nominal_row2_a0_to_2_p1950ps,test,WL0,end_level_v,0.0001512394901999678,-0.18000000000000002,0.18000000000000002,PASS,False,,
fast_nominal_row2_a0_to_2_p1950ps,test,WL0,unselected_max_v,0.0001675539513298333,,0.18000000000000002,PASS,False,,
fast_nominal_row2_a0_to_2_p1950ps,test,WL1,upper_excursion_v,0.0001700758135273358,,1.9800000000000002,PASS,False,,
fast_nominal_row2_a0_to_2_p1950ps,test,WL1,lower_excursion_v,0.00014952206760791774,-0.18000000000000002,,PASS,False,,
fast_nominal_row2_a0_to_2_p1950ps,test,WL1,end_level_v,0.00015123952281521555,-0.18000000000000002,0.18000000000000002,PASS,False,,
fast_nominal_row2_a0_to_2_p1950ps,test,WL1,unselected_max_v,0.0001700758135273358,,0.18000000000000002,PASS,False,,
fast_nominal_row2_a0_to_2_p1950ps,test,WL2,upper_excursion_v,1.7961529580220872,,1.9800000000000002,PASS,False,,
fast_nominal_row2_a0_to_2_p1950ps,test,WL2,lower_excursion_v,-0.0013639457387481285,-0.18000000000000002,,PASS,False,,
fast_nominal_row2_a0_to_2_p1950ps,test,WL2,end_level_v,1.7961529580220872,1.62,1.9800000000000002,PASS,False,,
fast_nominal_row2_a0_to_2_p1950ps,test,WL2,settled_min_v,1.790538292138949,1.62,,PASS,False,,
fast_nominal_row2_a0_to_2_p1950ps,test,WL3,upper_excursion_v,0.00016541914942059082,,1.9800000000000002,PASS,False,,
fast_nominal_row2_a0_to_2_p1950ps,test,WL3,lower_excursion_v,0.00014948947416224405,-0.18000000000000002,,PASS,False,,
fast_nominal_row2_a0_to_2_p1950ps,test,WL3,end_level_v,0.00015124163013481806,-0.18000000000000002,0.18000000000000002,PASS,False,,
fast_nominal_row2_a0_to_2_p1950ps,test,WL3,unselected_max_v,0.00016541914942059082,,0.18000000000000002,PASS,False,,
fast_nominal_row2_a0_to_2_p1950ps,recovery,DEC0,end_level_v,0.00022811929725391163,-0.18000000000000002,0.18000000000000002,PASS,False,,
fast_nominal_row2_a0_to_2_p1950ps,recovery,DEC0,settled_max_v,0.0011814432321776505,,0.18000000000000002,PASS,False,,
fast_nominal_row2_a0_to_2_p1950ps,recovery,DEC1,end_level_v,0.0002313098415865404,-0.18000000000000002,0.18000000000000002,PASS,False,,
fast_nominal_row2_a0_to_2_p1950ps,recovery,DEC1,settled_max_v,0.0012411763720288906,,0.18000000000000002,PASS,False,,
fast_nominal_row2_a0_to_2_p1950ps,recovery,DEC2,end_level_v,0.0002349888027209096,-0.18000000000000002,0.18000000000000002,PASS,False,,
fast_nominal_row2_a0_to_2_p1950ps,recovery,DEC2,settled_max_v,0.001484364305536567,,0.18000000000000002,PASS,False,,
fast_nominal_row2_a0_to_2_p1950ps,recovery,DEC3,end_level_v,0.00023866935219318244,-0.18000000000000002,0.18000000000000002,PASS,False,,
fast_nominal_row2_a0_to_2_p1950ps,recovery,DEC3,settled_max_v,0.0014466479041310343,,0.18000000000000002,PASS,False,,
fast_nominal_row2_a0_to_2_p1950ps,recovery,WL0,end_level_v,0.0001512390008568805,-0.18000000000000002,0.18000000000000002,PASS,False,,
fast_nominal_row2_a0_to_2_p1950ps,recovery,WL0,settled_max_v,0.0001523367593895844,,0.18000000000000002,PASS,False,,
fast_nominal_row2_a0_to_2_p1950ps,recovery,WL1,end_level_v,0.00015123893125035425,-0.18000000000000002,0.18000000000000002,PASS,False,,
fast_nominal_row2_a0_to_2_p1950ps,recovery,WL1,settled_max_v,0.00015237978620906664,,0.18000000000000002,PASS,False,,
fast_nominal_row2_a0_to_2_p1950ps,recovery,WL2,end_level_v,0.00015123920036774738,-0.18000000000000002,0.18000000000000002,PASS,False,,
fast_nominal_row2_a0_to_2_p1950ps,recovery,WL2,settled_max_v,0.0001524148938506665,,0.18000000000000002,PASS,False,,
fast_nominal_row2_a0_to_2_p1950ps,recovery,WL3,end_level_v,0.00015123678607231083,-0.18000000000000002,0.18000000000000002,PASS,False,,
fast_nominal_row2_a0_to_2_p1950ps,recovery,WL3,settled_max_v,0.00015271104041469718,,0.18000000000000002,PASS,False,,
fast_nominal_row2_a0_to_2_p1950ps,recovery,N0,end_level_v,1.8000045709437122,1.62,1.9800000000000002,PASS,False,,
fast_nominal_row2_a0_to_2_p1950ps,recovery,N1,end_level_v,1.7999901220348962,1.62,1.9800000000000002,PASS,False,,
fast_nominal_row2_a0_to_2_p1950ps,recovery,N2,end_level_v,1.799523768409773,1.62,1.9800000000000002,PASS,False,,
fast_nominal_row2_a0_to_2_p1950ps,recovery,N3,end_level_v,1.7990848756902293,1.62,1.9800000000000002,PASS,False,,
fast_nominal_row2_a0_to_2_p1950ps,final_precharge,DEC0,settled_max_v,0.000228941387961433,,0.18000000000000002,PASS,False,,
fast_nominal_row2_a0_to_2_p1950ps,final_precharge,DEC0,settled_min_v,0.0002281393301097601,-0.18000000000000002,,PASS,False,,
fast_nominal_row2_a0_to_2_p1950ps,final_precharge,DEC1,settled_max_v,0.0002322164651310682,,0.18000000000000002,PASS,False,,
fast_nominal_row2_a0_to_2_p1950ps,final_precharge,DEC1,settled_min_v,0.00023129473632815912,-0.18000000000000002,,PASS,False,,
fast_nominal_row2_a0_to_2_p1950ps,final_precharge,DEC2,settled_max_v,0.00024133416069883844,,0.18000000000000002,PASS,False,,
fast_nominal_row2_a0_to_2_p1950ps,final_precharge,DEC2,settled_min_v,0.0002375306960680933,-0.18000000000000002,,PASS,False,,
fast_nominal_row2_a0_to_2_p1950ps,final_precharge,DEC3,settled_max_v,0.000235644368092919,,0.18000000000000002,PASS,False,,
fast_nominal_row2_a0_to_2_p1950ps,final_precharge,DEC3,settled_min_v,0.00023484969036969384,-0.18000000000000002,,PASS,False,,
fast_nominal_row2_a0_to_2_p1950ps,final_precharge,WL0,settled_max_v,0.0001512391807685893,,0.18000000000000002,PASS,False,,
fast_nominal_row2_a0_to_2_p1950ps,final_precharge,WL0,settled_min_v,0.00015123905952950465,-0.18000000000000002,,PASS,False,,
fast_nominal_row2_a0_to_2_p1950ps,final_precharge,WL1,settled_max_v,0.0001512391705388819,,0.18000000000000002,PASS,False,,
fast_nominal_row2_a0_to_2_p1950ps,final_precharge,WL1,settled_min_v,0.00015123902953036096,-0.18000000000000002,,PASS,False,,
fast_nominal_row2_a0_to_2_p1950ps,final_precharge,WL2,settled_max_v,0.00015130341831159813,,0.18000000000000002,PASS,False,,
fast_nominal_row2_a0_to_2_p1950ps,final_precharge,WL2,settled_min_v,0.00015123885197992757,-0.18000000000000002,,PASS,False,,
fast_nominal_row2_a0_to_2_p1950ps,final_precharge,WL3,settled_max_v,0.00015123918130752236,,0.18000000000000002,PASS,False,,
fast_nominal_row2_a0_to_2_p1950ps,final_precharge,WL3,settled_min_v,0.00015123906130652784,-0.18000000000000002,,PASS,False,,
fast_nominal_row2_a0_to_2_p1950ps,final_precharge,N0,end_level_v,1.8000017009528944,1.62,1.9800000000000002,PASS,False,,
fast_nominal_row2_a0_to_2_p1950ps,final_precharge,N1,end_level_v,1.799991572637514,1.62,1.9800000000000002,PASS,False,,
fast_nominal_row2_a0_to_2_p1950ps,final_precharge,N2,end_level_v,1.7988105878398422,1.62,1.9800000000000002,PASS,False,,
fast_nominal_row2_a0_to_2_p1950ps,final_precharge,N3,end_level_v,1.7999179540363066,1.62,1.9800000000000002,PASS,False,,
fast_nominal_row2_a0_to_2_p1950ps,pex_recovery,N0.N0,dynamic_segment_level_v,1.8000045709437122,1.62,1.9800000000000002,PASS,False,,
fast_nominal_row2_a0_to_2_p1950ps,pex_final_precharge,N0.N0,dynamic_segment_level_v,1.8000017009528944,1.62,1.9800000000000002,PASS,False,,
fast_nominal_row2_a0_to_2_p1950ps,pex_recovery,N0.N0.t3,dynamic_segment_level_v,1.8000045709437122,1.62,1.9800000000000002,PASS,False,,
fast_nominal_row2_a0_to_2_p1950ps,pex_final_precharge,N0.N0.t3,dynamic_segment_level_v,1.8000017009528944,1.62,1.9800000000000002,PASS,False,,
fast_nominal_row2_a0_to_2_p1950ps,pex_recovery,N0.N0.n0,dynamic_segment_level_v,1.8000045616491058,1.62,1.9800000000000002,PASS,False,,
fast_nominal_row2_a0_to_2_p1950ps,pex_final_precharge,N0.N0.n0,dynamic_segment_level_v,1.8000016983727445,1.62,1.9800000000000002,PASS,False,,
fast_nominal_row2_a0_to_2_p1950ps,pex_recovery,N0.N0.t2,dynamic_segment_level_v,1.8000045688148272,1.62,1.9800000000000002,PASS,False,,
fast_nominal_row2_a0_to_2_p1950ps,pex_final_precharge,N0.N0.t2,dynamic_segment_level_v,1.800001700084078,1.62,1.9800000000000002,PASS,False,,
fast_nominal_row2_a0_to_2_p1950ps,pex_recovery,N0.N0.n1,dynamic_segment_level_v,1.8000045357075205,1.62,1.9800000000000002,PASS,False,,
fast_nominal_row2_a0_to_2_p1950ps,pex_final_precharge,N0.N0.n1,dynamic_segment_level_v,1.800001677984923,1.62,1.9800000000000002,PASS,False,,
fast_nominal_row2_a0_to_2_p1950ps,pex_recovery,N0.N0.t0,dynamic_segment_level_v,1.8000045346048372,1.62,1.9800000000000002,PASS,False,,
fast_nominal_row2_a0_to_2_p1950ps,pex_final_precharge,N0.N0.t0,dynamic_segment_level_v,1.8000016767301386,1.62,1.9800000000000002,PASS,False,,
fast_nominal_row2_a0_to_2_p1950ps,pex_recovery,N0.N0.t1,dynamic_segment_level_v,1.8000034668726548,1.62,1.9800000000000002,PASS,False,,
fast_nominal_row2_a0_to_2_p1950ps,pex_final_precharge,N0.N0.t1,dynamic_segment_level_v,1.800000838124413,1.62,1.9800000000000002,PASS,False,,
fast_nominal_row2_a0_to_2_p1950ps,pex_recovery,N1.N1.n0,dynamic_segment_level_v,1.7999901216928034,1.62,1.9800000000000002,PASS,False,,
fast_nominal_row2_a0_to_2_p1950ps,pex_final_precharge,N1.N1.n0,dynamic_segment_level_v,1.7999915712625778,1.62,1.9800000000000002,PASS,False,,
fast_nominal_row2_a0_to_2_p1950ps,pex_recovery,N1.N1.t1,dynamic_segment_level_v,1.7999897731112062,1.62,1.9800000000000002,PASS,False,,
fast_nominal_row2_a0_to_2_p1950ps,pex_final_precharge,N1.N1.t1,dynamic_segment_level_v,1.7999911321195334,1.62,1.9800000000000002,PASS,False,,
fast_nominal_row2_a0_to_2_p1950ps,pex_recovery,N1.N1.t2,dynamic_segment_level_v,1.799990120141015,1.62,1.9800000000000002,PASS,False,,
fast_nominal_row2_a0_to_2_p1950ps,pex_final_precharge,N1.N1.t2,dynamic_segment_level_v,1.7999915716384625,1.62,1.9800000000000002,PASS,False,,
fast_nominal_row2_a0_to_2_p1950ps,pex_recovery,N1.N1.t3,dynamic_segment_level_v,1.7999901220348962,1.62,1.9800000000000002,PASS,False,,
fast_nominal_row2_a0_to_2_p1950ps,pex_final_precharge,N1.N1.t3,dynamic_segment_level_v,1.799991572637514,1.62,1.9800000000000002,PASS,False,,
fast_nominal_row2_a0_to_2_p1950ps,pex_recovery,N1.N1,dynamic_segment_level_v,1.7999901220348962,1.62,1.9800000000000002,PASS,False,,
fast_nominal_row2_a0_to_2_p1950ps,pex_final_precharge,N1.N1,dynamic_segment_level_v,1.799991572637514,1.62,1.9800000000000002,PASS,False,,
fast_nominal_row2_a0_to_2_p1950ps,pex_recovery,N1.N1.t0,dynamic_segment_level_v,1.799990111663179,1.62,1.9800000000000002,PASS,False,,
fast_nominal_row2_a0_to_2_p1950ps,pex_final_precharge,N1.N1.t0,dynamic_segment_level_v,1.7999915594633749,1.62,1.9800000000000002,PASS,False,,
fast_nominal_row2_a0_to_2_p1950ps,pex_recovery,N1.N1.n1,dynamic_segment_level_v,1.7999901133230887,1.62,1.9800000000000002,PASS,False,,
fast_nominal_row2_a0_to_2_p1950ps,pex_final_precharge,N1.N1.n1,dynamic_segment_level_v,1.799991560785297,1.62,1.9800000000000002,PASS,False,,
fast_nominal_row2_a0_to_2_p1950ps,pex_recovery,N2.N2.n1,dynamic_segment_level_v,1.7995235858092995,1.62,1.9800000000000002,PASS,False,,
fast_nominal_row2_a0_to_2_p1950ps,pex_final_precharge,N2.N2.n1,dynamic_segment_level_v,1.7988108538410659,1.62,1.9800000000000002,PASS,False,,
fast_nominal_row2_a0_to_2_p1950ps,pex_recovery,N2.N2.t3,dynamic_segment_level_v,1.799523768409773,1.62,1.9800000000000002,PASS,False,,
fast_nominal_row2_a0_to_2_p1950ps,pex_final_precharge,N2.N2.t3,dynamic_segment_level_v,1.7988105878398422,1.62,1.9800000000000002,PASS,False,,
fast_nominal_row2_a0_to_2_p1950ps,pex_recovery,N2.N2.t2,dynamic_segment_level_v,1.799523750545395,1.62,1.9800000000000002,PASS,False,,
fast_nominal_row2_a0_to_2_p1950ps,pex_final_precharge,N2.N2.t2,dynamic_segment_level_v,1.7988106089060587,1.62,1.9800000000000002,PASS,False,,
fast_nominal_row2_a0_to_2_p1950ps,pex_recovery,N2.N2.t1,dynamic_segment_level_v,1.7995584188710763,1.62,1.9800000000000002,PASS,False,,
fast_nominal_row2_a0_to_2_p1950ps,pex_final_precharge,N2.N2.t1,dynamic_segment_level_v,1.79889974835149,1.62,1.9800000000000002,PASS,False,,
fast_nominal_row2_a0_to_2_p1950ps,pex_recovery,N2.N2.t0,dynamic_segment_level_v,1.7995157767604488,1.62,1.9800000000000002,PASS,False,,
fast_nominal_row2_a0_to_2_p1950ps,pex_final_precharge,N2.N2.t0,dynamic_segment_level_v,1.7987909394302584,1.62,1.9800000000000002,PASS,False,,
fast_nominal_row2_a0_to_2_p1950ps,pex_recovery,N2.N2,dynamic_segment_level_v,1.799523768409773,1.62,1.9800000000000002,PASS,False,,
fast_nominal_row2_a0_to_2_p1950ps,pex_final_precharge,N2.N2,dynamic_segment_level_v,1.7988105878398422,1.62,1.9800000000000002,PASS,False,,
fast_nominal_row2_a0_to_2_p1950ps,pex_recovery,N2.N2.n0,dynamic_segment_level_v,1.7995235873751956,1.62,1.9800000000000002,PASS,False,,
fast_nominal_row2_a0_to_2_p1950ps,pex_final_precharge,N2.N2.n0,dynamic_segment_level_v,1.7988108502245865,1.62,1.9800000000000002,PASS,False,,
fast_nominal_row2_a0_to_2_p1950ps,pex_recovery,N3.N3.n1,dynamic_segment_level_v,1.7990856767345664,1.62,1.9800000000000002,PASS,False,,
fast_nominal_row2_a0_to_2_p1950ps,pex_final_precharge,N3.N3.n1,dynamic_segment_level_v,1.7999179500958897,1.62,1.9800000000000002,PASS,False,,
fast_nominal_row2_a0_to_2_p1950ps,pex_recovery,N3.N3.t1,dynamic_segment_level_v,1.7991532908405419,1.62,1.9800000000000002,PASS,False,,
fast_nominal_row2_a0_to_2_p1950ps,pex_final_precharge,N3.N3.t1,dynamic_segment_level_v,1.799922627050102,1.62,1.9800000000000002,PASS,False,,
fast_nominal_row2_a0_to_2_p1950ps,pex_recovery,N3.N3,dynamic_segment_level_v,1.7990848756902293,1.62,1.9800000000000002,PASS,False,,
fast_nominal_row2_a0_to_2_p1950ps,pex_final_precharge,N3.N3,dynamic_segment_level_v,1.7999179540363066,1.62,1.9800000000000002,PASS,False,,
fast_nominal_row2_a0_to_2_p1950ps,pex_recovery,N3.N3.n0,dynamic_segment_level_v,1.7990856535617548,1.62,1.9800000000000002,PASS,False,,
fast_nominal_row2_a0_to_2_p1950ps,pex_final_precharge,N3.N3.n0,dynamic_segment_level_v,1.7999179585173255,1.62,1.9800000000000002,PASS,False,,
fast_nominal_row2_a0_to_2_p1950ps,pex_recovery,N3.N3.t3,dynamic_segment_level_v,1.7990848756902293,1.62,1.9800000000000002,PASS,False,,
fast_nominal_row2_a0_to_2_p1950ps,pex_final_precharge,N3.N3.t3,dynamic_segment_level_v,1.7999179540363066,1.62,1.9800000000000002,PASS,False,,
fast_nominal_row2_a0_to_2_p1950ps,pex_recovery,N3.N3.t2,dynamic_segment_level_v,1.7990849375306563,1.62,1.9800000000000002,PASS,False,,
fast_nominal_row2_a0_to_2_p1950ps,pex_final_precharge,N3.N3.t2,dynamic_segment_level_v,1.7999179534039365,1.62,1.9800000000000002,PASS,False,,
fast_nominal_row2_a0_to_2_p1950ps,pex_recovery,N3.N3.t0,dynamic_segment_level_v,1.799070673851642,1.62,1.9800000000000002,PASS,False,,
fast_nominal_row2_a0_to_2_p1950ps,pex_final_precharge,N3.N3.t0,dynamic_segment_level_v,1.799916822910466,1.62,1.9800000000000002,PASS,False,,
fast_nominal_row2_a0_to_2_p1950ps,prime,,WL90_delay_ps,1835.7414473340136,,3300.0,PASS,,0,0
fast_nominal_row2_a0_to_2_p1950ps,prime,,selected_settled_min_v,1.7906286625549381,1.62,,PASS,,0,0
fast_nominal_row2_a0_to_2_p1950ps,prime,,selected_peak_v,1.7997081140988733,,1.9800000000000002,PASS,,0,0
fast_nominal_row2_a0_to_2_p1950ps,prime,,WL90_delay_ps,1835.811579667698,,3300.0,PASS,,0,1
fast_nominal_row2_a0_to_2_p1950ps,prime,,selected_settled_min_v,1.790627303542397,1.62,,PASS,,0,1
fast_nominal_row2_a0_to_2_p1950ps,prime,,selected_peak_v,1.79970807169634,,1.9800000000000002,PASS,,0,1
fast_nominal_row2_a0_to_2_p1950ps,prime,,WL90_delay_ps,1835.7414546782086,,3300.0,PASS,,0,2
fast_nominal_row2_a0_to_2_p1950ps,prime,,selected_settled_min_v,1.7906286623912373,1.62,,PASS,,0,2
fast_nominal_row2_a0_to_2_p1950ps,prime,,selected_peak_v,1.7997081140937898,,1.9800000000000002,PASS,,0,2
fast_nominal_row2_a0_to_2_p1950ps,prime,,WL90_delay_ps,1835.8115845317989,,3300.0,PASS,,0,3
fast_nominal_row2_a0_to_2_p1950ps,prime,,selected_settled_min_v,1.7906273034676392,1.62,,PASS,,0,3
fast_nominal_row2_a0_to_2_p1950ps,prime,,selected_peak_v,1.7997080716940579,,1.9800000000000002,PASS,,0,3
fast_nominal_row2_a0_to_2_p1950ps,prime,,WL90_delay_ps,1835.7414577383154,,3300.0,PASS,,0,4
fast_nominal_row2_a0_to_2_p1950ps,prime,,selected_settled_min_v,1.790628662332181,1.62,,PASS,,0,4
fast_nominal_row2_a0_to_2_p1950ps,prime,,selected_peak_v,1.7997081140919482,,1.9800000000000002,PASS,,0,4
fast_nominal_row2_a0_to_2_p1950ps,prime,,WL90_delay_ps,1835.8115875910833,,3300.0,PASS,,0,5
fast_nominal_row2_a0_to_2_p1950ps,prime,,selected_settled_min_v,1.7906273034085871,1.62,,PASS,,0,5
fast_nominal_row2_a0_to_2_p1950ps,prime,,selected_peak_v,1.7997080716922162,,1.9800000000000002,PASS,,0,5
fast_nominal_row2_a0_to_2_p1950ps,prime,,WL90_delay_ps,1835.7414588471493,,3300.0,PASS,,0,6
fast_nominal_row2_a0_to_2_p1950ps,prime,,selected_settled_min_v,1.7906286623107828,1.62,,PASS,,0,6
fast_nominal_row2_a0_to_2_p1950ps,prime,,selected_peak_v,1.799708114091281,,1.9800000000000002,PASS,,0,6
fast_nominal_row2_a0_to_2_p1950ps,prime,,WL90_delay_ps,1835.8115886998098,,3300.0,PASS,,0,7
fast_nominal_row2_a0_to_2_p1950ps,prime,,selected_settled_min_v,1.7906273033871858,1.62,,PASS,,0,7
fast_nominal_row2_a0_to_2_p1950ps,prime,,selected_peak_v,1.7997080716915486,,1.9800000000000002,PASS,,0,7
fast_nominal_row2_a0_to_2_p1950ps,prime,,WL90_delay_ps,1835.7414586707546,,3300.0,PASS,,0,8
fast_nominal_row2_a0_to_2_p1950ps,prime,,selected_settled_min_v,1.7906286623141872,1.62,,PASS,,0,8
fast_nominal_row2_a0_to_2_p1950ps,prime,,selected_peak_v,1.7997081140913878,,1.9800000000000002,PASS,,0,8
fast_nominal_row2_a0_to_2_p1950ps,prime,,WL90_delay_ps,1835.8115885235145,,3300.0,PASS,,0,9
fast_nominal_row2_a0_to_2_p1950ps,prime,,selected_settled_min_v,1.7906273033905888,1.62,,PASS,,0,9
fast_nominal_row2_a0_to_2_p1950ps,prime,,selected_peak_v,1.7997080716916551,,1.9800000000000002,PASS,,0,9
fast_nominal_row2_a0_to_2_p1950ps,prime,,WL90_delay_ps,1835.7414571032887,,3300.0,PASS,,0,10
fast_nominal_row2_a0_to_2_p1950ps,prime,,selected_settled_min_v,1.7906286623444345,1.62,,PASS,,0,10
fast_nominal_row2_a0_to_2_p1950ps,prime,,selected_peak_v,1.7997081140923301,,1.9800000000000002,PASS,,0,10
fast_nominal_row2_a0_to_2_p1950ps,prime,,WL90_delay_ps,1835.8115869563983,,3300.0,PASS,,0,11
fast_nominal_row2_a0_to_2_p1950ps,prime,,selected_settled_min_v,1.790627303420837,1.62,,PASS,,0,11
fast_nominal_row2_a0_to_2_p1950ps,prime,,selected_peak_v,1.7997080716925984,,1.9800000000000002,PASS,,0,11
fast_nominal_row2_a0_to_2_p1950ps,prime,,WL90_delay_ps,1835.7414532041214,,3300.0,PASS,,0,12
fast_nominal_row2_a0_to_2_p1950ps,prime,,selected_settled_min_v,1.7906286624196768,1.62,,PASS,,0,12
fast_nominal_row2_a0_to_2_p1950ps,prime,,selected_peak_v,1.799708114094677,,1.9800000000000002,PASS,,0,12
fast_nominal_row2_a0_to_2_p1950ps,prime,,WL90_delay_ps,1835.8115830580534,,3300.0,PASS,,0,13
fast_nominal_row2_a0_to_2_p1950ps,prime,,selected_settled_min_v,1.790627303496084,1.62,,PASS,,0,13
fast_nominal_row2_a0_to_2_p1950ps,prime,,selected_peak_v,1.7997080716949452,,1.9800000000000002,PASS,,0,13
fast_nominal_row2_a0_to_2_p1950ps,prime,,WL90_delay_ps,1835.7414443312173,,3300.0,PASS,,0,14
fast_nominal_row2_a0_to_2_p1950ps,prime,,selected_settled_min_v,1.790628662611841,1.62,,PASS,,0,14
fast_nominal_row2_a0_to_2_p1950ps,prime,,selected_peak_v,1.7997081141006455,,1.9800000000000002,PASS,,0,14
fast_nominal_row2_a0_to_2_p1950ps,prime,,WL90_delay_ps,1835.8115764409251,,3300.0,PASS,,0,15
fast_nominal_row2_a0_to_2_p1950ps,prime,,selected_settled_min_v,1.7906273036047744,1.62,,PASS,,0,15
fast_nominal_row2_a0_to_2_p1950ps,prime,,selected_peak_v,1.7997080716982858,,1.9800000000000002,PASS,,0,15
fast_nominal_row2_a0_to_2_p1950ps,prime,,unselected_peak_v,0.00017031360449743654,,0.18000000000000002,PASS,,1,0
fast_nominal_row2_a0_to_2_p1950ps,prime,,unselected_peak_v,0.0001703138877463389,,0.18000000000000002,PASS,,1,1
fast_nominal_row2_a0_to_2_p1950ps,prime,,unselected_peak_v,0.0001703136709944944,,0.18000000000000002,PASS,,1,2
fast_nominal_row2_a0_to_2_p1950ps,prime,,unselected_peak_v,0.0001703139100396205,,0.18000000000000002,PASS,,1,3
fast_nominal_row2_a0_to_2_p1950ps,prime,,unselected_peak_v,0.0001703136714455392,,0.18000000000000002,PASS,,1,4
fast_nominal_row2_a0_to_2_p1950ps,prime,,unselected_peak_v,0.00017031391038207412,,0.18000000000000002,PASS,,1,5
fast_nominal_row2_a0_to_2_p1950ps,prime,,unselected_peak_v,0.00017031367155274086,,0.18000000000000002,PASS,,1,6
fast_nominal_row2_a0_to_2_p1950ps,prime,,unselected_peak_v,0.00017031391048839183,,0.18000000000000002,PASS,,1,7
fast_nominal_row2_a0_to_2_p1950ps,prime,,unselected_peak_v,0.00017031367153583845,,0.18000000000000002,PASS,,1,8
fast_nominal_row2_a0_to_2_p1950ps,prime,,unselected_peak_v,0.00017031391047165912,,0.18000000000000002,PASS,,1,9
fast_nominal_row2_a0_to_2_p1950ps,prime,,unselected_peak_v,0.0001703136713851884,,0.18000000000000002,PASS,,1,10
fast_nominal_row2_a0_to_2_p1950ps,prime,,unselected_peak_v,0.00017031391032170285,,0.18000000000000002,PASS,,1,11
fast_nominal_row2_a0_to_2_p1950ps,prime,,unselected_peak_v,0.0001703136710159511,,0.18000000000000002,PASS,,1,12
fast_nominal_row2_a0_to_2_p1950ps,prime,,unselected_peak_v,0.00017031390995921001,,0.18000000000000002,PASS,,1,13
fast_nominal_row2_a0_to_2_p1950ps,prime,,unselected_peak_v,0.0001703136670255017,,0.18000000000000002,PASS,,1,14
fast_nominal_row2_a0_to_2_p1950ps,prime,,unselected_peak_v,0.00017031391139383817,,0.18000000000000002,PASS,,1,15
fast_nominal_row2_a0_to_2_p1950ps,prime,,unselected_peak_v,0.00017000082119087332,,0.18000000000000002,PASS,,2,0
fast_nominal_row2_a0_to_2_p1950ps,prime,,unselected_peak_v,0.00017000093554385645,,0.18000000000000002,PASS,,2,1
fast_nominal_row2_a0_to_2_p1950ps,prime,,unselected_peak_v,0.00017000088436141373,,0.18000000000000002,PASS,,2,2
fast_nominal_row2_a0_to_2_p1950ps,prime,,unselected_peak_v,0.00017000095658821786,,0.18000000000000002,PASS,,2,3
fast_nominal_row2_a0_to_2_p1950ps,prime,,unselected_peak_v,0.00017000088470021387,,0.18000000000000002,PASS,,2,4
fast_nominal_row2_a0_to_2_p1950ps,prime,,unselected_peak_v,0.00017000095682415608,,0.18000000000000002,PASS,,2,5
fast_nominal_row2_a0_to_2_p1950ps,prime,,unselected_peak_v,0.00017000088476980016,,0.18000000000000002,PASS,,2,6
fast_nominal_row2_a0_to_2_p1950ps,prime,,unselected_peak_v,0.00017000095689306553,,0.18000000000000002,PASS,,2,7
fast_nominal_row2_a0_to_2_p1950ps,prime,,unselected_peak_v,0.00017000088475897096,,0.18000000000000002,PASS,,2,8
fast_nominal_row2_a0_to_2_p1950ps,prime,,unselected_peak_v,0.00017000095688228436,,0.18000000000000002,PASS,,2,9
fast_nominal_row2_a0_to_2_p1950ps,prime,,unselected_peak_v,0.00017000088466134872,,0.18000000000000002,PASS,,2,10
fast_nominal_row2_a0_to_2_p1950ps,prime,,unselected_peak_v,0.00017000095678538888,,0.18000000000000002,PASS,,2,11
fast_nominal_row2_a0_to_2_p1950ps,prime,,unselected_peak_v,0.00017000088442364458,,0.18000000000000002,PASS,,2,12
fast_nominal_row2_a0_to_2_p1950ps,prime,,unselected_peak_v,0.0001700009565539295,,0.18000000000000002,PASS,,2,13
fast_nominal_row2_a0_to_2_p1950ps,prime,,unselected_peak_v,0.00017000088101925897,,0.18000000000000002,PASS,,2,14
fast_nominal_row2_a0_to_2_p1950ps,prime,,unselected_peak_v,0.00017000095814924927,,0.18000000000000002,PASS,,2,15
fast_nominal_row2_a0_to_2_p1950ps,prime,,unselected_peak_v,0.00016544112709243318,,0.18000000000000002,PASS,,3,0
fast_nominal_row2_a0_to_2_p1950ps,prime,,unselected_peak_v,0.00016544072817261662,,0.18000000000000002,PASS,,3,1
fast_nominal_row2_a0_to_2_p1950ps,prime,,unselected_peak_v,0.0001654411806183799,,0.18000000000000002,PASS,,3,2
fast_nominal_row2_a0_to_2_p1950ps,prime,,unselected_peak_v,0.0001654407455808813,,0.18000000000000002,PASS,,3,3
fast_nominal_row2_a0_to_2_p1950ps,prime,,unselected_peak_v,0.00016544118060887286,,0.18000000000000002,PASS,,3,4
fast_nominal_row2_a0_to_2_p1950ps,prime,,unselected_peak_v,0.00016544074548130618,,0.18000000000000002,PASS,,3,5
fast_nominal_row2_a0_to_2_p1950ps,prime,,unselected_peak_v,0.00016544118055903518,,0.18000000000000002,PASS,,3,6
fast_nominal_row2_a0_to_2_p1950ps,prime,,unselected_peak_v,0.00016544074543076826,,0.18000000000000002,PASS,,3,7
fast_nominal_row2_a0_to_2_p1950ps,prime,,unselected_peak_v,0.00016544118056714254,,0.18000000000000002,PASS,,3,8
fast_nominal_row2_a0_to_2_p1950ps,prime,,unselected_peak_v,0.0001654407454389799,,0.18000000000000002,PASS,,3,9
fast_nominal_row2_a0_to_2_p1950ps,prime,,unselected_peak_v,0.00016544118063829827,,0.18000000000000002,PASS,,3,10
fast_nominal_row2_a0_to_2_p1950ps,prime,,unselected_peak_v,0.00016544074551073565,,0.18000000000000002,PASS,,3,11
fast_nominal_row2_a0_to_2_p1950ps,prime,,unselected_peak_v,0.0001654411808189279,,0.18000000000000002,PASS,,3,12
fast_nominal_row2_a0_to_2_p1950ps,prime,,unselected_peak_v,0.00016544074569670516,,0.18000000000000002,PASS,,3,13
fast_nominal_row2_a0_to_2_p1950ps,prime,,unselected_peak_v,0.00016544118019458585,,0.18000000000000002,PASS,,3,14
fast_nominal_row2_a0_to_2_p1950ps,prime,,unselected_peak_v,0.000165440748618443,,0.18000000000000002,PASS,,3,15
fast_nominal_row2_a0_to_2_p1950ps,test,,unselected_peak_v,0.00016755148495304915,,0.18000000000000002,PASS,,0,0
fast_nominal_row2_a0_to_2_p1950ps,test,,unselected_peak_v,0.00016755122626362749,,0.18000000000000002,PASS,,0,1
fast_nominal_row2_a0_to_2_p1950ps,test,,unselected_peak_v,0.0001675515336547365,,0.18000000000000002,PASS,,0,2
fast_nominal_row2_a0_to_2_p1950ps,test,,unselected_peak_v,0.00016755124296648197,,0.18000000000000002,PASS,,0,3
fast_nominal_row2_a0_to_2_p1950ps,test,,unselected_peak_v,0.00016755153375024764,,0.18000000000000002,PASS,,0,4
fast_nominal_row2_a0_to_2_p1950ps,test,,unselected_peak_v,0.00016755124298095572,,0.18000000000000002,PASS,,0,5
fast_nominal_row2_a0_to_2_p1950ps,test,,unselected_peak_v,0.00016755153374272552,,0.18000000000000002,PASS,,0,6
fast_nominal_row2_a0_to_2_p1950ps,test,,unselected_peak_v,0.00016755124297280756,,0.18000000000000002,PASS,,0,7
fast_nominal_row2_a0_to_2_p1950ps,test,,unselected_peak_v,0.00016755153374411512,,0.18000000000000002,PASS,,0,8
fast_nominal_row2_a0_to_2_p1950ps,test,,unselected_peak_v,0.00016755124297418515,,0.18000000000000002,PASS,,0,9
fast_nominal_row2_a0_to_2_p1950ps,test,,unselected_peak_v,0.00016755153375543858,,0.18000000000000002,PASS,,0,10
fast_nominal_row2_a0_to_2_p1950ps,test,,unselected_peak_v,0.00016755124298616588,,0.18000000000000002,PASS,,0,11
fast_nominal_row2_a0_to_2_p1950ps,test,,unselected_peak_v,0.00016755153378883577,,0.18000000000000002,PASS,,0,12
fast_nominal_row2_a0_to_2_p1950ps,test,,unselected_peak_v,0.0001675512430255455,,0.18000000000000002,PASS,,0,13
fast_nominal_row2_a0_to_2_p1950ps,test,,unselected_peak_v,0.00016755153152755452,,0.18000000000000002,PASS,,0,14
fast_nominal_row2_a0_to_2_p1950ps,test,,unselected_peak_v,0.00016755124420927427,,0.18000000000000002,PASS,,0,15
fast_nominal_row2_a0_to_2_p1950ps,test,,unselected_peak_v,0.00017005124697350854,,0.18000000000000002,PASS,,1,0
fast_nominal_row2_a0_to_2_p1950ps,test,,unselected_peak_v,0.000170050407098624,,0.18000000000000002,PASS,,1,1
fast_nominal_row2_a0_to_2_p1950ps,test,,unselected_peak_v,0.0001700512927131012,,0.18000000000000002,PASS,,1,2
fast_nominal_row2_a0_to_2_p1950ps,test,,unselected_peak_v,0.00017005042243705716,,0.18000000000000002,PASS,,1,3
fast_nominal_row2_a0_to_2_p1950ps,test,,unselected_peak_v,0.00017005129246536622,,0.18000000000000002,PASS,,1,4
fast_nominal_row2_a0_to_2_p1950ps,test,,unselected_peak_v,0.00017005042211357187,,0.18000000000000002,PASS,,1,5
fast_nominal_row2_a0_to_2_p1950ps,test,,unselected_peak_v,0.00017005129233616987,,0.18000000000000002,PASS,,1,6
fast_nominal_row2_a0_to_2_p1950ps,test,,unselected_peak_v,0.0001700504219839098,,0.18000000000000002,PASS,,1,7
fast_nominal_row2_a0_to_2_p1950ps,test,,unselected_peak_v,0.0001700512923568269,,0.18000000000000002,PASS,,1,8
fast_nominal_row2_a0_to_2_p1950ps,test,,unselected_peak_v,0.00017005042200451763,,0.18000000000000002,PASS,,1,9
fast_nominal_row2_a0_to_2_p1950ps,test,,unselected_peak_v,0.0001700512925400244,,0.18000000000000002,PASS,,1,10
fast_nominal_row2_a0_to_2_p1950ps,test,,unselected_peak_v,0.000170050422188138,,0.18000000000000002,PASS,,1,11
fast_nominal_row2_a0_to_2_p1950ps,test,,unselected_peak_v,0.00017005129300035483,,0.18000000000000002,PASS,,1,12
fast_nominal_row2_a0_to_2_p1950ps,test,,unselected_peak_v,0.00017005042265386383,,0.18000000000000002,PASS,,1,13
fast_nominal_row2_a0_to_2_p1950ps,test,,unselected_peak_v,0.00017005129212154917,,0.18000000000000002,PASS,,1,14
fast_nominal_row2_a0_to_2_p1950ps,test,,unselected_peak_v,0.00017005042454467753,,0.18000000000000002,PASS,,1,15
fast_nominal_row2_a0_to_2_p1950ps,test,,WL90_delay_ps,1838.601856849744,,3300.0,PASS,,2,0
fast_nominal_row2_a0_to_2_p1950ps,test,,selected_settled_min_v,1.7906146130390388,1.62,,PASS,,2,0
fast_nominal_row2_a0_to_2_p1950ps,test,,selected_peak_v,1.7961515386544757,,1.9800000000000002,PASS,,2,0
fast_nominal_row2_a0_to_2_p1950ps,test,,WL90_delay_ps,1838.6718985361422,,3300.0,PASS,,2,1
fast_nominal_row2_a0_to_2_p1950ps,test,,selected_settled_min_v,1.7906132519956364,1.62,,PASS,,2,1
fast_nominal_row2_a0_to_2_p1950ps,test,,selected_peak_v,1.796150979070178,,1.9800000000000002,PASS,,2,1
fast_nominal_row2_a0_to_2_p1950ps,test,,WL90_delay_ps,1838.6018641844473,,3300.0,PASS,,2,2
fast_nominal_row2_a0_to_2_p1950ps,test,,selected_settled_min_v,1.790614612875097,1.62,,PASS,,2,2
fast_nominal_row2_a0_to_2_p1950ps,test,,selected_peak_v,1.7961515385878049,,1.9800000000000002,PASS,,2,2
fast_nominal_row2_a0_to_2_p1950ps,test,,WL90_delay_ps,1838.6719033939523,,3300.0,PASS,,2,3
fast_nominal_row2_a0_to_2_p1950ps,test,,selected_settled_min_v,1.7906132519207656,1.62,,PASS,,2,3
fast_nominal_row2_a0_to_2_p1950ps,test,,selected_peak_v,1.796150979039775,,1.9800000000000002,PASS,,2,3
fast_nominal_row2_a0_to_2_p1950ps,test,,WL90_delay_ps,1838.6018672405983,,3300.0,PASS,,2,4
fast_nominal_row2_a0_to_2_p1950ps,test,,selected_settled_min_v,1.7906146128159524,1.62,,PASS,,2,4
fast_nominal_row2_a0_to_2_p1950ps,test,,selected_peak_v,1.796151538563503,,1.9800000000000002,PASS,,2,4
fast_nominal_row2_a0_to_2_p1950ps,test,,WL90_delay_ps,1838.671906449283,,3300.0,PASS,,2,5
fast_nominal_row2_a0_to_2_p1950ps,test,,selected_settled_min_v,1.7906132518616238,1.62,,PASS,,2,5
fast_nominal_row2_a0_to_2_p1950ps,test,,selected_peak_v,1.7961509790154753,,1.9800000000000002,PASS,,2,5
fast_nominal_row2_a0_to_2_p1950ps,test,,WL90_delay_ps,1838.601868347998,,3300.0,PASS,,2,6
fast_nominal_row2_a0_to_2_p1950ps,test,,selected_settled_min_v,1.7906146127945228,1.62,,PASS,,2,6
fast_nominal_row2_a0_to_2_p1950ps,test,,selected_peak_v,1.7961515385546987,,1.9800000000000002,PASS,,2,6
fast_nominal_row2_a0_to_2_p1950ps,test,,WL90_delay_ps,1838.6719075565766,,3300.0,PASS,,2,7
fast_nominal_row2_a0_to_2_p1950ps,test,,selected_settled_min_v,1.7906132518401907,1.62,,PASS,,2,7
fast_nominal_row2_a0_to_2_p1950ps,test,,selected_peak_v,1.7961509790066685,,1.9800000000000002,PASS,,2,7
fast_nominal_row2_a0_to_2_p1950ps,test,,WL90_delay_ps,1838.6018681718317,,3300.0,PASS,,2,8
fast_nominal_row2_a0_to_2_p1950ps,test,,selected_settled_min_v,1.790614612797932,1.62,,PASS,,2,8
fast_nominal_row2_a0_to_2_p1950ps,test,,selected_peak_v,1.796151538556099,,1.9800000000000002,PASS,,2,8
fast_nominal_row2_a0_to_2_p1950ps,test,,WL90_delay_ps,1838.6719073805061,,3300.0,PASS,,2,9
fast_nominal_row2_a0_to_2_p1950ps,test,,selected_settled_min_v,1.790613251843599,1.62,,PASS,,2,9
fast_nominal_row2_a0_to_2_p1950ps,test,,selected_peak_v,1.7961509790080687,,1.9800000000000002,PASS,,2,9
fast_nominal_row2_a0_to_2_p1950ps,test,,WL90_delay_ps,1838.6018666063958,,3300.0,PASS,,2,10
fast_nominal_row2_a0_to_2_p1950ps,test,,selected_settled_min_v,1.7906146128282248,1.62,,PASS,,2,10
fast_nominal_row2_a0_to_2_p1950ps,test,,selected_peak_v,1.796151538568546,,1.9800000000000002,PASS,,2,10
fast_nominal_row2_a0_to_2_p1950ps,test,,WL90_delay_ps,1838.6719058154176,,3300.0,PASS,,2,11
fast_nominal_row2_a0_to_2_p1950ps,test,,selected_settled_min_v,1.7906132518738933,1.62,,PASS,,2,11
fast_nominal_row2_a0_to_2_p1950ps,test,,selected_peak_v,1.7961509790205163,,1.9800000000000002,PASS,,2,11
fast_nominal_row2_a0_to_2_p1950ps,test,,WL90_delay_ps,1838.6018627122644,,3300.0,PASS,,2,12
fast_nominal_row2_a0_to_2_p1950ps,test,,selected_settled_min_v,1.7906146129035792,1.62,,PASS,,2,12
fast_nominal_row2_a0_to_2_p1950ps,test,,selected_peak_v,1.7961515385995084,,1.9800000000000002,PASS,,2,12
fast_nominal_row2_a0_to_2_p1950ps,test,,WL90_delay_ps,1838.6719019221134,,3300.0,PASS,,2,13
fast_nominal_row2_a0_to_2_p1950ps,test,,selected_settled_min_v,1.7906132519492524,1.62,,PASS,,2,13
fast_nominal_row2_a0_to_2_p1950ps,test,,selected_peak_v,1.7961509790514807,,1.9800000000000002,PASS,,2,13
fast_nominal_row2_a0_to_2_p1950ps,test,,WL90_delay_ps,1838.6018538508306,,3300.0,PASS,,2,14
fast_nominal_row2_a0_to_2_p1950ps,test,,selected_settled_min_v,1.7906146130960272,1.62,,PASS,,2,14
fast_nominal_row2_a0_to_2_p1950ps,test,,selected_peak_v,1.7961515386778524,,1.9800000000000002,PASS,,2,14
fast_nominal_row2_a0_to_2_p1950ps,test,,WL90_delay_ps,1838.6718953135426,,3300.0,PASS,,2,15
fast_nominal_row2_a0_to_2_p1950ps,test,,selected_settled_min_v,1.7906132520581068,1.62,,PASS,,2,15
fast_nominal_row2_a0_to_2_p1950ps,test,,selected_peak_v,1.7961509790958454,,1.9800000000000002,PASS,,2,15
fast_nominal_row2_a0_to_2_p1950ps,test,,unselected_peak_v,0.00016541878394088632,,0.18000000000000002,PASS,,3,0
fast_nominal_row2_a0_to_2_p1950ps,test,,unselected_peak_v,0.00016541864221007087,,0.18000000000000002,PASS,,3,1
fast_nominal_row2_a0_to_2_p1950ps,test,,unselected_peak_v,0.0001654188425227005,,0.18000000000000002,PASS,,3,2
fast_nominal_row2_a0_to_2_p1950ps,test,,unselected_peak_v,0.00016541866148931576,,0.18000000000000002,PASS,,3,3
fast_nominal_row2_a0_to_2_p1950ps,test,,unselected_peak_v,0.00016541884268137465,,0.18000000000000002,PASS,,3,4
fast_nominal_row2_a0_to_2_p1950ps,test,,unselected_peak_v,0.0001654186615467445,,0.18000000000000002,PASS,,3,5
fast_nominal_row2_a0_to_2_p1950ps,test,,unselected_peak_v,0.00016541884268637394,,0.18000000000000002,PASS,,3,6
fast_nominal_row2_a0_to_2_p1950ps,test,,unselected_peak_v,0.00016541866155104148,,0.18000000000000002,PASS,,3,7
fast_nominal_row2_a0_to_2_p1950ps,test,,unselected_peak_v,0.00016541884268577296,,0.18000000000000002,PASS,,3,8
fast_nominal_row2_a0_to_2_p1950ps,test,,unselected_peak_v,0.00016541866155055313,,0.18000000000000002,PASS,,3,9
fast_nominal_row2_a0_to_2_p1950ps,test,,unselected_peak_v,0.0001654188426794545,,0.18000000000000002,PASS,,3,10
fast_nominal_row2_a0_to_2_p1950ps,test,,unselected_peak_v,0.00016541866154484543,,0.18000000000000002,PASS,,3,11
fast_nominal_row2_a0_to_2_p1950ps,test,,unselected_peak_v,0.00016541884266815603,,0.18000000000000002,PASS,,3,12
fast_nominal_row2_a0_to_2_p1950ps,test,,unselected_peak_v,0.00016541866153985102,,0.18000000000000002,PASS,,3,13
fast_nominal_row2_a0_to_2_p1950ps,test,,unselected_peak_v,0.00016541884142050702,,0.18000000000000002,PASS,,3,14
fast_nominal_row2_a0_to_2_p1950ps,test,,unselected_peak_v,0.00016541866456916383,,0.18000000000000002,PASS,,3,15
fast_nominal_row2_a0_to_2_p1950ps,recovery,,deasserted_peak_v,0.00015123918076187564,,0.18000000000000002,PASS,,0,0
fast_nominal_row2_a0_to_2_p1950ps,recovery,,deasserted_peak_v,0.00015123918076173745,,0.18000000000000002,PASS,,0,1
fast_nominal_row2_a0_to_2_p1950ps,recovery,,deasserted_peak_v,0.0001512391807615528,,0.18000000000000002,PASS,,0,2
fast_nominal_row2_a0_to_2_p1950ps,recovery,,deasserted_peak_v,0.00015123918076148023,,0.18000000000000002,PASS,,0,3
fast_nominal_row2_a0_to_2_p1950ps,recovery,,deasserted_peak_v,0.00015123918076154972,,0.18000000000000002,PASS,,0,4
fast_nominal_row2_a0_to_2_p1950ps,recovery,,deasserted_peak_v,0.00015123918076158962,,0.18000000000000002,PASS,,0,5
fast_nominal_row2_a0_to_2_p1950ps,recovery,,deasserted_peak_v,0.00015123918076151432,,0.18000000000000002,PASS,,0,6
fast_nominal_row2_a0_to_2_p1950ps,recovery,,deasserted_peak_v,0.00015123918076152286,,0.18000000000000002,PASS,,0,7
fast_nominal_row2_a0_to_2_p1950ps,recovery,,deasserted_peak_v,0.00015123918076148752,,0.18000000000000002,PASS,,0,8
fast_nominal_row2_a0_to_2_p1950ps,recovery,,deasserted_peak_v,0.00015123918076154127,,0.18000000000000002,PASS,,0,9
fast_nominal_row2_a0_to_2_p1950ps,recovery,,deasserted_peak_v,0.0001512391807614791,,0.18000000000000002,PASS,,0,10
fast_nominal_row2_a0_to_2_p1950ps,recovery,,deasserted_peak_v,0.00015123918076151953,,0.18000000000000002,PASS,,0,11
fast_nominal_row2_a0_to_2_p1950ps,recovery,,deasserted_peak_v,0.00015123918076161835,,0.18000000000000002,PASS,,0,12
fast_nominal_row2_a0_to_2_p1950ps,recovery,,deasserted_peak_v,0.00015123918076149494,,0.18000000000000002,PASS,,0,13
fast_nominal_row2_a0_to_2_p1950ps,recovery,,deasserted_peak_v,0.0001512391807609475,,0.18000000000000002,PASS,,0,14
fast_nominal_row2_a0_to_2_p1950ps,recovery,,deasserted_peak_v,0.00015123918076138918,,0.18000000000000002,PASS,,0,15
fast_nominal_row2_a0_to_2_p1950ps,recovery,,deasserted_peak_v,0.00015123917053125324,,0.18000000000000002,PASS,,1,0
fast_nominal_row2_a0_to_2_p1950ps,recovery,,deasserted_peak_v,0.00015123917053098788,,0.18000000000000002,PASS,,1,1
fast_nominal_row2_a0_to_2_p1950ps,recovery,,deasserted_peak_v,0.00015123917053093405,,0.18000000000000002,PASS,,1,2
fast_nominal_row2_a0_to_2_p1950ps,recovery,,deasserted_peak_v,0.00015123917053088556,,0.18000000000000002,PASS,,1,3
fast_nominal_row2_a0_to_2_p1950ps,recovery,,deasserted_peak_v,0.00015123917053093985,,0.18000000000000002,PASS,,1,4
fast_nominal_row2_a0_to_2_p1950ps,recovery,,deasserted_peak_v,0.00015123917053077766,,0.18000000000000002,PASS,,1,5
fast_nominal_row2_a0_to_2_p1950ps,recovery,,deasserted_peak_v,0.00015123917053088028,,0.18000000000000002,PASS,,1,6
fast_nominal_row2_a0_to_2_p1950ps,recovery,,deasserted_peak_v,0.0001512391705308487,,0.18000000000000002,PASS,,1,7
fast_nominal_row2_a0_to_2_p1950ps,recovery,,deasserted_peak_v,0.0001512391705307285,,0.18000000000000002,PASS,,1,8
fast_nominal_row2_a0_to_2_p1950ps,recovery,,deasserted_peak_v,0.0001512391705307935,,0.18000000000000002,PASS,,1,9
fast_nominal_row2_a0_to_2_p1950ps,recovery,,deasserted_peak_v,0.0001512391705308552,,0.18000000000000002,PASS,,1,10
fast_nominal_row2_a0_to_2_p1950ps,recovery,,deasserted_peak_v,0.00015123917053081644,,0.18000000000000002,PASS,,1,11
fast_nominal_row2_a0_to_2_p1950ps,recovery,,deasserted_peak_v,0.00015123917053084835,,0.18000000000000002,PASS,,1,12
fast_nominal_row2_a0_to_2_p1950ps,recovery,,deasserted_peak_v,0.00015123917053085935,,0.18000000000000002,PASS,,1,13
fast_nominal_row2_a0_to_2_p1950ps,recovery,,deasserted_peak_v,0.0001512391705302149,,0.18000000000000002,PASS,,1,14
fast_nominal_row2_a0_to_2_p1950ps,recovery,,deasserted_peak_v,0.0001512391705306337,,0.18000000000000002,PASS,,1,15
fast_nominal_row2_a0_to_2_p1950ps,recovery,,deasserted_peak_v,0.00015129757444082818,,0.18000000000000002,PASS,,2,0
fast_nominal_row2_a0_to_2_p1950ps,recovery,,deasserted_peak_v,0.00015129757597015552,,0.18000000000000002,PASS,,2,1
fast_nominal_row2_a0_to_2_p1950ps,recovery,,deasserted_peak_v,0.00015129757444630243,,0.18000000000000002,PASS,,2,2
fast_nominal_row2_a0_to_2_p1950ps,recovery,,deasserted_peak_v,0.00015129757597228888,,0.18000000000000002,PASS,,2,3
fast_nominal_row2_a0_to_2_p1950ps,recovery,,deasserted_peak_v,0.0001512975744474187,,0.18000000000000002,PASS,,2,4
fast_nominal_row2_a0_to_2_p1950ps,recovery,,deasserted_peak_v,0.00015129757597351966,,0.18000000000000002,PASS,,2,5
fast_nominal_row2_a0_to_2_p1950ps,recovery,,deasserted_peak_v,0.00015129757444784592,,0.18000000000000002,PASS,,2,6
fast_nominal_row2_a0_to_2_p1950ps,recovery,,deasserted_peak_v,0.00015129757597393822,,0.18000000000000002,PASS,,2,7
fast_nominal_row2_a0_to_2_p1950ps,recovery,,deasserted_peak_v,0.00015129757444780692,,0.18000000000000002,PASS,,2,8
fast_nominal_row2_a0_to_2_p1950ps,recovery,,deasserted_peak_v,0.00015129757597390691,,0.18000000000000002,PASS,,2,9
fast_nominal_row2_a0_to_2_p1950ps,recovery,,deasserted_peak_v,0.00015129757444723007,,0.18000000000000002,PASS,,2,10
fast_nominal_row2_a0_to_2_p1950ps,recovery,,deasserted_peak_v,0.00015129757597330377,,0.18000000000000002,PASS,,2,11
fast_nominal_row2_a0_to_2_p1950ps,recovery,,deasserted_peak_v,0.00015129757444568525,,0.18000000000000002,PASS,,2,12
fast_nominal_row2_a0_to_2_p1950ps,recovery,,deasserted_peak_v,0.0001512975759717415,,0.18000000000000002,PASS,,2,13
fast_nominal_row2_a0_to_2_p1950ps,recovery,,deasserted_peak_v,0.00015129757443759146,,0.18000000000000002,PASS,,2,14
fast_nominal_row2_a0_to_2_p1950ps,recovery,,deasserted_peak_v,0.00015129757596813416,,0.18000000000000002,PASS,,2,15
fast_nominal_row2_a0_to_2_p1950ps,recovery,,deasserted_peak_v,0.00015123918130111345,,0.18000000000000002,PASS,,3,0
fast_nominal_row2_a0_to_2_p1950ps,recovery,,deasserted_peak_v,0.00015123918130085243,,0.18000000000000002,PASS,,3,1
fast_nominal_row2_a0_to_2_p1950ps,recovery,,deasserted_peak_v,0.00015123918130068644,,0.18000000000000002,PASS,,3,2
fast_nominal_row2_a0_to_2_p1950ps,recovery,,deasserted_peak_v,0.00015123918130083736,,0.18000000000000002,PASS,,3,3
fast_nominal_row2_a0_to_2_p1950ps,recovery,,deasserted_peak_v,0.00015123918130078076,,0.18000000000000002,PASS,,3,4
fast_nominal_row2_a0_to_2_p1950ps,recovery,,deasserted_peak_v,0.0001512391813007503,,0.18000000000000002,PASS,,3,5
fast_nominal_row2_a0_to_2_p1950ps,recovery,,deasserted_peak_v,0.00015123918130090572,,0.18000000000000002,PASS,,3,6
fast_nominal_row2_a0_to_2_p1950ps,recovery,,deasserted_peak_v,0.00015123918130073512,,0.18000000000000002,PASS,,3,7
fast_nominal_row2_a0_to_2_p1950ps,recovery,,deasserted_peak_v,0.0001512391813005004,,0.18000000000000002,PASS,,3,8
fast_nominal_row2_a0_to_2_p1950ps,recovery,,deasserted_peak_v,0.00015123918130078106,,0.18000000000000002,PASS,,3,9
fast_nominal_row2_a0_to_2_p1950ps,recovery,,deasserted_peak_v,0.0001512391813007774,,0.18000000000000002,PASS,,3,10
fast_nominal_row2_a0_to_2_p1950ps,recovery,,deasserted_peak_v,0.00015123918130077556,,0.18000000000000002,PASS,,3,11
fast_nominal_row2_a0_to_2_p1950ps,recovery,,deasserted_peak_v,0.00015123918130060043,,0.18000000000000002,PASS,,3,12
fast_nominal_row2_a0_to_2_p1950ps,recovery,,deasserted_peak_v,0.00015123918130070216,,0.18000000000000002,PASS,,3,13
fast_nominal_row2_a0_to_2_p1950ps,recovery,,deasserted_peak_v,0.00015123918130025409,,0.18000000000000002,PASS,,3,14
fast_nominal_row2_a0_to_2_p1950ps,recovery,,deasserted_peak_v,0.0001512391813006309,,0.18000000000000002,PASS,,3,15
