run,time_ns,a0_v,a0b_v
default_charge_minbreak,17.940000000000115,0.0,1.8000790681342815
default_charge_minbreak,17.945000000000114,0.0,1.8000790081889955
default_charge_minbreak,17.95,0.0,1.8000789483291462
default_charge_minbreak,17.950499999999998,0.018000000000019056,1.8032412740362116
default_charge_minbreak,17.9515,0.054000000000057176,1.8107538757353332
default_charge_minbreak,17.9535,0.1260000000000143,1.8268558262529102
default_charge_minbreak,17.9575,0.27000000000004765,1.8573547575135299
default_charge_minbreak,17.9625,0.45,1.891594464453705
default_charge_minbreak,17.967499999999998,0.6299999999999524,1.9241984378294472
default_charge_minbreak,17.972499999999997,0.8099999999999047,1.9467504339146902
default_charge_minbreak,17.977499999999996,0.989999999999857,1.9341127615238587
default_charge_minbreak,17.982499999999995,1.1699999999998094,1.8644183420792912
default_charge_minbreak,17.987499999999994,1.3499999999997618,1.7142144077653487
default_charge_minbreak,17.992499999999993,1.5299999999997143,1.4705113735303648
default_charge_minbreak,17.99749999999999,1.7099999999996665,1.1506909027868804
default_charge_minbreak,18.000000000000004,1.8,0.9683670007672194
default_charge_minbreak,18.000500000000002,1.8,0.9275985979295405
default_charge_minbreak,18.001500000000004,1.8,0.8464725435916289
default_charge_minbreak,18.003500000000003,1.8,0.6910348083851203
default_charge_minbreak,18.007500000000004,1.8,0.43195486879268863
default_charge_minbreak,18.012500000000003,1.8,0.22012370055276723
default_charge_minbreak,18.017500000000002,1.8,0.10103177438164893
default_charge_minbreak,18.0225,1.8,0.04092241093846989
default_charge_minbreak,18.0275,1.8,0.013833646773464991
default_charge_minbreak,18.0325,1.8,0.003160372518582699
default_charge_minbreak,18.037499999999998,1.8,-0.0002780427093824478
chgtol_1e18,17.941825375894744,0.0,1.800079051827712
chgtol_1e18,17.946825375894743,0.0,1.800078991905669
chgtol_1e18,17.95,0.0,1.8000789539043827
chgtol_1e18,17.950051448939238,0.0018521618126690362,1.800268201903171
chgtol_1e18,17.950154346817726,0.005556485438126223,1.800754958743118
chgtol_1e18,17.95030302323901,0.010908836604405519,1.801646771924126
chgtol_1e18,17.950452015496367,0.016272557869330222,1.8026612583062722
chgtol_1e18,17.950703858637848,0.025338910962608586,1.8044937749889756
chgtol_1e18,17.950974120307638,0.035068331075009326,1.8065575247786057
chgtol_1e18,17.95140169424383,0.050460992778016446,1.8099479587887126
chgtol_1e18,17.951976781671274,0.07116414016585577,1.8146393253185336
chgtol_1e18,17.953039831026263,0.10943391694549026,1.8233732294347242
chgtol_1e18,17.95414648577622,0.1492734879439932,1.8323031660857216
chgtol_1e18,17.95591170120587,0.2128212434113284,1.845928064602116
chgtol_1e18,17.958103645306423,0.2917312310312755,1.8617859803708785
chgtol_1e18,17.961093571771492,0.39936858377378087,1.8819535122401503
chgtol_1e18,17.964835384226987,0.534073832171486,1.9066098090259602
chgtol_1e18,17.96883172903481,0.6779422452532197,1.9317053781354454
chgtol_1e18,17.972120839554083,0.7963502239469431,1.946978386715305
chgtol_1e18,17.974445590279622,0.8800412500663426,1.9505790032838919
chgtol_1e18,17.976521425576063,0.9547713207382454,1.9458738909275555
chgtol_1e18,17.978682898359935,1.0325843409575968,1.9310014530060298
chgtol_1e18,17.980934430505688,1.113639498204665,1.9030133483568745
chgtol_1e18,17.98363770925917,1.2109575333301275,1.8496897450517333
chgtol_1e18,17.98678058365968,1.3241010117484078,1.7551742611642394
chgtol_1e18,17.988666466808866,1.3919928051191255,1.6792247916695222
chgtol_1e18,17.99024561201266,1.44884203245573,1.6048538521267774
chgtol_1e18,17.991905975310424,1.5086151111751285,1.5173044763869168
chgtol_1e18,17.9936238062133,1.5704570236786983,1.4175131911668728
chgtol_1e18,17.995318531914727,1.6314671489300772,1.3105774906860872
chgtol_1e18,17.998335765861526,1.7400875710148611,1.1020443796727826
chgtol_1e18,18.000000000000004,1.8,0.9786887131050995
chgtol_1e18,18.000098872428758,1.8,0.9707456383464894
chgtol_1e18,18.00029661728627,1.8,0.954604091280209
chgtol_1e18,18.000603116175608,1.8,0.929343991941902
chgtol_1e18,18.00092188572289,1.8,0.9031272363493345
chgtol_1e18,18.00136803284553,1.8,0.8667777933591303
chgtol_1e18,18.001884556719816,1.8,0.8252598397303775
chgtol_1e18,18.00267432172502,1.8,0.7630308673292862
chgtol_1e18,18.003767847638528,1.8,0.6797631692744386
chgtol_1e18,18.005200365209753,1.8,0.5773222197190759
chgtol_1e18,18.007067415738316,1.8,0.4589736929465926
chgtol_1e18,18.009380724115328,1.8,0.3387108069459533
chgtol_1e18,18.011257225704224,1.8,0.2611204612767031
chgtol_1e18,18.01336549574772,1.8,0.19258081652188555
chgtol_1e18,18.017020356754745,1.8,0.10995119664975037
chgtol_1e18,18.02038534019229,1.8,0.06345306740725622
chgtol_1e18,18.02380994655355,1.8,0.03525738561970691
chgtol_1e18,18.026909464770306,1.8,0.02038957750173012
chgtol_1e18,18.029828661371422,1.8,0.012099317887692307
chgtol_1e18,18.032683785806817,1.8,0.007243455207090077
chgtol_1e18,18.035765390761362,1.8,0.0041307778695914565
chgtol_1e18,18.038631801745396,1.8,0.002443408592645857
