case,control_vector_csb_oeb_web,check,value,unit,minimum,maximum,result
tt_ctl110_a0_to_3_p2100,110,invalid_PCLK_peak_v,0.0063480030979281565,V,,0.18000000000000002,PASS
tt_ctl110_a0_to_3_p2100,110,invalid_PRECH_active_v,0.001412060781048246,V,,0.18000000000000002,PASS
tt_ctl110_a0_to_3_p2100,110,invalid_DEC0_peak_v,0.0008958149565480855,V,,0.18000000000000002,PASS
tt_ctl110_a0_to_3_p2100,110,invalid_DEC1_peak_v,0.0013867116800749587,V,,0.18000000000000002,PASS
tt_ctl110_a0_to_3_p2100,110,invalid_DEC2_peak_v,0.0011754024880339168,V,,0.18000000000000002,PASS
tt_ctl110_a0_to_3_p2100,110,invalid_DEC3_peak_v,0.0015512496961149558,V,,0.18000000000000002,PASS
tt_ctl110_a0_to_3_p2100,110,invalid_WL0_peak_v,1.4579409066403378e-06,V,,0.18000000000000002,PASS
tt_ctl110_a0_to_3_p2100,110,invalid_WL1_peak_v,1.7613612711227728e-06,V,,0.18000000000000002,PASS
tt_ctl110_a0_to_3_p2100,110,invalid_WL2_peak_v,1.5350222436881758e-06,V,,0.18000000000000002,PASS
tt_ctl110_a0_to_3_p2100,110,invalid_WL3_peak_v,1.7717758837359048e-06,V,,0.18000000000000002,PASS
tt_ctl110_a0_to_3_p2100,110,invalid_N0_precharged_min_v,1.755796042582896,V,1.62,,PASS
tt_ctl110_a0_to_3_p2100,110,invalid_N1_precharged_min_v,1.7608745093241929,V,1.62,,PASS
tt_ctl110_a0_to_3_p2100,110,invalid_N2_precharged_min_v,1.792448531929698,V,1.62,,PASS
tt_ctl110_a0_to_3_p2100,110,invalid_N3_precharged_min_v,1.7787851242982773,V,1.62,,PASS
tt_ctl110_a0_to_3_p2100,110,final_BL0_precharged_v,1.7999999991211277,V,1.62,,PASS
tt_ctl110_a0_to_3_p2100,110,final_BLB0_precharged_v,1.7999999991227944,V,1.62,,PASS
tt_ctl110_a0_to_3_p2100,110,final_BL1_precharged_v,1.7999999991210984,V,1.62,,PASS
tt_ctl110_a0_to_3_p2100,110,final_BLB1_precharged_v,1.7999999991227909,V,1.62,,PASS
tt_ctl110_a0_to_3_p2100,110,final_BL2_precharged_v,1.7999999991210898,V,1.62,,PASS
tt_ctl110_a0_to_3_p2100,110,final_BLB2_precharged_v,1.7999999991227913,V,1.62,,PASS
tt_ctl110_a0_to_3_p2100,110,final_BL3_precharged_v,1.7999999991210895,V,1.62,,PASS
tt_ctl110_a0_to_3_p2100,110,final_BLB3_precharged_v,1.7999999991227913,V,1.62,,PASS
tt_ctl110_a0_to_3_p2100,110,final_BL4_precharged_v,1.7999999991211033,V,1.62,,PASS
tt_ctl110_a0_to_3_p2100,110,final_BLB4_precharged_v,1.7999999991227906,V,1.62,,PASS
tt_ctl110_a0_to_3_p2100,110,final_BL5_precharged_v,1.7999999991211015,V,1.62,,PASS
tt_ctl110_a0_to_3_p2100,110,final_BLB5_precharged_v,1.7999999991227944,V,1.62,,PASS
tt_ctl110_a0_to_3_p2100,110,final_BL6_precharged_v,1.799999999121103,V,1.62,,PASS
tt_ctl110_a0_to_3_p2100,110,final_BLB6_precharged_v,1.7999999991227933,V,1.62,,PASS
tt_ctl110_a0_to_3_p2100,110,final_BL7_precharged_v,1.7999999991211055,V,1.62,,PASS
tt_ctl110_a0_to_3_p2100,110,final_BLB7_precharged_v,1.7999999991227955,V,1.62,,PASS
