case,campaign,profile,old_address,new_address,lead_ps,skew_ps,low_ns,high_ns,load_ff,rise_ps,fall_ps,max_step_ps,address_slew_ps,noise_node,charge_fc,method,result,minbreak_fs,chgtol_c,candidate,footer_um,stack_um,precharge_um,out_n_um,out_p_um,addr_n_um,addr_p_um,addr_l_um,channel_area_proxy_um2,corner,vdd_v,temperature_c,check_pass,check_fail,settling_check_fail,other_check_fail,wrong_row_peak_v,unselected_dynamic_min_v,output_vgs_peak_v,terminal_magnitude_max_v,terminal_magnitude_device,terminal_magnitude_voltage,model_upper_result,magnitude_result,dec_delay50_ps,dec_delay90_ps,dec_precharge10_ps,wl_delay50_ps,wl_delay90_ps,wl_precharge10_ps,vdd_src_cycle_energy_fj,vpclk_cycle_energy_fj,va0_cycle_energy_fj,va1_cycle_energy_fj
balanced_stack1.5_foot1.5_out4_pre0.75_ss_cold_0_3,robustness,ss_cold,0,3,2000,0,10,5,17.4,50,50,1,50,,0,gear,PASS,1,1e-18,stack1.5_foot1.5_out4_pre0.75,1.5,1.5,0.75,4.0,4.0,0.42,0.42,0.15,7.526999999999997,ss,1.8,-40,104,0,0,0,0.0009100819728524316,1.837501922781149,1.8512343509044784,1.956934721778717,x1.m2,VDS,PASS,OUTSIDE_SCREEN,111.10998148960583,132.07413495985844,333.9491046075898,334.5984498510922,558.8383447465254,531.776514587642,155.5603752483798,1.3159336008099134,12.580719598106887,9.187637413657425
balanced_stack1.5_foot1.5_out4_pre0.75_ss_cold_1_2,robustness,ss_cold,1,2,2000,0,10,5,17.4,50,50,1,50,,0,gear,PASS,1,1e-18,stack1.5_foot1.5_out4_pre0.75,1.5,1.5,0.75,4.0,4.0,0.42,0.42,0.15,7.526999999999997,ss,1.8,-40,104,0,0,0,0.0009090594668971225,1.8375036786538599,1.8530990766021946,1.939456574259097,x1.m1,VGD,PASS,PASS,131.32229434082876,152.76636793009493,336.6230812575636,355.0972689833129,579.3375539475331,534.6724921128537,180.74672781482892,1.322398138917039,-12.030104798630333,8.927697374107629
balanced_stack1.5_foot1.5_out4_pre0.75_ss_cold_2_1,robustness,ss_cold,2,1,2000,0,10,5,17.4,50,50,1,50,,0,gear,PASS,1,1e-18,stack1.5_foot1.5_out4_pre0.75,1.5,1.5,0.75,4.0,4.0,0.42,0.42,0.15,7.526999999999997,ss,1.8,-40,104,0,0,0,0.0009112226463442823,1.8377132890897083,1.8509483810686052,1.9394565032346611,x1.m1,VGD,PASS,PASS,118.59030327826504,139.715772148705,329.1439782173984,342.1741974605985,566.4144352981092,527.1759806160863,172.8380689233971,1.3013280161222893,12.267949271043694,-9.051054518055855
balanced_stack1.5_foot1.5_out4_pre0.75_ss_cold_3_0,robustness,ss_cold,3,0,2000,0,10,5,17.4,50,50,1,50,,0,gear,PASS,1,1e-18,stack1.5_foot1.5_out4_pre0.75,1.5,1.5,0.75,4.0,4.0,0.42,0.42,0.15,7.526999999999997,ss,1.8,-40,104,0,0,0,0.0009104627068315873,1.8377295340613595,1.850915884373895,1.9410618135534348,x1.m1,VGD,PASS,PASS,134.38229539688962,155.95489527153987,332.5309406228082,358.23409868375626,582.4740631374161,530.7452636083989,197.66271807423368,1.1934905987432254,-11.799458896354873,-8.825207323260745
balanced_stack1.5_foot1.5_out4_pre0.75_fast_0_3,robustness,fast,0,3,2000,0,10,5,17.4,50,50,1,50,,0,gear,PASS,1,1e-18,stack1.5_foot1.5_out4_pre0.75,1.5,1.5,0.75,4.0,4.0,0.42,0.42,0.15,7.526999999999997,ff,1.8,125,104,0,0,0,0.0013529646476398507,1.8346109362520946,1.8613283495455768,1.9784240141819085,x1.m1,VGD,PASS,OUTSIDE_SCREEN,97.26575161750402,117.77913433324522,202.74084206925815,243.09442227566743,406.5000860201772,353.85662031177895,237.69026420905664,1.6464997250250013,14.28970397314608,9.973762839308401
balanced_stack1.5_foot1.5_out4_pre0.75_fast_1_2,robustness,fast,1,2,2000,0,10,5,17.4,50,50,1,50,,0,gear,PASS,1,1e-18,stack1.5_foot1.5_out4_pre0.75,1.5,1.5,0.75,4.0,4.0,0.42,0.42,0.15,7.526999999999997,ff,1.8,125,104,0,0,0,0.0013490866963562316,1.834603904256125,1.8635698891951498,1.975752465667849,x1.m1,VGD,PASS,OUTSIDE_SCREEN,111.78760872054804,132.77653159344402,205.99323082170068,257.776163559537,421.18188504479724,357.47368139622324,265.85270271798913,1.6845542670904197,-13.616987207937612,9.655942424548622
balanced_stack1.5_foot1.5_out4_pre0.75_fast_2_1,robustness,fast,2,1,2000,0,10,5,17.4,50,50,1,50,,0,gear,PASS,1,1e-18,stack1.5_foot1.5_out4_pre0.75,1.5,1.5,0.75,4.0,4.0,0.42,0.42,0.15,7.526999999999997,ff,1.8,125,104,0,0,0,0.0013501697639537501,1.8347884720860492,1.8615795395645693,1.9757710051018718,x1.m1,VGD,PASS,OUTSIDE_SCREEN,102.76526646788861,123.39528327225979,201.36028853637387,248.62863525071722,412.0343840674476,352.93496629440574,256.19106730605574,1.7094141561162741,13.909410859416155,-9.903860030490932
balanced_stack1.5_foot1.5_out4_pre0.75_fast_3_0,robustness,fast,3,0,2000,0,10,5,17.4,50,50,1,50,,0,gear,PASS,1,1e-18,stack1.5_foot1.5_out4_pre0.75,1.5,1.5,0.75,4.0,4.0,0.42,0.42,0.15,7.526999999999997,ff,1.8,125,104,0,0,0,0.001350167187202364,1.8347887616645557,1.8610827367589369,1.9784094465429085,x1.m1,VGD,PASS,OUTSIDE_SCREEN,114.7798692755233,135.84967596356285,204.81942438214566,260.7928747634474,424.19817285877275,356.6940479170372,283.8418805850753,1.6288998324510982,-13.332349718818449,-9.617249609895707
balanced_stack1.5_foot1.5_out6_pre0.75_ss_cold_0_3,robustness,ss_cold,0,3,2000,0,10,5,17.4,50,50,1,50,,0,gear,PASS,1,1e-18,stack1.5_foot1.5_out6_pre0.75,1.5,1.5,0.75,6.0,6.0,0.42,0.42,0.15,9.927,ss,1.8,-40,104,0,0,0,0.0006444829934528047,1.827045862584765,1.8363936832926953,1.956953914945354,x1.m2,VDS,PASS,OUTSIDE_SCREEN,131.2828648169369,153.27074279927785,388.6149288830963,355.4570333168852,579.6973964277862,584.4754670779914,181.42937484546593,1.221390936877986,12.570715098454732,9.173108996840012
balanced_stack1.5_foot1.5_out6_pre0.75_ss_cold_1_2,robustness,ss_cold,1,2,2000,0,10,5,17.4,50,50,1,50,,0,gear,PASS,1,1e-18,stack1.5_foot1.5_out6_pre0.75,1.5,1.5,0.75,6.0,6.0,0.42,0.42,0.15,9.927,ss,1.8,-40,104,0,0,0,0.0006446207893467908,1.827055802324041,1.8379014230642918,1.9230775060363239,x1.m1,VGD,PASS,PASS,153.36622228302383,175.8211337664906,390.9245922424032,377.815858285018,602.0558738709798,586.9855227749285,206.51142847455174,1.3522968393015324,-12.016926860465272,8.91632735091389
balanced_stack1.5_foot1.5_out6_pre0.75_ss_cold_2_1,robustness,ss_cold,2,1,2000,0,10,5,17.4,50,50,1,50,,0,gear,PASS,1,1e-18,stack1.5_foot1.5_out6_pre0.75,1.5,1.5,0.75,6.0,6.0,0.42,0.42,0.15,9.927,ss,1.8,-40,104,0,0,0,0.0006451512803051969,1.82715201276585,1.8362033707549679,1.9230775709262062,x1.m1,VGD,PASS,PASS,140.09282474680512,162.3278652210939,385.3126039289046,364.41510752137543,588.6555737228598,581.34281042756,198.8230777647674,1.0940133914701242,12.26248471987967,-9.05287899450371
balanced_stack1.5_foot1.5_out6_pre0.75_ss_cold_3_0,robustness,ss_cold,3,0,2000,0,10,5,17.4,50,50,1,50,,0,gear,PASS,1,1e-18,stack1.5_foot1.5_out6_pre0.75,1.5,1.5,0.75,6.0,6.0,0.42,0.42,0.15,9.927,ss,1.8,-40,104,0,0,0,0.0006446024974390389,1.827164274424769,1.8362748291262163,1.9240773018614812,x1.m1,VGD,PASS,PASS,157.51879271797765,180.165401730497,388.05408305229406,382.08721243136097,606.3269807194396,584.2653814236186,223.53332925136297,1.0997244811788693,-11.787074408436762,-8.828356280773022
balanced_stack1.5_foot1.5_out6_pre0.75_fast_0_3,robustness,fast,0,3,2000,0,10,5,17.4,50,50,1,50,,0,gear,PASS,1,1e-18,stack1.5_foot1.5_out6_pre0.75,1.5,1.5,0.75,6.0,6.0,0.42,0.42,0.15,9.927,ff,1.8,125,104,0,0,0,0.0011588621958744394,1.825177207984209,1.8441666248974902,1.9562486263647851,x1.m1,VGD,PASS,OUTSIDE_SCREEN,117.51346449891712,139.30656486120273,241.83939916459377,263.7827625435266,427.1897700079352,387.92586057227174,327.3464081220871,1.5150976541618133,14.277057763153197,9.95986285972262
balanced_stack1.5_foot1.5_out6_pre0.75_fast_1_2,robustness,fast,1,2,2000,0,10,5,17.4,50,50,1,50,,0,gear,PASS,1,1e-18,stack1.5_foot1.5_out6_pre0.75,1.5,1.5,0.75,6.0,6.0,0.42,0.42,0.15,9.927,ff,1.8,125,104,0,0,0,0.0011558669942360205,1.8251733418873883,1.8457119109959141,1.9545960120461547,x1.m1,VGD,PASS,OUTSIDE_SCREEN,133.53102198172834,155.74044020622028,244.42749545267984,279.94023961545696,443.34729378316456,390.9451929035719,355.7032759574102,1.430070699939618,-13.607803914342037,9.648462173615686
balanced_stack1.5_foot1.5_out6_pre0.75_fast_2_1,robustness,fast,2,1,2000,0,10,5,17.4,50,50,1,50,,0,gear,PASS,1,1e-18,stack1.5_foot1.5_out6_pre0.75,1.5,1.5,0.75,6.0,6.0,0.42,0.42,0.15,9.927,ff,1.8,125,104,0,0,0,0.001156672113314141,1.825268801497823,1.8442300477545701,1.9546110291818852,x1.m1,VGD,PASS,OUTSIDE_SCREEN,123.77353791893262,145.77085946596114,240.96363113651122,270.10963079894873,433.5164342804694,387.440765771384,346.1041739197395,1.5010182484043137,13.902491803008987,-9.910455296236849
balanced_stack1.5_foot1.5_out6_pre0.75_fast_3_0,robustness,fast,3,0,2000,0,10,5,17.4,50,50,1,50,,0,gear,PASS,1,1e-18,stack1.5_foot1.5_out6_pre0.75,1.5,1.5,0.75,6.0,6.0,0.42,0.42,0.15,9.927,ff,1.8,125,104,0,0,0,0.001156659751588768,1.825270264907937,1.8440138385957383,1.9562378249232517,x1.m1,VGD,PASS,OUTSIDE_SCREEN,137.17680330276008,159.55898122770955,243.68136296812958,283.6412767443937,447.0480183822356,390.5555688407885,373.64679597778814,1.5354674595160636,-13.324522935601246,-9.6250742593088
balanced_stack1.5_foot3_out4_pre0.75_ss_cold_0_3,robustness,ss_cold,0,3,2000,0,10,5,17.4,50,50,1,50,,0,gear,PASS,1,1e-18,stack1.5_foot3_out4_pre0.75,3.0,1.5,0.75,4.0,4.0,0.42,0.42,0.15,7.751999999999997,ss,1.8,-40,104,0,0,0,0.0009091209495193355,1.8374902226713217,1.850794685504171,1.950022421085439,x1.m2,VDS,PASS,OUTSIDE_SCREEN,93.77778921841806,113.23440740528913,351.72731457689724,316.34643413264405,540.5856766248619,549.4510420159348,159.07048671882947,2.2126392145215235,12.598755307667382,9.197191899661282
balanced_stack1.5_foot3_out4_pre0.75_ss_cold_1_2,robustness,ss_cold,1,2,2000,0,10,5,17.4,50,50,1,50,,0,gear,PASS,1,1e-18,stack1.5_foot3_out4_pre0.75,3.0,1.5,0.75,4.0,4.0,0.42,0.42,0.15,7.751999999999997,ss,1.8,-40,104,0,0,0,0.0009085329267301595,1.837499328747056,1.8524074537914637,1.934400641276216,x1.m1,VGD,PASS,PASS,116.69751059831596,136.77165786354684,354.26788561228057,339.6349494848455,563.8751315730034,552.2057574670413,184.432982045439,1.9480612089594989,-12.100363661135834,8.950908344456177
balanced_stack1.5_foot3_out4_pre0.75_ss_cold_2_1,robustness,ss_cold,2,1,2000,0,10,5,17.4,50,50,1,50,,0,gear,PASS,1,1e-18,stack1.5_foot3_out4_pre0.75,3.0,1.5,0.75,4.0,4.0,0.42,0.42,0.15,7.751999999999997,ss,1.8,-40,104,0,0,0,0.0009125796038607544,1.8377067729066994,1.8502320654271918,1.9344006696971963,x1.m1,VGD,PASS,PASS,102.19332667479823,121.93886770914338,346.720377502287,324.9381472545054,549.1777472218611,544.651178256736,176.35918060038466,2.048377218037355,12.295346666571287,-9.065497262700204
balanced_stack1.5_foot3_out4_pre0.75_ss_cold_3_0,robustness,ss_cold,3,0,2000,0,10,5,17.4,50,50,1,50,,0,gear,PASS,1,1e-18,stack1.5_foot3_out4_pre0.75,3.0,1.5,0.75,4.0,4.0,0.42,0.42,0.15,7.751999999999997,ss,1.8,-40,104,0,0,0,0.000910073888185707,1.8377319741518723,1.8504873902158112,1.935802005708174,x1.m1,VGD,PASS,PASS,119.85727244432044,140.1206775855101,349.9827391262891,342.9118947505317,567.1520818595303,548.0901150908184,201.16099292389865,2.029430623393389,-11.874972033266912,-8.84324802814766
balanced_stack1.5_foot3_out4_pre0.75_fast_0_3,robustness,fast,0,3,2000,0,10,5,17.4,50,50,1,50,,0,gear,PASS,1,1e-18,stack1.5_foot3_out4_pre0.75,3.0,1.5,0.75,4.0,4.0,0.42,0.42,0.15,7.751999999999997,ff,1.8,125,104,0,0,0,0.0013569154732630355,1.8346188314444978,1.8611433085275038,1.9733186397093316,x1.m1,VGD,PASS,OUTSIDE_SCREEN,81.39290263680732,100.5631281060091,213.07848445099984,226.75277273950513,390.15793082072105,363.9218129789492,241.14561586438785,2.4603197621462964,14.302663011579595,9.98084329431877
balanced_stack1.5_foot3_out4_pre0.75_fast_1_2,robustness,fast,1,2,2000,0,10,5,17.4,50,50,1,50,,0,gear,PASS,1,1e-18,stack1.5_foot3_out4_pre0.75,3.0,1.5,0.75,4.0,4.0,0.42,0.42,0.15,7.751999999999997,ff,1.8,125,104,0,0,0,0.0013491189487895108,1.8345994922431905,1.861166052962343,1.9708586834328223,x1.m1,VGD,PASS,OUTSIDE_SCREEN,97.87375097636155,117.64773745105221,216.2563564879745,243.4402442051331,406.8449785964156,367.4693227605892,269.35950970590466,2.565404137471099,-13.70137564676257,9.668223290370877
balanced_stack1.5_foot3_out4_pre0.75_fast_2_1,robustness,fast,2,1,2000,0,10,5,17.4,50,50,1,50,,0,gear,PASS,1,1e-18,stack1.5_foot3_out4_pre0.75,3.0,1.5,0.75,4.0,4.0,0.42,0.42,0.15,7.751999999999997,ff,1.8,125,104,0,0,0,0.0013628670006585086,1.8348027908320335,1.8611664483678603,1.9708773369031338,x1.m1,VGD,PASS,OUTSIDE_SCREEN,87.58523507096639,106.99864972515034,211.59003549808756,233.02659409682693,396.4310089913382,362.879986475613,259.6013621783606,2.628609616587103,13.931382476195088,-9.919288815980881
balanced_stack1.5_foot3_out4_pre0.75_fast_3_0,robustness,fast,3,0,2000,0,10,5,17.4,50,50,1,50,,0,gear,PASS,1,1e-18,stack1.5_foot3_out4_pre0.75,3.0,1.5,0.75,4.0,4.0,0.42,0.42,0.15,7.751999999999997,ff,1.8,125,104,0,0,0,0.001350182477442489,1.8347676786075868,1.8611442868224988,1.973301179610453,x1.m1,VGD,PASS,OUTSIDE_SCREEN,100.99795996335463,120.92593448393494,214.97033607211176,246.61306336766427,410.01729238529515,366.56966603133617,287.4667695851432,2.362466892531209,-13.417265705356366,-9.635571401130301
balanced_stack1.5_foot3_out6_pre0.75_ss_cold_0_3,robustness,ss_cold,0,3,2000,0,10,5,17.4,50,50,1,50,,0,gear,PASS,1,1e-18,stack1.5_foot3_out6_pre0.75,3.0,1.5,0.75,6.0,6.0,0.42,0.42,0.15,10.152,ss,1.8,-40,104,0,0,0,0.0006443101507938216,1.8270401978371487,1.836172282375361,1.9500678949887387,x1.m2,VDS,PASS,OUTSIDE_SCREEN,111.01916601987668,131.2309544523721,406.5549271253917,334.11079319511646,558.3508272976353,602.308677585897,184.98630767473463,2.088811156495469,12.589070070021178,9.185590944796783
balanced_stack1.5_foot3_out6_pre0.75_ss_cold_1_2,robustness,ss_cold,1,2,2000,0,10,5,17.4,50,50,1,50,,0,gear,PASS,1,1e-18,stack1.5_foot3_out6_pre0.75,3.0,1.5,0.75,6.0,6.0,0.42,0.42,0.15,10.152,ss,1.8,-40,104,0,0,0,0.0006440340863603147,1.827050237081454,1.837447743984954,1.9191040769705925,x1.m1,VGD,PASS,PASS,136.08971646607813,156.8823490975533,408.80223070599027,359.52756110225477,583.7676420047998,604.7478076797682,210.20065522385235,2.038087005530875,-12.092939964534601,8.938837929885862
balanced_stack1.5_foot3_out6_pre0.75_ss_cold_2_1,robustness,ss_cold,2,1,2000,0,10,5,17.4,50,50,1,50,,0,gear,PASS,1,1e-18,stack1.5_foot3_out6_pre0.75,3.0,1.5,0.75,6.0,6.0,0.42,0.42,0.15,10.152,ss,1.8,-40,104,0,0,0,0.0006463153845970245,1.8271486968582673,1.8357307379393828,1.9191039953397646,x1.m1,VGD,PASS,PASS,121.03197142000175,141.61273942610757,403.07644529224785,344.3430974123092,568.5832848205918,599.0001463839553,202.2145586256433,1.9830575625311588,12.297547500553659,-9.069772500852
balanced_stack1.5_foot3_out6_pre0.75_ss_cold_3_0,robustness,ss_cold,3,0,2000,0,10,5,17.4,50,50,1,50,,0,gear,PASS,1,1e-18,stack1.5_foot3_out6_pre0.75,3.0,1.5,0.75,6.0,6.0,0.42,0.42,0.15,10.152,ss,1.8,-40,104,0,0,0,0.0006450671280418708,1.827168598261348,1.8358790686874527,1.9199985593822575,x1.m1,VGD,PASS,PASS,140.4437916185188,161.50289907925244,405.7839053793717,364.0437156635664,588.2838651640176,601.8770564085643,226.99454041753873,1.9961282811202343,-11.863193577876599,-8.843771917805867
balanced_stack1.5_foot3_out6_pre0.75_fast_0_3,robustness,fast,0,3,2000,0,10,5,17.4,50,50,1,50,,0,gear,PASS,1,1e-18,stack1.5_foot3_out6_pre0.75,3.0,1.5,0.75,6.0,6.0,0.42,0.42,0.15,10.152,ff,1.8,125,104,0,0,0,0.0011618787375573653,1.82518122578784,1.844049973750936,1.9525005444562378,x1.m1,VGD,PASS,OUTSIDE_SCREEN,98.26038106305867,118.37040418769821,252.32614947671905,243.94560574014832,407.3509451181952,398.06692714074666,329.28998237068964,2.576127745126287,14.298279239381747,9.976489561008862
balanced_stack1.5_foot3_out6_pre0.75_fast_1_2,robustness,fast,1,2,2000,0,10,5,17.4,50,50,1,50,,0,gear,PASS,1,1e-18,stack1.5_foot3_out6_pre0.75,3.0,1.5,0.75,6.0,6.0,0.42,0.42,0.15,10.152,ff,1.8,125,104,0,0,0,0.0011558674002955388,1.8251689375291034,1.84405752648196,1.9509367320736923,x1.m1,VGD,PASS,OUTSIDE_SCREEN,116.44283187012556,137.03180513947504,254.89993733207635,262.2921638085683,425.69758921424926,401.07689086579467,357.7127351437499,2.60370655525238,-13.690681275083666,9.658396931684104
balanced_stack1.5_foot3_out6_pre0.75_fast_2_1,robustness,fast,2,1,2000,0,10,5,17.4,50,50,1,50,,0,gear,PASS,1,1e-18,stack1.5_foot3_out6_pre0.75,3.0,1.5,0.75,6.0,6.0,0.42,0.42,0.15,10.152,ff,1.8,125,104,0,0,0,0.0011626771130679458,1.8252770353092058,1.8440575517239464,1.9509519941856357,x1.m1,VGD,PASS,OUTSIDE_SCREEN,105.48809014249363,125.88338581769706,251.34840420512347,251.26993655465486,414.67505190491477,397.4959328902259,348.0814722664927,2.660289602272165,13.92279661773608,-9.923283936335364
balanced_stack1.5_foot3_out6_pre0.75_fast_3_0,robustness,fast,3,0,2000,0,10,5,17.4,50,50,1,50,,0,gear,PASS,1,1e-18,stack1.5_foot3_out6_pre0.75,3.0,1.5,0.75,6.0,6.0,0.42,0.42,0.15,10.152,ff,1.8,125,104,0,0,0,0.0011566550077932647,1.8252522122865409,1.844050283992807,1.9524872586989117,x1.m1,VGD,PASS,OUTSIDE_SCREEN,120.37171234445778,141.18210855915996,254.0623460069868,266.2927958666525,429.6982758587861,400.6022621213024,375.79415125695834,2.64825615468219,-13.412646164457641,-9.639659847043754
balanced_stack2_foot1.5_out4_pre0.75_ss_cold_0_3,robustness,ss_cold,0,3,2000,0,10,5,17.4,50,50,1,50,,0,gear,PASS,1,1e-18,stack2_foot1.5_out4_pre0.75,1.5,2.0,0.75,4.0,4.0,0.42,0.42,0.15,8.126999999999997,ss,1.8,-40,104,0,0,0,0.0008839947137945126,1.8363659350808752,1.8567072914451157,1.956577246015118,x1.m1,VGD,PASS,OUTSIDE_SCREEN,107.49371551426782,128.1864256186168,387.4932378980925,330.8171744113028,555.0569515582575,584.5622498091911,163.47471116996633,1.1794879075597307,16.165571230006815,11.625616757213491
balanced_stack2_foot1.5_out4_pre0.75_ss_cold_1_2,robustness,ss_cold,1,2,2000,0,10,5,17.4,50,50,1,50,,0,gear,PASS,1,1e-18,stack2_foot1.5_out4_pre0.75,1.5,2.0,0.75,4.0,4.0,0.42,0.42,0.15,8.126999999999997,ss,1.8,-40,104,0,0,0,0.0008846135015322767,1.8363859514174277,1.8591329740926743,1.9548449718136116,x1.m1,VGD,PASS,OUTSIDE_SCREEN,129.87586715779332,151.08088422168217,391.72835194552357,353.4966942253308,577.7370199296322,589.1272296046043,196.0564811893828,1.2548364800177758,-15.588059284574019,11.290455242225477
balanced_stack2_foot1.5_out4_pre0.75_ss_cold_2_1,robustness,ss_cold,2,1,2000,0,10,5,17.4,50,50,1,50,,0,gear,PASS,1,1e-18,stack2_foot1.5_out4_pre0.75,1.5,2.0,0.75,4.0,4.0,0.42,0.42,0.15,8.126999999999997,ss,1.8,-40,104,0,0,0,0.000888919340902642,1.8360958513300696,1.8501664309660133,1.954845356570703,x1.m1,VGD,PASS,OUTSIDE_SCREEN,114.75010658057195,135.45317702331124,380.7390134400651,338.07159371383676,562.3118171938081,578.2162144919558,185.28515204303997,1.3733406161757549,15.742772711171597,-11.613910937635806
balanced_stack2_foot1.5_out4_pre0.75_ss_cold_3_0,robustness,ss_cold,3,0,2000,0,10,5,17.4,50,50,1,50,,0,gear,PASS,1,1e-18,stack2_foot1.5_out4_pre0.75,1.5,2.0,0.75,4.0,4.0,0.42,0.42,0.15,8.126999999999997,ss,1.8,-40,104,0,0,0,0.0008865801367716658,1.8366406344915875,1.8502474448659962,1.95657906485419,x1.m1,VGD,PASS,OUTSIDE_SCREEN,131.7168289289907,152.94827159201697,386.1507156540169,355.356279670301,579.5958879794422,583.8807524200125,217.36656997166634,1.3049246788846818,-15.285019779802798,-11.310199006600074
balanced_stack2_foot1.5_out4_pre0.75_fast_0_3,robustness,fast,0,3,2000,0,10,5,17.4,50,50,1,50,,0,gear,PASS,1,1e-18,stack2_foot1.5_out4_pre0.75,1.5,2.0,0.75,4.0,4.0,0.42,0.42,0.15,8.126999999999997,ff,1.8,125,104,0,0,0,0.0013290197716707597,1.8337842259039239,1.862150351215009,1.9999628137900445,x1.m1,VGD,PASS,OUTSIDE_SCREEN,94.02351153399132,114.02454081333934,231.40062096489183,239.67471160602693,403.07939732342805,380.8171971476826,248.77943685055533,1.7727315136674602,18.404444156027903,12.620892038852896
balanced_stack2_foot1.5_out4_pre0.75_fast_1_2,robustness,fast,1,2,2000,0,10,5,17.4,50,50,1,50,,0,gear,PASS,1,1e-18,stack2_foot1.5_out4_pre0.75,1.5,2.0,0.75,4.0,4.0,0.42,0.42,0.15,8.126999999999997,ff,1.8,125,104,0,0,0,0.0013242864883249922,1.8337785551736379,1.8644581979369048,1.9970422524503828,x1.m1,VGD,PASS,OUTSIDE_SCREEN,110.51377123566505,131.08720313832754,236.46709097707213,256.35767214652157,419.76393131417507,386.43368416985277,285.3247540554223,1.5271731007797325,-17.663003743588547,12.18213934919644
balanced_stack2_foot1.5_out4_pre0.75_fast_2_1,robustness,fast,2,1,2000,0,10,5,17.4,50,50,1,50,,0,gear,PASS,1,1e-18,stack2_foot1.5_out4_pre0.75,1.5,2.0,0.75,4.0,4.0,0.42,0.42,0.15,8.126999999999997,ff,1.8,125,104,0,0,0,0.0013256781180962204,1.8340500314261265,1.8620984276996084,1.9970651306739535,x1.m1,VGD,PASS,OUTSIDE_SCREEN,99.8098471500061,119.77843588901023,229.80794878579007,245.4435357174709,408.84825765638305,379.87952540027186,272.1214665892551,1.597235676067272,17.873869456744067,-12.699962257387298
balanced_stack2_foot1.5_out4_pre0.75_fast_3_0,robustness,fast,3,0,2000,0,10,5,17.4,50,50,1,50,,0,gear,PASS,1,1e-18,stack2_foot1.5_out4_pre0.75,1.5,2.0,0.75,4.0,4.0,0.42,0.42,0.15,8.126999999999997,ff,1.8,125,104,0,0,0,0.0013256449895912789,1.8340491803374186,1.8614772721735369,1.9999426435515009,x1.m1,VGD,PASS,OUTSIDE_SCREEN,112.95717651280738,133.50695526291074,235.1788303834052,258.79210536969333,422.19706700465576,385.70281452451616,307.80313303060296,1.470395168380503,-17.27541665756583,-12.306742575818603
balanced_stack2_foot1.5_out6_pre0.75_ss_cold_0_3,robustness,ss_cold,0,3,2000,0,10,5,17.4,50,50,1,50,,0,gear,PASS,1,1e-18,stack2_foot1.5_out6_pre0.75,1.5,2.0,0.75,6.0,6.0,0.42,0.42,0.15,10.527000000000001,ss,1.8,-40,104,0,0,0,0.0006312822198986359,1.826411370829107,1.8443928832618084,1.9498390283889884,x1.m2,VDS,PASS,PASS,123.7833982119056,145.06263218128547,441.3345765374268,347.5229814815149,571.7632428612906,636.4282242932084,189.22967937713065,1.3642534307367047,16.146392529372488,11.605282946477534
balanced_stack2_foot1.5_out6_pre0.75_ss_cold_1_2,robustness,ss_cold,1,2,2000,0,10,5,17.4,50,50,1,50,,0,gear,PASS,1,1e-18,stack2_foot1.5_out6_pre0.75,1.5,2.0,0.75,6.0,6.0,0.42,0.42,0.15,10.527000000000001,ss,1.8,-40,104,0,0,0,0.0006311619021523342,1.826423664185066,1.8461509903014464,1.9391657936818034,x1.m1,VGD,PASS,PASS,148.6584089358275,170.48708268032257,445.1363479674184,372.7252313670242,596.965575690516,640.5359412975065,221.9564104458536,1.2790521427035377,-15.576490119678034,11.27601702411772
balanced_stack2_foot1.5_out6_pre0.75_ss_cold_2_1,robustness,ss_cold,2,1,2000,0,10,5,17.4,50,50,1,50,,0,gear,PASS,1,1e-18,stack2_foot1.5_out6_pre0.75,1.5,2.0,0.75,6.0,6.0,0.42,0.42,0.15,10.527000000000001,ss,1.8,-40,104,0,0,0,0.0006331567268098109,1.826568442817641,1.8359227517166232,1.9391657694135866,x1.m1,VGD,PASS,PASS,132.73435516513325,154.1463074608527,436.7376214963892,356.5485380947984,580.7889624084653,632.1668738571111,211.28598021264395,1.2795695275346712,15.733385122099572,-11.62142400926869
balanced_stack2_foot1.5_out6_pre0.75_ss_cold_3_0,robustness,ss_cold,3,0,2000,0,10,5,17.4,50,50,1,50,,0,gear,PASS,1,1e-18,stack2_foot1.5_out6_pre0.75,1.5,2.0,0.75,6.0,6.0,0.42,0.42,0.15,10.527000000000001,ss,1.8,-40,104,0,0,0,0.00063227590602546,1.8265863116930392,1.8360298894041538,1.9403143235971816,x1.m1,VGD,PASS,PASS,151.8285535365853,173.7818640142523,441.2753242256573,375.9682629402317,600.2079044719441,636.9650642027282,243.38076978673493,1.174666400147213,-15.27191315508977,-11.31843016777831
balanced_stack2_foot1.5_out6_pre0.75_fast_0_3,robustness,fast,0,3,2000,0,10,5,17.4,50,50,1,50,,0,gear,PASS,1,1e-18,stack2_foot1.5_out6_pre0.75,1.5,2.0,0.75,6.0,6.0,0.42,0.42,0.15,10.527000000000001,ff,1.8,125,104,0,0,0,0.0011439351826978566,1.824699033297168,1.8449069748723488,1.9778133654320966,x1.m1,VGD,PASS,OUTSIDE_SCREEN,110.63209437660483,131.41508055131087,270.64155366395545,256.55541963374145,419.9616260722572,414.59188154737865,339.7275029398293,1.7767063770339449,18.38954559325041,12.598861847278693
balanced_stack2_foot1.5_out6_pre0.75_fast_1_2,robustness,fast,1,2,2000,0,10,5,17.4,50,50,1,50,,0,gear,PASS,1,1e-18,stack2_foot1.5_out6_pre0.75,1.5,2.0,0.75,6.0,6.0,0.42,0.42,0.15,10.527000000000001,ff,1.8,125,104,0,0,0,0.0011402988911906294,1.8246971886809302,1.8465833447615454,1.975889822642865,x1.m1,VGD,PASS,OUTSIDE_SCREEN,129.069559459997,150.411596651765,274.7933592603435,275.18201938510265,438.58853252842863,419.4036132682019,376.19175975409007,1.6140296003275563,-17.655361929867166,12.169414453147079
balanced_stack2_foot1.5_out6_pre0.75_fast_2_1,robustness,fast,2,1,2000,0,10,5,17.4,50,50,1,50,,0,gear,PASS,1,1e-18,stack2_foot1.5_out6_pre0.75,1.5,2.0,0.75,6.0,6.0,0.42,0.42,0.15,10.527000000000001,ff,1.8,125,104,0,0,0,0.0011413479527587539,1.8248362038130093,1.8448034063329493,1.9759089091212816,x1.m1,VGD,PASS,OUTSIDE_SCREEN,117.41693703266348,138.30306959963679,269.5812977720128,263.3709029790988,426.77830602874536,414.14899794101586,363.2019917250908,1.5270468501925096,17.86915153530996,-12.711182540270707
balanced_stack2_foot1.5_out6_pre0.75_fast_3_0,robustness,fast,3,0,2000,0,10,5,17.4,50,50,1,50,,0,gear,PASS,1,1e-18,stack2_foot1.5_out6_pre0.75,1.5,2.0,0.75,6.0,6.0,0.42,0.42,0.15,10.527000000000001,ff,1.8,125,104,0,0,0,0.0011413177139234574,1.8248377385067913,1.8444441216929524,1.977796505782675,x1.m1,VGD,PASS,OUTSIDE_SCREEN,132.40673674699883,153.84923083869697,273.9563375708005,278.54857789894214,441.95555769883447,419.09642984912136,398.55948921269794,1.6692769413856519,-17.26825169617678,-12.317446089705646
balanced_stack2_foot3_out4_pre0.75_ss_cold_0_3,robustness,ss_cold,0,3,2000,0,10,5,17.4,50,50,1,50,,0,gear,PASS,1,1e-18,stack2_foot3_out4_pre0.75,3.0,2.0,0.75,4.0,4.0,0.42,0.42,0.15,8.351999999999997,ss,1.8,-40,104,0,0,0,0.0008841288404612628,1.836360474859445,1.8567165440452214,1.9517018108561963,x1.m1,VGD,PASS,OUTSIDE_SCREEN,87.4022411337449,106.22385494720228,406.22321874659156,309.57619505174404,533.8158688641632,603.2001576859726,167.13013964034383,2.0753696143637534,16.20425961011749,11.652199198178916
balanced_stack2_foot3_out4_pre0.75_ss_cold_1_2,robustness,ss_cold,1,2,2000,0,10,5,17.4,50,50,1,50,,0,gear,PASS,1,1e-18,stack2_foot3_out4_pre0.75,3.0,2.0,0.75,4.0,4.0,0.42,0.42,0.15,8.351999999999997,ss,1.8,-40,104,0,0,0,0.0008841424959839028,1.8363830859254073,1.8591879702200051,1.9501654996417928,x1.m1,VGD,PASS,OUTSIDE_SCREEN,113.396301976963,133.00864774653058,410.33622932630027,336.03804910436213,560.2775141638505,607.6378883298976,199.73002020547807,2.088865438268106,-15.694034075847052,11.315835451737627
balanced_stack2_foot3_out4_pre0.75_ss_cold_2_1,robustness,ss_cold,2,1,2000,0,10,5,17.4,50,50,1,50,,0,gear,PASS,1,1e-18,stack2_foot3_out4_pre0.75,3.0,2.0,0.75,4.0,4.0,0.42,0.42,0.15,8.351999999999997,ss,1.8,-40,104,0,0,0,0.0008888185158833527,1.8345606629795022,1.8495584517910586,1.9501657192685473,x1.m1,VGD,PASS,OUTSIDE_SCREEN,95.69187212975305,114.74643405651467,399.25738643597515,318.0083184756986,542.2485234321778,596.6443268931532,189.03230033080473,2.0469891671902256,15.794849745669291,-11.634272882789281
balanced_stack2_foot3_out4_pre0.75_ss_cold_3_0,robustness,ss_cold,3,0,2000,0,10,5,17.4,50,50,1,50,,0,gear,PASS,1,1e-18,stack2_foot3_out4_pre0.75,3.0,2.0,0.75,4.0,4.0,0.42,0.42,0.15,8.351999999999997,ss,1.8,-40,104,0,0,0,0.0008865005309718959,1.8354346530699723,1.8498018531214255,1.9517032178402067,x1.m1,VGD,PASS,OUTSIDE_SCREEN,115.29342026343909,135.01997522631186,404.570871853588,338.00995543852906,562.2501647317772,602.2028485505284,221.2282129027964,1.8932820661257928,-15.384037315167758,-11.334889332474747
balanced_stack2_foot3_out4_pre0.75_fast_0_3,robustness,fast,0,3,2000,0,10,5,17.4,50,50,1,50,,0,gear,PASS,1,1e-18,stack2_foot3_out4_pre0.75,3.0,2.0,0.75,4.0,4.0,0.42,0.42,0.15,8.351999999999997,ff,1.8,125,104,0,0,0,0.0013332921333927977,1.8337921391363785,1.8599448593725216,1.9951567749374153,x1.m1,VGD,PASS,OUTSIDE_SCREEN,76.17507335538227,94.50590120360555,242.38565570943166,221.24292262486426,384.6471776092265,391.5153469930724,252.39941806995574,2.517110881344917,18.441165976910774,12.641906523581635
balanced_stack2_foot3_out4_pre0.75_fast_1_2,robustness,fast,1,2,2000,0,10,5,17.4,50,50,1,50,,0,gear,PASS,1,1e-18,stack2_foot3_out4_pre0.75,3.0,2.0,0.75,4.0,4.0,0.42,0.42,0.15,8.351999999999997,ff,1.8,125,104,0,0,0,0.0013242593403088156,1.833774769436675,1.8618740851649058,1.9924441390222953,x1.m1,VGD,PASS,OUTSIDE_SCREEN,95.14377337276296,114.342796250963,247.39462216616124,240.50499738588726,403.90906800229874,397.0801352907866,288.9952406137686,2.3718250113326667,-17.776465474851786,12.207986998139535
balanced_stack2_foot3_out4_pre0.75_fast_2_1,robustness,fast,2,1,2000,0,10,5,17.4,50,50,1,50,,0,gear,PASS,1,1e-18,stack2_foot3_out4_pre0.75,3.0,2.0,0.75,4.0,4.0,0.42,0.42,0.15,8.351999999999997,ff,1.8,125,104,0,0,0,0.0013451733295572774,1.83406164684861,1.8599800453489506,1.9924672137976112,x1.m1,VGD,PASS,OUTSIDE_SCREEN,82.62075506912048,101.16035964338015,240.64625524088157,227.75247698745747,391.1568352150973,390.45220735031444,275.4537881907876,2.676070035009535,17.926016062518443,-12.726365731699108
balanced_stack2_foot3_out4_pre0.75_fast_3_0,robustness,fast,3,0,2000,0,10,5,17.4,50,50,1,50,,0,gear,PASS,1,1e-18,stack2_foot3_out4_pre0.75,3.0,2.0,0.75,4.0,4.0,0.42,0.42,0.15,8.351999999999997,ff,1.8,125,104,0,0,0,0.0013256441192648692,1.8340339096961937,1.8599453135335282,1.9951353598672004,x1.m1,VGD,PASS,OUTSIDE_SCREEN,97.61960301397131,116.88535271524948,245.97597089693392,243.00171931626852,406.4065983978415,396.2329283456818,311.31488646787386,2.465990490239596,-17.390151894314293,-12.334874626063478
balanced_stack2_foot3_out6_pre0.75_ss_cold_0_3,robustness,ss_cold,0,3,2000,0,10,5,17.4,50,50,1,50,,0,gear,PASS,1,1e-18,stack2_foot3_out6_pre0.75,3.0,2.0,0.75,6.0,6.0,0.42,0.42,0.15,10.752,ss,1.8,-40,104,0,0,0,0.000631509174887732,1.8264074592158783,1.8443995931984896,1.943652505998025,x1.m2,VDS,PASS,PASS,100.65823027574905,119.81684382163822,460.1784414963007,323.0971000673575,547.3372565036983,655.1664360655694,193.19877541202231,1.9434637477675982,16.197798279940372,11.640335153020803
balanced_stack2_foot3_out6_pre0.75_ss_cold_1_2,robustness,ss_cold,1,2,2000,0,10,5,17.4,50,50,1,50,,0,gear,PASS,1,1e-18,stack2_foot3_out6_pre0.75,3.0,2.0,0.75,6.0,6.0,0.42,0.42,0.15,10.752,ss,1.8,-40,104,0,0,0,0.0006311916812154677,1.8264238989152264,1.8461911901286572,1.9353625733281612,x1.m1,VGD,PASS,PASS,129.65417799779388,149.60624683231092,463.942751651189,352.5676751948447,576.8078915364393,659.2363308056473,225.8036761248358,1.9513011685104205,-15.673772861879518,11.299229458007483
balanced_stack2_foot3_out6_pre0.75_ss_cold_2_1,robustness,ss_cold,2,1,2000,0,10,5,17.4,50,50,1,50,,0,gear,PASS,1,1e-18,stack2_foot3_out6_pre0.75,3.0,2.0,0.75,6.0,6.0,0.42,0.42,0.15,10.752,ss,1.8,-40,104,0,0,0,0.0006331999450126099,1.8264805416444174,1.8355044409683774,1.9353624558227531,x1.m1,VGD,PASS,PASS,110.9991250436357,130.50860392588703,455.4007386044564,333.6466019937912,557.8867157117724,650.7249932910776,214.99057159690332,2.0207791800412247,15.792370188712887,-11.644320098932305
balanced_stack2_foot3_out6_pre0.75_ss_cold_3_0,robustness,ss_cold,3,0,2000,0,10,5,17.4,50,50,1,50,,0,gear,PASS,1,1e-18,stack2_foot3_out6_pre0.75,3.0,2.0,0.75,6.0,6.0,0.42,0.42,0.15,10.752,ss,1.8,-40,104,0,0,0,0.0006318682025386546,1.826586183238442,1.8357329746469617,1.9364004901774232,x1.m1,VGD,PASS,PASS,132.8927796369913,153.05823671499397,459.9235855966689,355.94021069797066,580.1797878930573,655.4996334879029,247.03561425861943,2.0614123892827463,-15.38356683681189,-11.347858594166256
balanced_stack2_foot3_out6_pre0.75_fast_0_3,robustness,fast,0,3,2000,0,10,5,17.4,50,50,1,50,,0,gear,PASS,1,1e-18,stack2_foot3_out6_pre0.75,3.0,2.0,0.75,6.0,6.0,0.42,0.42,0.15,10.752,ff,1.8,125,104,0,0,0,0.0011473284953968544,1.824703113601052,1.8434580057090246,1.9741501315749306,x1.m1,VGD,PASS,OUTSIDE_SCREEN,89.30595162094885,108.21719897766742,281.72136246222715,234.5721104492923,397.9766365848523,425.3259683042755,342.0380706578432,2.5671389139316436,18.42491060501008,12.617639497076036
balanced_stack2_foot3_out6_pre0.75_fast_1_2,robustness,fast,1,2,2000,0,10,5,17.4,50,50,1,50,,0,gear,PASS,1,1e-18,stack2_foot3_out6_pre0.75,3.0,2.0,0.75,6.0,6.0,0.42,0.42,0.15,10.752,ff,1.8,125,104,0,0,0,0.0011403015575176794,1.8246924364770538,1.845214456967697,1.972330463674292,x1.m1,VGD,PASS,OUTSIDE_SCREEN,110.60355305020401,130.2366069598161,285.8877710709668,256.1157715050536,419.52125842153595,430.14700595802157,378.67843646383864,2.5389172474466757,-17.76832835477129,12.191151804500878
balanced_stack2_foot3_out6_pre0.75_fast_2_1,robustness,fast,2,1,2000,0,10,5,17.4,50,50,1,50,,0,gear,PASS,1,1e-18,stack2_foot3_out6_pre0.75,3.0,2.0,0.75,6.0,6.0,0.42,0.42,0.15,10.752,ff,1.8,125,104,0,0,0,0.0011455406871282916,1.8248427542605354,1.8434700242478144,1.9723487402445548,x1.m1,VGD,PASS,OUTSIDE_SCREEN,97.14549551768283,116.35665396595836,280.56286271252503,242.50836657771745,405.91300011172154,424.79046777088263,365.48293004504677,2.513423807022355,17.91654114918007,-12.73442298344018
balanced_stack2_foot3_out6_pre0.75_fast_3_0,robustness,fast,3,0,2000,0,10,5,17.4,50,50,1,50,,0,gear,PASS,1,1e-18,stack2_foot3_out6_pre0.75,3.0,2.0,0.75,6.0,6.0,0.42,0.42,0.15,10.752,ff,1.8,125,104,0,0,0,0.0011413190298627837,1.8248256156494584,1.843458458098621,1.9741312781046605,x1.m1,VGD,PASS,OUTSIDE_SCREEN,114.09751451002498,133.91281246815797,284.9532532205795,259.67023486286143,423.0762349827264,429.7538872866828,401.1791673889069,2.5040783272061464,-17.37811917733079,-12.343341821561792
balanced_stack3_foot1.5_out4_pre0.75_ss_cold_0_3,robustness,ss_cold,0,3,2000,0,10,5,17.4,50,50,1,50,,0,gear,PASS,1,1e-18,stack3_foot1.5_out4_pre0.75,1.5,3.0,0.75,4.0,4.0,0.42,0.42,0.15,9.326999999999998,ss,1.8,-40,104,0,0,0,0.0008383421391105702,1.830343028667139,1.881461335129125,1.975964688823248,x1.m1,VGD,PASS,OUTSIDE_SCREEN,109.56060751336543,130.77106333609728,492.9012498553598,333.1878481129478,557.428053761572,688.4145324768585,178.70892132723242,1.3835439120175863,23.313469856927046,16.52317672094107
balanced_stack3_foot1.5_out4_pre0.75_ss_cold_1_2,robustness,ss_cold,1,2,2000,0,10,5,17.4,50,50,1,50,,0,gear,PASS,1,1e-18,stack3_foot1.5_out4_pre0.75,1.5,3.0,0.75,4.0,4.0,0.42,0.42,0.15,9.326999999999998,ss,1.8,-40,104,0,0,0,0.0008393101814610824,1.8306443422729963,1.8850961989003545,1.974148984093794,x1.m1,VGD,PASS,OUTSIDE_SCREEN,133.92385461045274,155.37114353291213,500.8552648255101,357.6827719842302,581.9231782494779,696.9452444991375,226.39275025232106,1.3015321066226688,-22.676462989939687,16.012893983920133
balanced_stack3_foot1.5_out4_pre0.75_ss_cold_2_1,robustness,ss_cold,2,1,2000,0,10,5,17.4,50,50,1,50,,0,gear,PASS,1,1e-18,stack3_foot1.5_out4_pre0.75,1.5,3.0,0.75,4.0,4.0,0.42,0.42,0.15,9.326999999999998,ss,1.8,-40,104,0,0,0,0.0008443011713604705,1.8238652888945377,1.8479955115181774,1.974149101305086,x1.m1,VGD,PASS,OUTSIDE_SCREEN,115.85114976252692,136.63780523920005,483.02733654678883,339.21553587537716,563.4559244892457,679.4343925714104,210.1593596425853,1.3617965251857058,22.681981377855898,-16.70540956624319
balanced_stack3_foot1.5_out4_pre0.75_ss_cold_3_0,robustness,ss_cold,3,0,2000,0,10,5,17.4,50,50,1,50,,0,gear,PASS,1,1e-18,stack3_foot1.5_out4_pre0.75,1.5,3.0,0.75,4.0,4.0,0.42,0.42,0.15,9.326999999999998,ss,1.8,-40,104,0,0,0,0.0008438579482761581,1.8246805360515161,1.848833465271182,1.9759653772667578,x1.m1,VGD,PASS,OUTSIDE_SCREEN,133.444275021716,154.68580263710754,493.1136797716717,357.0829750425492,581.3231230283136,689.9012072938203,256.8661993418165,1.268827759266202,-22.220801221762013,-16.247163875854163
balanced_stack3_foot1.5_out4_pre0.75_fast_0_3,robustness,fast,0,3,2000,0,10,5,17.4,50,50,1,50,,0,gear,PASS,1,1e-18,stack3_foot1.5_out4_pre0.75,1.5,3.0,0.75,4.0,4.0,0.42,0.42,0.15,9.326999999999998,ff,1.8,125,104,0,0,0,0.0012832765329936413,1.8322211169595282,1.879405477193435,2.0275320404335595,x1.m1,VGD,PASS,OUTSIDE_SCREEN,94.92691210523576,114.98022495696388,287.8485661077753,240.59843919263105,404.0046816883071,433.7415756742108,272.63638107065304,1.6501070154920883,26.619052199150673,17.911021880295994
balanced_stack3_foot1.5_out4_pre0.75_fast_1_2,robustness,fast,1,2,2000,0,10,5,17.4,50,50,1,50,,0,gear,PASS,1,1e-18,stack3_foot1.5_out4_pre0.75,1.5,3.0,0.75,4.0,4.0,0.42,0.42,0.15,9.326999999999998,ff,1.8,125,104,0,0,0,0.0012773691062535918,1.8322227027422855,1.8837087817903093,2.024393214542818,x1.m1,VGD,PASS,OUTSIDE_SCREEN,114.18463231217564,134.69802322210694,297.0453799042712,260.0072917453969,423.4136795642956,443.87862670305105,324.98614529009257,1.5634914972455003,-25.73512642332147,17.242638827232938
balanced_stack3_foot1.5_out4_pre0.75_fast_2_1,robustness,fast,2,1,2000,0,10,5,17.4,50,50,1,50,,0,gear,PASS,1,1e-18,stack3_foot1.5_out4_pre0.75,1.5,3.0,0.75,4.0,4.0,0.42,0.42,0.15,9.326999999999998,ff,1.8,125,104,0,0,0,0.0012858010371179184,1.832655931014204,1.8611038132965483,2.024422151460681,x1.m1,VGD,PASS,OUTSIDE_SCREEN,100.82347910632468,120.43438611903574,286.1267430872648,246.33474806545385,409.7408533410083,433.13836720662556,304.60356890942325,1.6680677061721632,25.82218905147529,-18.270719272352224
balanced_stack3_foot1.5_out4_pre0.75_fast_3_0,robustness,fast,3,0,2000,0,10,5,17.4,50,50,1,50,,0,gear,PASS,1,1e-18,stack3_foot1.5_out4_pre0.75,1.5,3.0,0.75,4.0,4.0,0.42,0.42,0.15,9.326999999999998,ff,1.8,125,104,0,0,0,0.001279289850289979,1.8326552522264619,1.8619102493846225,2.027506250890009,x1.m1,VGD,PASS,OUTSIDE_SCREEN,115.14885180273096,135.39830201226619,295.84840113118713,260.87888632884943,424.28413766463416,443.58118051728536,356.05413335220675,1.6241840964059804,-25.137146662294814,-17.659507232566156
balanced_stack3_foot1.5_out6_pre0.75_ss_cold_0_3,robustness,ss_cold,0,3,2000,0,10,5,17.4,50,50,1,50,,0,gear,PASS,1,1e-18,stack3_foot1.5_out6_pre0.75,1.5,3.0,0.75,6.0,6.0,0.42,0.42,0.15,11.727,ss,1.8,-40,104,0,0,0,0.0006077147966899011,1.8223086774184025,1.8643289280832591,1.9615715067294377,x1.m1,VGD,PASS,OUTSIDE_SCREEN,122.198013874439,143.51794986911904,544.880257968651,345.9565687423779,570.1968963273009,738.4355980390026,204.99512093504902,1.3375901710761195,23.29390622577036,16.487210806913307
balanced_stack3_foot1.5_out6_pre0.75_ss_cold_1_2,robustness,ss_cold,1,2,2000,0,10,5,17.4,50,50,1,50,,0,gear,PASS,1,1e-18,stack3_foot1.5_out6_pre0.75,1.5,3.0,0.75,6.0,6.0,0.42,0.42,0.15,11.727,ss,1.8,-40,104,0,0,0,0.0006070465184526529,1.8225324528949,1.8670047404552657,1.9602659844039843,x1.m1,VGD,PASS,OUTSIDE_SCREEN,149.6970336659671,171.42506218736747,552.3988775000739,373.68942234787323,597.9295493064749,746.4909755095675,252.47289660488906,1.4291305239669934,-22.66493845524853,15.986823287286292
balanced_stack3_foot1.5_out6_pre0.75_ss_cold_2_1,robustness,ss_cold,2,1,2000,0,10,5,17.4,50,50,1,50,,0,gear,PASS,1,1e-18,stack3_foot1.5_out6_pre0.75,1.5,3.0,0.75,6.0,6.0,0.42,0.42,0.15,11.727,ss,1.8,-40,104,0,0,0,0.0006099411856173661,1.8193318450284026,1.8348180309011886,1.9602661870275322,x1.m1,VGD,PASS,OUTSIDE_SCREEN,130.39639142808858,151.44872808151283,538.3584816688336,353.9819479571032,578.2224465512714,732.599126701182,236.32607618599613,1.3677085561365305,22.66711258041759,-16.7305648558977
balanced_stack3_foot1.5_out6_pre0.75_ss_cold_3_0,robustness,ss_cold,3,0,2000,0,10,5,17.4,50,50,1,50,,0,gear,PASS,1,1e-18,stack3_foot1.5_out6_pre0.75,1.5,3.0,0.75,6.0,6.0,0.42,0.42,0.15,11.727,ss,1.8,-40,104,0,0,0,0.0006094092431297175,1.8199137909095502,1.8354182833475623,1.9615735411844906,x1.m1,VGD,PASS,OUTSIDE_SCREEN,150.64718362964157,172.27972977553873,547.2287765924696,374.5830153299707,598.8229260084468,741.8778877029793,283.00424152791646,1.2616131267659332,-22.210214767684146,-16.27345986709222
balanced_stack3_foot1.5_out6_pre0.75_fast_0_3,robustness,fast,0,3,2000,0,10,5,17.4,50,50,1,50,,0,gear,PASS,1,1e-18,stack3_foot1.5_out6_pre0.75,1.5,3.0,0.75,6.0,6.0,0.42,0.42,0.15,11.727,ff,1.8,125,104,0,0,0,0.0011151395482862521,1.8237783362553344,1.8630618894699558,2.0066080385299943,x1.m1,VGD,PASS,OUTSIDE_SCREEN,108.2523976501464,128.59240184260747,327.4148414050997,254.02426815806245,417.43057015901405,466.8974321451391,368.6388223838849,1.5868830593762884,26.608983466453175,17.881790468618924
balanced_stack3_foot1.5_out6_pre0.75_fast_1_2,robustness,fast,1,2,2000,0,10,5,17.4,50,50,1,50,,0,gear,PASS,1,1e-18,stack3_foot1.5_out6_pre0.75,1.5,3.0,0.75,6.0,6.0,0.42,0.42,0.15,11.727,ff,1.8,125,104,0,0,0,0.001110525030211835,1.823783275761191,1.866231290876647,2.004356149513016,x1.m1,VGD,PASS,OUTSIDE_SCREEN,129.80035603541768,150.6993136419761,335.27831042661535,275.76060467294025,439.1679075377698,475.87794613083497,420.61618686697744,1.465822437086001,-25.723354274591436,17.220950336717493
balanced_stack3_foot1.5_out6_pre0.75_fast_2_1,robustness,fast,2,1,2000,0,10,5,17.4,50,50,1,50,,0,gear,PASS,1,1e-18,stack3_foot1.5_out6_pre0.75,1.5,3.0,0.75,6.0,6.0,0.42,0.42,0.15,11.727,ff,1.8,125,104,0,0,0,0.0011157271570579534,1.824003455286283,1.8444636943967316,2.0043809039541056,x1.m1,VGD,PASS,OUTSIDE_SCREEN,115.2955464652906,135.39850682067046,326.2179459969189,260.9759954442569,424.3817966868243,466.8189307626587,400.0087938151284,1.6974431721379488,25.799934703316936,-18.296392850360327
balanced_stack3_foot1.5_out6_pre0.75_fast_3_0,robustness,fast,3,0,2000,0,10,5,17.4,50,50,1,50,,0,gear,PASS,1,1e-18,stack3_foot1.5_out6_pre0.75,1.5,3.0,0.75,6.0,6.0,0.42,0.42,0.15,11.727,ff,1.8,125,104,0,0,0,0.0011119648982899296,1.824008339159173,1.8450696170765664,2.006583796125196,x1.m1,VGD,PASS,OUTSIDE_SCREEN,131.86155812597633,152.66610507070573,334.4808647425722,277.783817486057,441.1910901647929,476.01785969512457,451.315727999941,1.4780891494512334,-25.12553202632634,-17.69083337031939
balanced_stack3_foot3_out4_pre0.75_ss_cold_0_3,robustness,ss_cold,0,3,2000,0,10,5,17.4,50,50,1,50,,0,gear,PASS,1,1e-18,stack3_foot3_out4_pre0.75,3.0,3.0,0.75,4.0,4.0,0.42,0.42,0.15,9.551999999999998,ss,1.8,-40,104,0,0,0,0.0008387375573873488,1.830270572100755,1.881469257861569,1.9718278620530874,x1.m1,VGD,PASS,OUTSIDE_SCREEN,84.13981766295059,102.69768200057857,513.0388653634118,306.1415432585748,530.3816598274141,708.4693708960401,182.77655659772736,2.160176696783949,23.391725958529864,16.57537890962146
balanced_stack3_foot3_out4_pre0.75_ss_cold_1_2,robustness,ss_cold,1,2,2000,0,10,5,17.4,50,50,1,50,,0,gear,PASS,1,1e-18,stack3_foot3_out4_pre0.75,3.0,3.0,0.75,4.0,4.0,0.42,0.42,0.15,9.551999999999998,ss,1.8,-40,104,0,0,0,0.0008383684794268817,1.8305798974983103,1.8851503278747535,1.970177650824372,x1.m1,VGD,PASS,OUTSIDE_SCREEN,113.46298625781797,132.94489224949226,520.9011687609651,336.00912078156796,560.2493546622735,716.9069452778757,230.2445492072399,2.235705180284482,-22.82652126575883,16.047214866049266
balanced_stack3_foot3_out4_pre0.75_ss_cold_2_1,robustness,ss_cold,2,1,2000,0,10,5,17.4,50,50,1,50,,0,gear,PASS,1,1e-18,stack3_foot3_out4_pre0.75,3.0,3.0,0.75,4.0,4.0,0.42,0.42,0.15,9.551999999999998,ss,1.8,-40,104,0,0,0,0.0008443231749802616,1.8205308401789022,1.8480123535211899,1.9701778209957657,x1.m1,VGD,PASS,OUTSIDE_SCREEN,91.59904588624933,110.183053898974,502.9571558506369,313.61126181082693,537.8514924604955,699.2769082759527,214.13788274550572,2.0455658646614365,22.7677736611133,-16.742544586519692
balanced_stack3_foot3_out4_pre0.75_ss_cold_3_0,robustness,ss_cold,3,0,2000,0,10,5,17.4,50,50,1,50,,0,gear,PASS,1,1e-18,stack3_foot3_out4_pre0.75,3.0,3.0,0.75,4.0,4.0,0.42,0.42,0.15,9.551999999999998,ss,1.8,-40,104,0,0,0,0.0008422039993922449,1.8222647790717008,1.8486345655910243,1.9718283556309602,x1.m1,VGD,PASS,OUTSIDE_SCREEN,113.20542851736765,132.59802075373608,512.9649839083557,335.7039278720728,559.9434365757743,709.6670768014277,260.78305968258474,2.1069873254774945,-22.379476182947446,-16.295830802930393
balanced_stack3_foot3_out4_pre0.75_fast_0_3,robustness,fast,0,3,2000,0,10,5,17.4,50,50,1,50,,0,gear,PASS,1,1e-18,stack3_foot3_out4_pre0.75,3.0,3.0,0.75,4.0,4.0,0.42,0.42,0.15,9.551999999999998,ff,1.8,125,104,0,0,0,0.001288236204722684,1.8322274832759613,1.879429545843198,2.023372484948687,x1.m1,VGD,PASS,OUTSIDE_SCREEN,73.34364454603882,91.11615700819551,299.772165502849,218.21997391549104,381.6235724346979,445.37161422801546,275.88554171895225,2.818158273561011,26.689988380831313,17.964089591896197
balanced_stack3_foot3_out4_pre0.75_fast_1_2,robustness,fast,1,2,2000,0,10,5,17.4,50,50,1,50,,0,gear,PASS,1,1e-18,stack3_foot3_out4_pre0.75,3.0,3.0,0.75,4.0,4.0,0.42,0.42,0.15,9.551999999999998,ff,1.8,125,104,0,0,0,0.001277406505539155,1.8322182436528396,1.8837758170298269,2.020420954710771,x1.m1,VGD,PASS,OUTSIDE_SCREEN,95.65656797369027,114.58195538792326,308.9496913805912,240.9212060161541,404.3254935073843,455.4864322417162,328.715672196146,2.6199030237709304,-25.900920003414384,17.289112590280176
balanced_stack3_foot3_out4_pre0.75_fast_2_1,robustness,fast,2,1,2000,0,10,5,17.4,50,50,1,50,,0,gear,PASS,1,1e-18,stack3_foot3_out4_pre0.75,3.0,3.0,0.75,4.0,4.0,0.42,0.42,0.15,9.551999999999998,ff,1.8,125,104,0,0,0,0.0013068895040580127,1.8326453425379625,1.8596146949652888,2.020449766542607,x1.m1,VGD,PASS,OUTSIDE_SCREEN,79.73274420779488,97.48834581655736,297.92922544005984,224.58858993915598,387.9928091073157,444.6517506226576,308.0852131234042,2.66302749051194,25.89358984039815,-18.31900519403066
balanced_stack3_foot3_out4_pre0.75_fast_3_0,robustness,fast,3,0,2000,0,10,5,17.4,50,50,1,50,,0,gear,PASS,1,1e-18,stack3_foot3_out4_pre0.75,3.0,3.0,0.75,4.0,4.0,0.42,0.42,0.15,9.551999999999998,ff,1.8,125,104,0,0,0,0.0012792900196693807,1.8326540615240958,1.859205868222136,2.0233460330903643,x1.m1,VGD,PASS,OUTSIDE_SCREEN,96.69676162867637,115.43359009469806,307.61299687532613,241.89049920799073,405.2943029369069,455.0784914335538,359.88175170943225,2.5656708157677137,-25.30441499475304,-17.70891326199494
balanced_stack3_foot3_out6_pre0.75_ss_cold_0_3,robustness,ss_cold,0,3,2000,0,10,5,17.4,50,50,1,50,,0,gear,PASS,1,1e-18,stack3_foot3_out6_pre0.75,3.0,3.0,0.75,6.0,6.0,0.42,0.42,0.15,11.952,ss,1.8,-40,104,0,0,0,0.0006070264895708204,1.8222553232381604,1.8643347745149617,1.9580946484528279,x1.m1,VGD,PASS,OUTSIDE_SCREEN,93.52882631153604,111.99278452281443,565.0691906372892,315.5295934684329,539.7693964295074,758.5225281091808,208.95017398213582,2.3498149239821586,23.353999789656996,16.525751638905277
balanced_stack3_foot3_out6_pre0.75_ss_cold_1_2,robustness,ss_cold,1,2,2000,0,10,5,17.4,50,50,1,50,,0,gear,PASS,1,1e-18,stack3_foot3_out6_pre0.75,3.0,3.0,0.75,6.0,6.0,0.42,0.42,0.15,11.952,ss,1.8,-40,104,0,0,0,0.0006065777533111168,1.8224835060419171,1.867044535789391,1.9568941765540129,x1.m1,VGD,PASS,OUTSIDE_SCREEN,126.90215127250437,146.37758775030684,572.5786015650299,349.5032271850496,573.7433131047858,766.5662012748113,256.54093838316913,2.17327969950602,-22.80544464629609,16.022026685176503
balanced_stack3_foot3_out6_pre0.75_ss_cold_2_1,robustness,ss_cold,2,1,2000,0,10,5,17.4,50,50,1,50,,0,gear,PASS,1,1e-18,stack3_foot3_out6_pre0.75,3.0,3.0,0.75,6.0,6.0,0.42,0.42,0.15,11.952,ss,1.8,-40,104,0,0,0,0.0006103775900508852,1.817049948240554,1.8348264945368848,1.9568944244497621,x1.m1,VGD,PASS,OUTSIDE_SCREEN,103.32470371467649,121.9652148074543,558.3649931114016,325.4231570851391,549.6627320148162,752.5100701702785,240.30446682770136,2.1250141434652035,22.74817805005117,-16.76496117961481
balanced_stack3_foot3_out6_pre0.75_ss_cold_3_0,robustness,ss_cold,3,0,2000,0,10,5,17.4,50,50,1,50,,0,gear,PASS,1,1e-18,stack3_foot3_out6_pre0.75,3.0,3.0,0.75,6.0,6.0,0.42,0.42,0.15,11.952,ss,1.8,-40,104,0,0,0,0.0006086065897272826,1.8181807858107848,1.8352680770596166,1.9580961672162227,x1.m1,VGD,PASS,OUTSIDE_SCREEN,127.94644420881244,147.4496644147999,567.2387301057969,350.5732135048424,574.8134579144023,761.7836862197676,286.9765186437866,2.08614909309918,-22.362963790961214,-16.319172607677697
balanced_stack3_foot3_out6_pre0.75_fast_0_3,robustness,fast,0,3,2000,0,10,5,17.4,50,50,1,50,,0,gear,PASS,1,1e-18,stack3_foot3_out6_pre0.75,3.0,3.0,0.75,6.0,6.0,0.42,0.42,0.15,11.952,ff,1.8,125,104,0,0,0,0.0011189036396081077,1.8237807106958523,1.8630796423464224,2.003288965451821,x1.m1,VGD,PASS,OUTSIDE_SCREEN,82.95788306212002,100.91105465738185,339.4138674812969,227.8849667298232,391.28885098646606,478.51973461800293,370.3765363782906,2.8061311758347762,26.67320864326567,17.92629191873825
balanced_stack3_foot3_out6_pre0.75_fast_1_2,robustness,fast,1,2,2000,0,10,5,17.4,50,50,1,50,,0,gear,PASS,1,1e-18,stack3_foot3_out6_pre0.75,3.0,3.0,0.75,6.0,6.0,0.42,0.42,0.15,11.952,ff,1.8,125,104,0,0,0,0.0011105448559326518,1.8237782506985991,1.8662815076764814,2.001146311826096,x1.m1,VGD,PASS,OUTSIDE_SCREEN,108.39884977675285,127.39068364151628,347.30469763236846,253.67993398276235,417.0841253170092,487.5360862370019,423.1837636141311,2.5814143377513465,-25.89210043327147,17.2592229622511
balanced_stack3_foot3_out6_pre0.75_fast_2_1,robustness,fast,2,1,2000,0,10,5,17.4,50,50,1,50,,0,gear,PASS,1,1e-18,stack3_foot3_out6_pre0.75,3.0,3.0,0.75,6.0,6.0,0.42,0.42,0.15,11.952,ff,1.8,125,104,0,0,0,0.0011208634135225163,1.823994448431566,1.843475036208825,2.0011711401757055,x1.m1,VGD,PASS,OUTSIDE_SCREEN,91.00219844611276,109.10788166625062,338.1082205567427,235.97345765951238,399.3775041044524,478.35038756884546,402.2975922367327,2.7299072350798386,25.88847386997846,-18.3390054077388
balanced_stack3_foot3_out6_pre0.75_fast_3_0,robustness,fast,3,0,2000,0,10,5,17.4,50,50,1,50,,0,gear,PASS,1,1e-18,stack3_foot3_out6_pre0.75,3.0,3.0,0.75,6.0,6.0,0.42,0.42,0.15,11.952,ff,1.8,125,104,0,0,0,0.0011119650319683103,1.8240076143101347,1.8432253986836167,2.0032639573520576,x1.m1,VGD,PASS,OUTSIDE_SCREEN,110.48601896857997,129.48609485442884,346.4000243971896,255.7687012974624,419.1735576501437,487.59146634899525,453.7818073516139,2.665461797163471,-25.29291661363029,-17.731752027962063
