case,campaign,profile,old_address,new_address,lead_ps,skew_ps,low_ns,high_ns,load_ff,rise_ps,fall_ps,max_step_ps,address_slew_ps,noise_node,charge_fc,method,result,minbreak_fs,chgtol_c,candidate,footer_um,stack_um,precharge_um,out_n_um,out_p_um,addr_n_um,addr_p_um,addr_l_um,buffer_addresses,true_buffer_um,channel_area_proxy_um2,corner,vdd_v,temperature_c,check_pass,check_fail,settling_check_fail,other_check_fail,wrong_row_peak_v,unselected_dynamic_min_v,output_vgs_peak_v,terminal_magnitude_max_v,terminal_magnitude_device,terminal_magnitude_voltage,model_upper_result,magnitude_result,dec_delay50_ps,dec_delay90_ps,dec_precharge10_ps,wl_delay50_ps,wl_delay90_ps,wl_precharge10_ps,vdd_src_cycle_energy_fj,vpclk_cycle_energy_fj,va0_cycle_energy_fj,va1_cycle_energy_fj
retention_profilett_old3_new0_high_ns10_step_ps5,retention,tt,3,0,2000,0,10,10,17.4,50,50,5,50,,0,gear,PASS,default,default,current,1.5,2.0,1.25,2.0,3.0,0.84,0.84,0.15,True,2.0,8.078999999999999,tt,1.8,27,104,0,0,0,0.002159099282114434,1.8749867540275955,1.9166949118955343,1.936609641769645,x1.m1,VGD,PASS,PASS,90.3380060470258,108.88064766390664,172.0113911990863,266.0958439218029,454.7138660398183,347.43473209721435,221.81329676809318,1.596306315154519,-3.115205088875623,-3.1173759269122288
retention_profilett_old3_new0_high_ns100_step_ps5,retention,tt,3,0,2000,0,10,100,17.4,50,50,5,50,,0,gear,PASS,default,default,current,1.5,2.0,1.25,2.0,3.0,0.84,0.84,0.15,True,2.0,8.078999999999999,tt,1.8,27,104,0,0,0,0.002159099282114434,1.8626992858095195,1.9166949118955343,1.9366082375384825,x1.m1,VGD,PASS,PASS,90.3380060470258,108.88064766390664,172.0113911990863,266.0958439218029,454.7138660398183,347.43473209721435,222.20793124679204,1.6223062716665713,-3.1152050888756233,-3.1173759269122288
retention_profilett_old3_new0_high_ns1000_step_ps25,retention,tt,3,0,2000,0,10,1000,17.4,50,50,25,50,,0,gear,PASS,default,default,current,1.5,2.0,1.25,2.0,3.0,0.84,0.84,0.15,True,2.0,8.078999999999999,tt,1.8,27,104,0,0,0,0.0023589499996109157,1.8370823038473443,1.9191444849175985,1.9377457511224483,x1.m1,VGD,PASS,PASS,90.3463859326165,117.82311916299513,178.85606768042553,268.5371161412388,456.8335285079264,352.6309943919931,225.82089336054614,2.700240511251105,-3.0274482251172397,-3.028439106141184
retention_profilett_old2_new1_high_ns10_step_ps5,retention,tt,2,1,2000,0,10,10,17.4,50,50,5,50,,0,gear,PASS,default,default,current,1.5,2.0,1.25,2.0,3.0,0.84,0.84,0.15,True,2.0,8.078999999999999,tt,1.8,27,104,0,0,0,0.0021594096231036,1.8749888077908115,1.9166995222523613,1.9365496694503492,x1.m12,VGD,PASS,PASS,88.12579926799901,106.49154453160305,170.59576720153154,263.7888882887823,452.38209620470747,345.81962810255374,214.38410130731478,1.5748967666691807,4.199174248724178,-3.116998129706117
retention_profilett_old2_new1_high_ns100_step_ps5,retention,tt,2,1,2000,0,10,100,17.4,50,50,5,50,,0,gear,PASS,default,default,current,1.5,2.0,1.25,2.0,3.0,0.84,0.84,0.15,True,2.0,8.078999999999999,tt,1.8,27,104,0,0,0,0.0021594096231036,1.862653996683834,1.9166995222523613,1.9365496694503492,x1.m12,VGD,PASS,PASS,88.12579926799901,106.49154453160305,170.59576720153154,263.7888882887823,452.38209620470747,345.81962810255374,214.74925415184006,1.6008793720212244,4.199171642972033,-3.1169981297061167
retention_profilett_old2_new1_high_ns1000_step_ps25,retention,tt,2,1,2000,0,10,1000,17.4,50,50,25,50,,0,gear,PASS,default,default,current,1.5,2.0,1.25,2.0,3.0,0.84,0.84,0.15,True,2.0,8.078999999999999,tt,1.8,27,104,0,0,0,0.0023584411487860744,1.8370201335813834,1.91915069989766,1.935747490448132,x1.m1,VGD,PASS,PASS,87.94049132921464,114.86811379175177,176.58889307836458,267.19888122368553,455.44224984837376,349.9269955156468,218.39017954513756,2.6820283424146245,4.3588503647333345,-3.0279403591950347
retention_profilett_old1_new2_high_ns10_step_ps5,retention,tt,1,2,2000,0,10,10,17.4,50,50,5,50,,0,gear,PASS,default,default,current,1.5,2.0,1.25,2.0,3.0,0.84,0.84,0.15,True,2.0,8.078999999999999,tt,1.8,27,104,0,0,0,0.0021545819834479568,1.8750113305518266,1.9166996788337123,1.9385218883496491,x1.m12,VGD,PASS,PASS,89.83092866345945,108.34980081013312,173.8370926072931,265.61227356918823,454.2266578961195,349.0305206176986,215.53516217869688,1.5976857202072374,-3.114873839567399,4.198396129078847
retention_profilett_old1_new2_high_ns100_step_ps5,retention,tt,1,2,2000,0,10,100,17.4,50,50,5,50,,0,gear,PASS,default,default,current,1.5,2.0,1.25,2.0,3.0,0.84,0.84,0.15,True,2.0,8.078999999999999,tt,1.8,27,104,0,0,0,0.0021545819834479568,1.8635947161559936,1.9166996788337123,1.9385218883496491,x1.m12,VGD,PASS,PASS,89.83092866345945,108.34980081013312,173.8370926072931,265.61227356918823,454.2266578961195,349.0305206176986,215.89917150981296,1.6236082092769497,-3.1148738395673994,4.198377744651819
retention_profilett_old1_new2_high_ns1000_step_ps25,retention,tt,1,2,2000,0,10,1000,17.4,50,50,25,50,,0,gear,PASS,default,default,current,1.5,2.0,1.25,2.0,3.0,0.84,0.84,0.15,True,2.0,8.078999999999999,tt,1.8,27,104,0,0,0,0.002360058088689615,1.8380456922964326,1.9191508612738815,1.9362948283373023,x1.m12,VGD,PASS,PASS,89.87966166827093,117.31054449644566,180.49650462496044,268.1018574767331,456.51089971860966,354.8683944177947,219.4515786085542,2.7054105954305276,-3.0270230743205313,4.352825059751037
retention_profilett_old0_new3_high_ns10_step_ps5,retention,tt,0,3,2000,0,10,10,17.4,50,50,5,50,,0,gear,PASS,default,default,current,1.5,2.0,1.25,2.0,3.0,0.84,0.84,0.15,True,2.0,8.078999999999999,tt,1.8,27,104,0,0,0,0.00215401068027428,1.8750029016983238,1.9166955613143895,1.9378638941655821,x1.m6,VGD,PASS,PASS,88.50475942471239,106.8542745585453,172.12204584499386,264.19388320034443,452.7893082829415,347.37578309028794,206.46391693448794,1.5963101636673473,4.1994502277426555,4.198456417757929
retention_profilett_old0_new3_high_ns100_step_ps5,retention,tt,0,3,2000,0,10,100,17.4,50,50,5,50,,0,gear,PASS,default,default,current,1.5,2.0,1.25,2.0,3.0,0.84,0.84,0.15,True,2.0,8.078999999999999,tt,1.8,27,104,0,0,0,0.00215401068027428,1.8635629321551628,1.9166955613143895,1.9378638941655821,x1.m6,VGD,PASS,PASS,88.50475942471239,106.8542745585453,172.12204584499386,264.19388320034443,452.7893082829415,347.37578309028794,206.79841176767445,1.6222315491945265,4.199448191039465,4.198437959385566
retention_profilett_old0_new3_high_ns1000_step_ps25,retention,tt,0,3,2000,0,10,1000,17.4,50,50,25,50,,0,gear,PASS,default,default,current,1.5,2.0,1.25,2.0,3.0,0.84,0.84,0.15,True,2.0,8.078999999999999,tt,1.8,27,104,0,0,0,0.0023596992809573583,1.8379955275256399,1.9191455643218136,1.9377455593986013,x1.m1,VGD,PASS,PASS,88.52549413367575,115.59615363133148,178.84426236141383,267.1485838199429,455.538346372527,352.4829925646097,209.91101844639832,2.711292011667497,4.354272719986402,4.350763671218329
retention_profileslow_old3_new0_high_ns10_step_ps5,retention,slow,3,0,2000,0,10,10,17.4,50,50,5,50,,0,gear,PASS,default,default,current,1.5,2.0,1.25,2.0,3.0,0.84,0.84,0.15,True,2.0,8.078999999999999,ss,1.62,-40,104,0,0,0,0.0017856459331806265,1.6865575418511758,1.7122346808166249,1.7550844062383475,x1.m24,VDS,PASS,PASS,120.03300792935767,142.6574610206969,261.02676620235485,400.05074654656636,671.8366623554208,507.34342184002105,173.55544603612267,1.0842809302254843,-2.3161171090653094,-2.3165890466716306
retention_profileslow_old3_new0_high_ns100_step_ps5,retention,slow,3,0,2000,0,10,100,17.4,50,50,5,50,,0,gear,PASS,default,default,current,1.5,2.0,1.25,2.0,3.0,0.84,0.84,0.15,True,2.0,8.078999999999999,ss,1.62,-40,104,0,0,0,0.0017856459331806265,1.6630044116009253,1.7122346808166249,1.7550844062383475,x1.m24,VDS,PASS,PASS,120.03300792935767,142.6574610206969,261.02676620235485,400.05074654656636,671.8366623554208,507.34342184002105,173.61703470074679,1.095574768267561,-2.3161171090653094,-2.3165890466716306
retention_profileslow_old3_new0_high_ns1000_step_ps25,retention,slow,3,0,2000,0,10,1000,17.4,50,50,25,50,,0,gear,PASS,default,default,current,1.5,2.0,1.25,2.0,3.0,0.84,0.84,0.15,True,2.0,8.078999999999999,ss,1.62,-40,104,0,0,0,0.0018511654098321434,1.6381910847318109,1.708217719715476,1.7210179324369994,x1.m1,VGD,PASS,PASS,118.18882360590705,149.9341673402097,261.33166336094934,401.71428587963896,674.0731157789385,509.5803031778851,173.02098186138178,1.6896801328981428,-2.221066826709272,-2.2207327996631068
retention_profileslow_old2_new1_high_ns10_step_ps5,retention,slow,2,1,2000,0,10,10,17.4,50,50,5,50,,0,gear,PASS,default,default,current,1.5,2.0,1.25,2.0,3.0,0.84,0.84,0.15,True,2.0,8.078999999999999,ss,1.62,-40,104,0,0,0,0.0017860981511463102,1.6865072913670915,1.7112904943707765,1.755139026383981,x1.m19,VDS,PASS,PASS,116.62184389511232,139.26716926017968,259.5405445460362,396.5147220622099,668.3035624168708,505.8777287729519,168.51451002100413,1.067218460921157,3.1498569913915824,-2.3167733239683064
retention_profileslow_old2_new1_high_ns100_step_ps5,retention,slow,2,1,2000,0,10,100,17.4,50,50,5,50,,0,gear,PASS,default,default,current,1.5,2.0,1.25,2.0,3.0,0.84,0.84,0.15,True,2.0,8.078999999999999,ss,1.62,-40,104,0,0,0,0.0017860981511463102,1.6629511031851145,1.7112904943707765,1.755139026383981,x1.m19,VDS,PASS,PASS,116.62184389511232,139.26716926017968,259.5405445460362,396.5147220622099,668.3035624168708,505.8777287729519,168.57610291234954,1.07850978861001,3.1498557448027986,-2.3167733239683064
retention_profileslow_old2_new1_high_ns1000_step_ps25,retention,slow,2,1,2000,0,10,1000,17.4,50,50,25,50,,0,gear,PASS,default,default,current,1.5,2.0,1.25,2.0,3.0,0.84,0.84,0.15,True,2.0,8.078999999999999,ss,1.62,-40,104,0,0,0,0.001849992920741637,1.6381045606010796,1.708217527850503,1.7279967691782667,x1.m29,VDS,PASS,PASS,114.23524525584781,145.6751959769467,260.70323476889047,398.66922946478843,670.9819967065414,509.3651992593214,167.8165602916574,1.6761168293627904,3.215435150359272,-2.220872324461669
retention_profileslow_old1_new2_high_ns10_step_ps5,retention,slow,1,2,2000,0,10,10,17.4,50,50,5,50,,0,gear,PASS,default,default,current,1.5,2.0,1.25,2.0,3.0,0.84,0.84,0.15,True,2.0,8.078999999999999,ss,1.62,-40,104,0,0,0,0.0017815137319122127,1.6873503814293895,1.7117466806608201,1.755313872209904,x1.m19,VDS,PASS,PASS,118.9915284054731,141.79618372682629,264.38804404981727,399.0577537766984,670.8527222133042,510.7542302176802,169.13919030124964,1.0828353831775082,-2.3162869424710837,3.1507671860986743
retention_profileslow_old1_new2_high_ns100_step_ps5,retention,slow,1,2,2000,0,10,100,17.4,50,50,5,50,,0,gear,PASS,default,default,current,1.5,2.0,1.25,2.0,3.0,0.84,0.84,0.15,True,2.0,8.078999999999999,ss,1.62,-40,104,0,0,0,0.0017815137319122127,1.664019668207947,1.7117466806608201,1.755313872209904,x1.m19,VDS,PASS,PASS,118.9915284054731,141.79618372682629,264.38804404981727,399.0577537766984,670.8527222133042,510.7542302176802,169.20028710417554,1.0941218450162333,-2.3162869424710837,3.1507636939521513
retention_profileslow_old1_new2_high_ns1000_step_ps25,retention,slow,1,2,2000,0,10,1000,17.4,50,50,25,50,,0,gear,PASS,default,default,current,1.5,2.0,1.25,2.0,3.0,0.84,0.84,0.15,True,2.0,8.078999999999999,ss,1.62,-40,104,0,0,0,0.0018488372057809408,1.63929511027015,1.70821907060201,1.72522076353951,x1.m27,VDS,PASS,PASS,117.07676016146132,148.8264353291531,263.19741482743467,400.76685214309333,673.1236086348873,510.66374310710387,168.54220680436208,1.6872089764609526,-2.2212028947832634,3.213458651884217
retention_profileslow_old0_new3_high_ns10_step_ps5,retention,slow,0,3,2000,0,10,10,17.4,50,50,5,50,,0,gear,PASS,default,default,current,1.5,2.0,1.25,2.0,3.0,0.84,0.84,0.15,True,2.0,8.078999999999999,ss,1.62,-40,104,0,0,0,0.0017815115667205274,1.6875566538623001,1.7118485188185937,1.7572198100760792,x1.m24,VDS,PASS,PASS,117.04800275447082,139.7991710958796,263.1085080594708,396.99582920888116,668.7902871021848,509.63723408007064,162.62980098257373,1.0821195173344973,3.150193369218449,3.1514786252891844
retention_profileslow_old0_new3_high_ns100_step_ps5,retention,slow,0,3,2000,0,10,100,17.4,50,50,5,50,,0,gear,PASS,default,default,current,1.5,2.0,1.25,2.0,3.0,0.84,0.84,0.15,True,2.0,8.078999999999999,ss,1.62,-40,104,0,0,0,0.0017815115667205274,1.6642587187575937,1.7118485188185937,1.7572198100760792,x1.m24,VDS,PASS,PASS,117.04800275447082,139.7991710958796,263.1085080594708,396.99582920888116,668.7902871021848,509.63723408007064,162.69079947819878,1.0934155977611382,3.1501922315955175,3.1514750506787936
retention_profileslow_old0_new3_high_ns1000_step_ps25,retention,slow,0,3,2000,0,10,1000,17.4,50,50,25,50,,0,gear,PASS,default,default,current,1.5,2.0,1.25,2.0,3.0,0.84,0.84,0.15,True,2.0,8.078999999999999,ss,1.62,-40,104,0,0,0,0.001848808626391533,1.639538694073986,1.7082193295272778,1.723540171434224,x1.m26,VDS,PASS,PASS,115.24166615387433,146.72671859040963,262.1655270362204,398.85851781154315,671.2152413425985,510.18330623025304,161.91901552175776,1.697722848217347,3.214142050137424,3.210443861962552
retention_profilefast_old3_new0_high_ns10_step_ps5,retention,fast,3,0,2000,0,10,10,17.4,50,50,5,50,,0,gear,PASS,default,default,current,1.5,2.0,1.25,2.0,3.0,0.84,0.84,0.15,True,2.0,8.078999999999999,ff,1.8,125,104,0,0,0,0.002705193877115236,1.8620898359835416,1.9230084561100784,1.9450444879170008,x1.m12,VGD,PASS,PASS,85.17181740138095,104.20163957962968,149.7084283544736,230.6141246287948,393.99979983785937,305.62482405686967,306.2784387044213,1.9207614989947523,-3.3189387571967837,-3.321967363695711
retention_profilefast_old3_new0_high_ns100_step_ps5,retention,fast,3,0,2000,0,10,100,17.4,50,50,5,50,,0,gear,PASS,default,default,current,1.5,2.0,1.25,2.0,3.0,0.84,0.84,0.15,True,2.0,8.078999999999999,ff,1.8,125,104,0,0,0,0.002705193877115236,1.7977056111979064,1.9230084561100784,1.9450444879170008,x1.m12,VGD,PASS,PASS,85.17181740138095,104.20163957962968,149.7084283544736,230.6141246287948,393.99979983785937,305.62482405686967,625.8910270415422,2.1001354404321515,-3.3189387571967846,-3.321967363695711
retention_profilefast_old3_new0_high_ns1000_step_ps25,retention,fast,3,0,2000,0,10,1000,17.4,50,50,25,50,,0,gear,PASS,default,default,current,1.5,2.0,1.25,2.0,3.0,0.84,0.84,0.15,True,2.0,8.078999999999999,ff,1.8,125,104,0,0,0,0.003194384504104665,1.7945337927148461,1.928491892398037,1.945733288402074,x1.m12,VGD,PASS,PASS,84.24678451216987,110.67905255228685,157.5325395909953,234.2769909022768,397.67083969644284,311.30332143851246,4289.8760317021,3.086513822775338,-3.2344096713479424,-3.2368507130016138
retention_profilefast_old2_new1_high_ns10_step_ps5,retention,fast,2,1,2000,0,10,10,17.4,50,50,5,50,,0,gear,PASS,default,default,current,1.5,2.0,1.25,2.0,3.0,0.84,0.84,0.15,True,2.0,8.078999999999999,ff,1.8,125,104,0,0,0,0.002705229696260958,1.86207146470501,1.9230389947581843,1.9452216941082587,x1.m6,VGD,PASS,PASS,83.45464624696078,102.1341648045796,147.83375093885977,228.81704598665237,392.18570263747114,304.08060451042047,293.891457171655,1.8984554770577442,4.4471081035505975,-3.3210602401135683
retention_profilefast_old2_new1_high_ns100_step_ps5,retention,fast,2,1,2000,0,10,100,17.4,50,50,5,50,,0,gear,PASS,default,default,current,1.5,2.0,1.25,2.0,3.0,0.84,0.84,0.15,True,2.0,8.078999999999999,ff,1.8,125,104,0,0,0,0.002705229696260958,1.7977032358370044,1.9230389947581843,1.9452216941082587,x1.m6,VGD,PASS,PASS,83.45464624696078,102.1341648045796,147.83375093885977,228.81704598665237,392.18570263747114,304.08060451042047,587.2576506343247,2.077857723759119,4.447098509042583,-3.3210602401135683
retention_profilefast_old2_new1_high_ns1000_step_ps25,retention,fast,2,1,2000,0,10,1000,17.4,50,50,25,50,,0,gear,PASS,default,default,current,1.5,2.0,1.25,2.0,3.0,0.84,0.84,0.15,True,2.0,8.078999999999999,ff,1.8,125,104,0,0,0,0.0031938927503525785,1.7945330620411617,1.9284517207245666,1.946054248823764,x1.m6,VGD,PASS,PASS,82.510962626416,107.91790075207791,156.3058628394021,232.09707116555376,395.6315167085875,309.7567596481438,3988.8349182751726,3.076002653435352,4.629670195353273,-3.2360781437036508
retention_profilefast_old1_new2_high_ns10_step_ps5,retention,fast,1,2,2000,0,10,10,17.4,50,50,5,50,,0,gear,PASS,default,default,current,1.5,2.0,1.25,2.0,3.0,0.84,0.84,0.15,True,2.0,8.078999999999999,ff,1.8,125,104,0,0,0,0.002701488375349455,1.8625198305884032,1.9230369445599709,1.948349276447175,x1.m6,VGD,PASS,PASS,84.86145948090275,103.8850104261271,150.85210105218036,230.3123760573264,393.693738181509,306.5079682194274,295.71069819061063,1.9263315254202196,-3.318092939281802,4.44676439778395
retention_profilefast_old1_new2_high_ns100_step_ps5,retention,fast,1,2,2000,0,10,100,17.4,50,50,5,50,,0,gear,PASS,default,default,current,1.5,2.0,1.25,2.0,3.0,0.84,0.84,0.15,True,2.0,8.078999999999999,ff,1.8,125,104,0,0,0,0.002701488375349455,1.797794348033031,1.9230369445599709,1.948349276447175,x1.m6,VGD,PASS,PASS,84.86145948090275,103.8850104261271,150.85210105218036,230.3123760573264,393.693738181509,306.5079682194274,588.948839257386,2.105913130087717,-3.318092939281802,4.445951780669782
retention_profilefast_old1_new2_high_ns1000_step_ps25,retention,fast,1,2,2000,0,10,1000,17.4,50,50,25,50,,0,gear,PASS,default,default,current,1.5,2.0,1.25,2.0,3.0,0.84,0.84,0.15,True,2.0,8.078999999999999,ff,1.8,125,104,0,0,0,0.0031960770048672345,1.7945592323777273,1.9284533549512826,1.9485081756853733,x1.m6,VGD,PASS,PASS,84.13854438796298,110.85407452429126,158.30239937976106,234.24379411125383,397.5093987841111,312.2576978344817,3990.115394213905,3.094994137680676,-3.2336767297501074,4.620231730172768
retention_profilefast_old0_new3_high_ns10_step_ps5,retention,fast,0,3,2000,0,10,10,17.4,50,50,5,50,,0,gear,PASS,default,default,current,1.5,2.0,1.25,2.0,3.0,0.84,0.84,0.15,True,2.0,8.078999999999999,ff,1.8,125,104,0,0,0,0.0027021884602515985,1.8624750873967775,1.9230150241204593,1.9470631557340552,x1.m12,VGD,PASS,PASS,83.7012674596329,102.35192494606116,149.36888103859044,229.07499060607608,392.43639554774796,305.0605558597296,282.3602839933015,1.9210056902591397,4.446744215795929,4.446146844647347
retention_profilefast_old0_new3_high_ns100_step_ps5,retention,fast,0,3,2000,0,10,100,17.4,50,50,5,50,,0,gear,PASS,default,default,current,1.5,2.0,1.25,2.0,3.0,0.84,0.84,0.15,True,2.0,8.078999999999999,ff,1.8,125,104,0,0,0,0.0027021884602515985,1.7977876493420357,1.9230150241204593,1.9470631557340552,x1.m12,VGD,PASS,PASS,83.7012674596329,102.35192494606116,149.36888103859044,229.07499060607608,392.43639554774796,305.0605558597296,549.3588047207977,2.100594660985723,4.446732527156967,4.445334244555443
retention_profilefast_old0_new3_high_ns1000_step_ps25,retention,fast,0,3,2000,0,10,1000,17.4,50,50,25,50,,0,gear,PASS,default,default,current,1.5,2.0,1.25,2.0,3.0,0.84,0.84,0.15,True,2.0,8.078999999999999,ff,1.8,125,104,0,0,0,0.0031953787928324503,1.7945570159084565,1.928314920753467,1.9473480051297474,x1.m12,VGD,PASS,PASS,82.97531790745298,108.76082921658936,157.26742402210607,232.78179348497605,396.15084172987304,310.81380976879007,3688.0236749650003,3.0994808700363565,4.626303389630981,4.618936978271846
