corner,vdd_v,temp_c,stored_q_before,stored_q_after,wpu_um,wpd_um,wacc_um,wdriver_um,cbl_ff,write_window_ns,edge_ps,tran_step_ps,returncode,initialized,switched,q_before_v,qb_before_v,bl_prewrite_v,blb_prewrite_v,q_cross_s,write_delay_ns,q_full_s,qb_full_s,full_flip_delay_ns,wl_min_30pct_ns,q_after_v,qb_after_v
ff,1.62,-40.0,0,1,0.42,1.26,0.6,0.84,65.0,10.0,200.0,50.0,0,True,True,1.145566e-09,1.62,1.620057,2.339334e-08,2.0198e-08,0.1979999999999995,2.02624e-08,2.01868e-08,0.2624000000000011,0.3411200000000014,1.62,1.212122e-09
ff,1.62,-40.0,1,0,0.42,1.26,0.6,0.84,65.0,10.0,200.0,50.0,0,True,True,1.62,1.145566e-09,2.339334e-08,1.620057,2.01591e-08,0.1591000000000004,2.01868e-08,2.02624e-08,0.2624000000000011,0.3411200000000014,1.212122e-09,1.62
ff,1.62,27.0,0,1,0.42,1.26,0.6,0.84,65.0,10.0,200.0,50.0,0,True,True,8.759146e-08,1.62,1.619986,2.833771e-06,2.01989e-08,0.19889999999999855,2.02616e-08,2.01952e-08,0.26160000000000083,0.3400800000000011,1.62,8.830521e-08
ff,1.62,27.0,1,0,0.42,1.26,0.6,0.84,65.0,10.0,200.0,50.0,0,True,True,1.62,8.759146e-08,2.833771e-06,1.619986,2.01623e-08,0.16229999999999808,2.01952e-08,2.02616e-08,0.26160000000000083,0.3400800000000011,8.830521e-08,1.62
ff,1.62,125.0,0,1,0.42,1.26,0.6,0.84,65.0,10.0,200.0,50.0,0,True,True,9.495529e-06,1.619998,1.619888,0.0002016342,2.01999e-08,0.1998999999999997,2.02614e-08,2.02035e-08,0.26139999999999997,0.33981999999999996,1.619998,9.453948e-06
ff,1.62,125.0,1,0,0.42,1.26,0.6,0.84,65.0,10.0,200.0,50.0,0,True,True,1.619998,9.495529e-06,0.0002016342,1.619888,2.01674e-08,0.16739999999999924,2.02035e-08,2.02614e-08,0.26139999999999997,0.33981999999999996,9.453948e-06,1.619998
ff,1.8,-40.0,0,1,0.42,1.26,0.6,0.84,65.0,10.0,200.0,50.0,0,True,True,1.395789e-09,1.8,1.800007,3.758584e-08,2.01865e-08,0.18649999999999972,2.02414e-08,2.01786e-08,0.24140000000000042,0.31382000000000054,1.8,1.451261e-09
ff,1.8,-40.0,1,0,0.42,1.26,0.6,0.84,65.0,10.0,200.0,50.0,0,True,True,1.8,1.395789e-09,3.758584e-08,1.800007,2.01504e-08,0.1503999999999998,2.01786e-08,2.02414e-08,0.24140000000000042,0.31382000000000054,1.45126e-09,1.8
ff,1.8,27.0,0,1,0.42,1.26,0.6,0.84,65.0,10.0,200.0,50.0,0,True,True,9.79075e-08,1.8,1.79996,3.745133e-06,2.01885e-08,0.18849999999999867,2.02433e-08,2.01863e-08,0.2433000000000006,0.3162900000000008,1.8,9.845183e-08
ff,1.8,27.0,1,0,0.42,1.26,0.6,0.84,65.0,10.0,200.0,50.0,0,True,True,1.8,9.79075e-08,3.745133e-06,1.79996,2.01549e-08,0.1548999999999983,2.01863e-08,2.02433e-08,0.2433000000000006,0.3162900000000008,9.845183e-08,1.8
ff,1.8,125.0,0,1,0.42,1.26,0.6,0.84,65.0,10.0,200.0,50.0,0,True,True,9.900096e-06,1.799997,1.799891,0.000245657,2.01911e-08,0.1911000000000003,2.02451e-08,2.01944e-08,0.24509999999999868,0.3186299999999983,1.799998,9.854782e-06
ff,1.8,125.0,1,0,0.42,1.26,0.6,0.84,65.0,10.0,200.0,50.0,0,True,True,1.799997,9.900096e-06,0.000245657,1.799891,2.01601e-08,0.16009999999999824,2.01944e-08,2.02451e-08,0.24509999999999868,0.3186299999999983,9.854782e-06,1.799998
fs,1.62,-40.0,0,1,0.42,1.26,0.6,0.84,65.0,10.0,200.0,50.0,0,True,True,2.48252e-09,1.62,1.61996,3.892373e-08,2.02215e-08,0.2214999999999997,2.02866e-08,2.02113e-08,0.2865999999999994,0.37257999999999925,1.62,2.501426e-09
fs,1.62,-40.0,1,0,0.42,1.26,0.6,0.84,65.0,10.0,200.0,50.0,0,True,True,1.62,2.482521e-09,3.892373e-08,1.61996,2.01827e-08,0.1826999999999994,2.02113e-08,2.02866e-08,0.2865999999999994,0.37257999999999925,2.501427e-09,1.62
fs,1.62,27.0,0,1,0.42,1.26,0.6,0.84,65.0,10.0,200.0,50.0,0,True,True,2.479666e-07,1.62,1.619888,3.122337e-06,2.02232e-08,0.22319999999999898,2.02892e-08,2.02225e-08,0.289200000000001,0.37596000000000135,1.62,2.484207e-07
fs,1.62,27.0,1,0,0.42,1.26,0.6,0.84,65.0,10.0,200.0,50.0,0,True,True,1.62,2.479666e-07,3.122337e-06,1.619888,2.01858e-08,0.18579999999999827,2.02225e-08,2.02892e-08,0.289200000000001,0.37596000000000135,2.484207e-07,1.62
fs,1.62,125.0,0,1,0.42,1.26,0.6,0.84,65.0,10.0,200.0,50.0,0,True,True,1.790815e-05,1.62,1.619783,0.0001971129,2.02259e-08,0.2258999999999994,2.02932e-08,2.02349e-08,0.29319999999999896,0.38115999999999867,1.62,1.79127e-05
fs,1.62,125.0,1,0,0.42,1.26,0.6,0.84,65.0,10.0,200.0,50.0,0,True,True,1.62,1.790815e-05,0.0001971129,1.619783,2.019e-08,0.1900000000000004,2.02349e-08,2.02932e-08,0.29319999999999896,0.38115999999999867,1.79127e-05,1.62
fs,1.8,-40.0,0,1,0.42,1.26,0.6,0.84,65.0,10.0,200.0,50.0,0,True,True,2.998552e-09,1.8,1.799936,3.17451e-08,2.02073e-08,0.20729999999999948,2.02635e-08,2.02032e-08,0.263500000000001,0.34255000000000135,1.8,3.013415e-09
fs,1.8,-40.0,1,0,0.42,1.26,0.6,0.84,65.0,10.0,200.0,50.0,0,True,True,1.8,2.998552e-09,3.17451e-08,1.799936,2.01733e-08,0.17330000000000062,2.02032e-08,2.02635e-08,0.263500000000001,0.34255000000000135,3.013416e-09,1.8
fs,1.8,27.0,0,1,0.42,1.26,0.6,0.84,65.0,10.0,200.0,50.0,0,True,True,2.534568e-07,1.8,1.799884,3.258496e-06,2.02101e-08,0.21009999999999868,2.02675e-08,2.02116e-08,0.2674999999999989,0.3477499999999986,1.8,2.538204e-07
fs,1.8,27.0,1,0,0.42,1.26,0.6,0.84,65.0,10.0,200.0,50.0,0,True,True,1.8,2.534568e-07,3.258496e-06,1.799884,2.01772e-08,0.17719999999999975,2.02116e-08,2.02675e-08,0.2674999999999989,0.3477499999999986,2.538204e-07,1.8
fs,1.8,125.0,0,1,0.42,1.26,0.6,0.84,65.0,10.0,200.0,50.0,0,True,True,1.769039e-05,1.8,1.799806,0.0002136921,2.02137e-08,0.21369999999999814,2.02737e-08,2.02216e-08,0.2737,0.35581,1.8,1.769377e-05
fs,1.8,125.0,1,0,0.42,1.26,0.6,0.84,65.0,10.0,200.0,50.0,0,True,True,1.8,1.769039e-05,0.0002136921,1.799806,2.01826e-08,0.1826000000000006,2.02216e-08,2.02737e-08,0.2737,0.35581,1.769377e-05,1.8
sf,1.62,-40.0,0,1,0.42,1.26,0.6,0.84,65.0,10.0,200.0,50.0,0,True,True,1.037284e-09,1.62,1.620266,4.072249e-09,2.02032e-08,0.20319999999999946,2.03087e-08,2.01777e-08,0.3087,0.40131,1.62,1.057619e-09
sf,1.62,-40.0,1,0,0.42,1.26,0.6,0.84,65.0,10.0,200.0,50.0,0,True,True,1.62,1.037285e-09,4.072249e-09,1.620266,2.01522e-08,0.1522000000000012,2.01777e-08,2.03087e-08,0.3087,0.40131,1.057619e-09,1.62
sf,1.62,27.0,0,1,0.42,1.26,0.6,0.84,65.0,10.0,200.0,50.0,0,True,True,1.99373e-09,1.62,1.620104,8.915356e-08,2.0201e-08,0.20099999999999962,2.02939e-08,2.01852e-08,0.2939000000000004,0.3820700000000005,1.62,2.698532e-09
sf,1.62,27.0,1,0,0.42,1.26,0.6,0.84,65.0,10.0,200.0,50.0,0,True,True,1.62,1.993729e-09,8.915356e-08,1.620104,2.01544e-08,0.15440000000000104,2.01852e-08,2.02939e-08,0.2939000000000004,0.3820700000000005,2.698533e-09,1.62
sf,1.62,125.0,0,1,0.42,1.26,0.6,0.84,65.0,10.0,200.0,50.0,0,True,True,2.491536e-07,1.619997,1.619921,1.369025e-05,2.02006e-08,0.20060000000000114,2.02832e-08,2.01957e-08,0.28320000000000084,0.3681600000000011,1.619998,1.698087e-07
sf,1.62,125.0,1,0,0.42,1.26,0.6,0.84,65.0,10.0,200.0,50.0,0,True,True,1.619997,2.491536e-07,1.369025e-05,1.619921,2.01587e-08,0.15869999999999865,2.01957e-08,2.02832e-08,0.28320000000000084,0.3681600000000011,1.698087e-07,1.619998
sf,1.8,-40.0,0,1,0.42,1.26,0.6,0.84,65.0,10.0,200.0,50.0,0,True,True,1.430128e-09,1.8,1.800113,4.791518e-09,2.01903e-08,0.19030000000000005,2.02716e-08,2.01699e-08,0.27159999999999895,0.3530799999999987,1.8,1.448056e-09
sf,1.8,-40.0,1,0,0.42,1.26,0.6,0.84,65.0,10.0,200.0,50.0,0,True,True,1.8,1.430128e-09,4.791518e-09,1.800113,2.01442e-08,0.14419999999999875,2.01699e-08,2.02716e-08,0.27159999999999895,0.3530799999999987,1.448056e-09,1.8
sf,1.8,27.0,0,1,0.42,1.26,0.6,0.84,65.0,10.0,200.0,50.0,0,True,True,2.531745e-09,1.8,1.800012,6.047597e-08,2.01906e-08,0.19059999999999974,2.0267e-08,2.01787e-08,0.26699999999999835,0.34709999999999785,1.8,2.938688e-09
sf,1.8,27.0,1,0,0.42,1.26,0.6,0.84,65.0,10.0,200.0,50.0,0,True,True,1.8,2.531745e-09,6.047597e-08,1.800012,2.01473e-08,0.14730000000000093,2.01787e-08,2.0267e-08,0.26699999999999835,0.34709999999999785,2.938689e-09,1.8
sf,1.8,125.0,0,1,0.42,1.26,0.6,0.84,65.0,10.0,200.0,50.0,0,True,True,2.596949e-07,1.799997,1.799881,1.50334e-05,2.01914e-08,0.1914,2.02622e-08,2.01878e-08,0.2622000000000002,0.3408600000000003,1.799998,1.759929e-07
sf,1.8,125.0,1,0,0.42,1.26,0.6,0.84,65.0,10.0,200.0,50.0,0,True,True,1.799997,2.596949e-07,1.50334e-05,1.799881,2.01518e-08,0.1517999999999994,2.01878e-08,2.02622e-08,0.2622000000000002,0.3408600000000003,1.759929e-07,1.799998
ss,1.62,-40.0,0,1,0.42,1.26,0.6,0.84,65.0,10.0,200.0,50.0,0,True,True,1.4409e-09,1.62,1.620107,5.577704e-08,2.02251e-08,0.22509999999999916,2.03194e-08,2.02006e-08,0.3193999999999995,0.41521999999999937,1.62,1.448752e-09
ss,1.62,-40.0,1,0,0.42,1.26,0.6,0.84,65.0,10.0,200.0,50.0,0,True,True,1.62,1.440899e-09,5.577704e-08,1.620107,2.01737e-08,0.1736999999999991,2.02006e-08,2.03194e-08,0.3193999999999995,0.41521999999999937,1.448752e-09,1.62
ss,1.62,27.0,0,1,0.42,1.26,0.6,0.84,65.0,10.0,200.0,50.0,0,True,True,2.437041e-09,1.62,1.619968,1.128913e-06,2.02249e-08,0.22489999999999827,2.03161e-08,2.02092e-08,0.31609999999999977,0.41092999999999974,1.62,3.086614e-09
ss,1.62,27.0,1,0,0.42,1.26,0.6,0.84,65.0,10.0,200.0,50.0,0,True,True,1.62,2.437041e-09,1.128913e-06,1.619968,2.01763e-08,0.17630000000000073,2.02092e-08,2.03161e-08,0.31609999999999977,0.41092999999999974,3.086613e-09,1.62
ss,1.62,125.0,0,1,0.42,1.26,0.6,0.84,65.0,10.0,200.0,50.0,0,True,True,4.645028e-07,1.62,1.619789,2.867113e-05,2.02265e-08,0.22649999999999876,2.03132e-08,2.02239e-08,0.3131999999999985,0.407159999999998,1.62,4.624318e-07
ss,1.62,125.0,1,0,0.42,1.26,0.6,0.84,65.0,10.0,200.0,50.0,0,True,True,1.62,4.645028e-07,2.867113e-05,1.619789,2.01809e-08,0.180899999999998,2.02239e-08,2.03132e-08,0.3131999999999985,0.407159999999998,4.624318e-07,1.62
ss,1.8,-40.0,0,1,0.42,1.26,0.6,0.84,65.0,10.0,200.0,50.0,0,True,True,2.331216e-09,1.8,1.8,1.198777e-08,2.02085e-08,0.2084999999999982,2.02865e-08,2.01933e-08,0.2865000000000006,0.3724500000000008,1.8,2.337199e-09
ss,1.8,-40.0,1,0,0.42,1.26,0.6,0.84,65.0,10.0,200.0,50.0,0,True,True,1.8,2.331215e-09,1.198777e-08,1.8,2.01648e-08,0.16480000000000092,2.01933e-08,2.02865e-08,0.2865000000000006,0.3724500000000008,2.337198e-09,1.8
ss,1.8,27.0,0,1,0.42,1.26,0.6,0.84,65.0,10.0,200.0,50.0,0,True,True,3.582063e-09,1.8,1.799906,3.408361e-07,2.02102e-08,0.21020000000000078,2.02871e-08,2.02022e-08,0.28709999999999997,0.37322999999999995,1.8,4.066985e-09
ss,1.8,27.0,1,0,0.42,1.26,0.6,0.84,65.0,10.0,200.0,50.0,0,True,True,1.8,3.582065e-09,3.408361e-07,1.799906,2.0168e-08,0.1679999999999986,2.02022e-08,2.02871e-08,0.28709999999999997,0.37322999999999995,4.066986e-09,1.8
ss,1.8,125.0,0,1,0.42,1.26,0.6,0.84,65.0,10.0,200.0,50.0,0,True,True,4.603439e-07,1.8,1.79977,2.218949e-05,2.02127e-08,0.2127000000000003,2.02881e-08,2.02127e-08,0.2881000000000011,0.3745300000000014,1.8,4.566499e-07
ss,1.8,125.0,1,0,0.42,1.26,0.6,0.84,65.0,10.0,200.0,50.0,0,True,True,1.8,4.603439e-07,2.218949e-05,1.79977,2.01731e-08,0.17309999999999975,2.02127e-08,2.02881e-08,0.2881000000000011,0.3745300000000014,4.566499e-07,1.8
tt,1.62,-40.0,0,1,0.42,1.26,0.6,0.84,65.0,10.0,200.0,50.0,0,True,True,1.106128e-09,1.62,1.620068,8.0578e-09,2.02112e-08,0.2111999999999986,2.02898e-08,2.01945e-08,0.2898000000000004,0.3767400000000005,1.62,1.135077e-09
tt,1.62,-40.0,1,0,0.42,1.26,0.6,0.84,65.0,10.0,200.0,50.0,0,True,True,1.62,1.106128e-09,8.0578e-09,1.620068,2.01668e-08,0.1667999999999999,2.01945e-08,2.02898e-08,0.2898000000000004,0.3767400000000005,1.135076e-09,1.62
tt,1.62,27.0,0,1,0.42,1.26,0.6,0.84,65.0,10.0,200.0,50.0,0,True,True,9.389823e-09,1.62,1.619969,5.345125e-07,2.02117e-08,0.21169999999999917,2.02869e-08,2.02032e-08,0.2868999999999991,0.37296999999999886,1.62,1.008319e-08
tt,1.62,27.0,1,0,0.42,1.26,0.6,0.84,65.0,10.0,200.0,50.0,0,True,True,1.62,9.389822e-09,5.345125e-07,1.619969,2.01706e-08,0.17060000000000022,2.02032e-08,2.02869e-08,0.2868999999999991,0.37296999999999886,1.008319e-08,1.62
tt,1.62,125.0,0,1,0.42,1.26,0.6,0.84,65.0,10.0,200.0,50.0,0,True,True,2.314398e-06,1.619999,1.619838,5.458618e-05,2.02132e-08,0.2132000000000009,2.02851e-08,2.02141e-08,0.285100000000001,0.37063000000000135,1.619999,2.305121e-06
tt,1.62,125.0,1,0,0.42,1.26,0.6,0.84,65.0,10.0,200.0,50.0,0,True,True,1.619999,2.314398e-06,5.458618e-05,1.619838,2.0175e-08,0.1749999999999999,2.02141e-08,2.02851e-08,0.285100000000001,0.37063000000000135,2.305121e-06,1.619999
tt,1.8,-40.0,0,1,0.42,1.26,0.6,0.84,65.0,10.0,200.0,50.0,0,True,True,1.506938e-09,1.8,1.799999,6.410138e-09,2.01979e-08,0.19790000000000074,2.02632e-08,2.01869e-08,0.263199999999998,0.3421599999999974,1.8,1.52923e-09
tt,1.8,-40.0,1,0,0.42,1.26,0.6,0.84,65.0,10.0,200.0,50.0,0,True,True,1.8,1.506938e-09,6.410138e-09,1.799999,2.01587e-08,0.15869999999999865,2.01869e-08,2.02632e-08,0.263199999999998,0.3421599999999974,1.52923e-09,1.8
tt,1.8,27.0,0,1,0.42,1.26,0.6,0.84,65.0,10.0,200.0,50.0,0,True,True,1.043151e-08,1.8,1.799931,5.215003e-07,2.01995e-08,0.19950000000000123,2.02644e-08,2.0195e-08,0.2644,0.34372,1.8,1.100288e-08
tt,1.8,27.0,1,0,0.42,1.26,0.6,0.84,65.0,10.0,200.0,50.0,0,True,True,1.8,1.043151e-08,5.215003e-07,1.799931,2.01621e-08,0.1621000000000005,2.0195e-08,2.02644e-08,0.2644,0.34372,1.100287e-08,1.8
tt,1.8,125.0,0,1,0.42,1.26,0.6,0.84,65.0,10.0,200.0,50.0,0,True,True,2.351225e-06,1.799999,1.799834,5.938766e-05,2.02017e-08,0.20170000000000107,2.02648e-08,2.02033e-08,0.2647999999999985,0.34423999999999805,1.799999,2.340186e-06
tt,1.8,125.0,1,0,0.42,1.26,0.6,0.84,65.0,10.0,200.0,50.0,0,True,True,1.799999,2.351225e-06,5.938766e-05,1.799834,2.01676e-08,0.16760000000000014,2.02033e-08,2.02648e-08,0.2647999999999985,0.34423999999999805,2.340186e-06,1.799999
