corner,vdd_v,temp_c,state,frequency_hz,cwl_bitcell_pex_ff,status,error,pex_netlist_path,pex_netlist_sha256
tt,1.62,-40.0,0,1000000.0,9.498128271,PASS,,/home/designer/shared/layout/bitcell_6t/pex/bitcell_6t_pex.spice,41fb8502601508f50e82cdae3ef77b10ec8048dca26b769f981e88f0d9cabb03
tt,1.62,-40.0,1,1000000.0,9.498128271,PASS,,/home/designer/shared/layout/bitcell_6t/pex/bitcell_6t_pex.spice,41fb8502601508f50e82cdae3ef77b10ec8048dca26b769f981e88f0d9cabb03
tt,1.62,27.0,0,1000000.0,9.488706299,PASS,,/home/designer/shared/layout/bitcell_6t/pex/bitcell_6t_pex.spice,41fb8502601508f50e82cdae3ef77b10ec8048dca26b769f981e88f0d9cabb03
tt,1.62,27.0,1,1000000.0,9.488706299,PASS,,/home/designer/shared/layout/bitcell_6t/pex/bitcell_6t_pex.spice,41fb8502601508f50e82cdae3ef77b10ec8048dca26b769f981e88f0d9cabb03
tt,1.62,125.0,0,1000000.0,9.481910383,PASS,,/home/designer/shared/layout/bitcell_6t/pex/bitcell_6t_pex.spice,41fb8502601508f50e82cdae3ef77b10ec8048dca26b769f981e88f0d9cabb03
tt,1.62,125.0,1,1000000.0,9.481910383,PASS,,/home/designer/shared/layout/bitcell_6t/pex/bitcell_6t_pex.spice,41fb8502601508f50e82cdae3ef77b10ec8048dca26b769f981e88f0d9cabb03
tt,1.8,-40.0,0,1000000.0,9.498128271,PASS,,/home/designer/shared/layout/bitcell_6t/pex/bitcell_6t_pex.spice,41fb8502601508f50e82cdae3ef77b10ec8048dca26b769f981e88f0d9cabb03
tt,1.8,-40.0,1,1000000.0,9.498128271,PASS,,/home/designer/shared/layout/bitcell_6t/pex/bitcell_6t_pex.spice,41fb8502601508f50e82cdae3ef77b10ec8048dca26b769f981e88f0d9cabb03
tt,1.8,27.0,0,1000000.0,9.488706299,PASS,,/home/designer/shared/layout/bitcell_6t/pex/bitcell_6t_pex.spice,41fb8502601508f50e82cdae3ef77b10ec8048dca26b769f981e88f0d9cabb03
tt,1.8,27.0,1,1000000.0,9.488706299,PASS,,/home/designer/shared/layout/bitcell_6t/pex/bitcell_6t_pex.spice,41fb8502601508f50e82cdae3ef77b10ec8048dca26b769f981e88f0d9cabb03
tt,1.8,125.0,0,1000000.0,9.481926298,PASS,,/home/designer/shared/layout/bitcell_6t/pex/bitcell_6t_pex.spice,41fb8502601508f50e82cdae3ef77b10ec8048dca26b769f981e88f0d9cabb03
tt,1.8,125.0,1,1000000.0,9.481926298,PASS,,/home/designer/shared/layout/bitcell_6t/pex/bitcell_6t_pex.spice,41fb8502601508f50e82cdae3ef77b10ec8048dca26b769f981e88f0d9cabb03
ff,1.62,-40.0,0,1000000.0,9.522017428,PASS,,/home/designer/shared/layout/bitcell_6t/pex/bitcell_6t_pex.spice,41fb8502601508f50e82cdae3ef77b10ec8048dca26b769f981e88f0d9cabb03
ff,1.62,-40.0,1,1000000.0,9.522017428,PASS,,/home/designer/shared/layout/bitcell_6t/pex/bitcell_6t_pex.spice,41fb8502601508f50e82cdae3ef77b10ec8048dca26b769f981e88f0d9cabb03
ff,1.62,27.0,0,1000000.0,9.514250667,PASS,,/home/designer/shared/layout/bitcell_6t/pex/bitcell_6t_pex.spice,41fb8502601508f50e82cdae3ef77b10ec8048dca26b769f981e88f0d9cabb03
ff,1.62,27.0,1,1000000.0,9.514250667,PASS,,/home/designer/shared/layout/bitcell_6t/pex/bitcell_6t_pex.spice,41fb8502601508f50e82cdae3ef77b10ec8048dca26b769f981e88f0d9cabb03
ff,1.62,125.0,0,1000000.0,9.510574188,PASS,,/home/designer/shared/layout/bitcell_6t/pex/bitcell_6t_pex.spice,41fb8502601508f50e82cdae3ef77b10ec8048dca26b769f981e88f0d9cabb03
ff,1.62,125.0,1,1000000.0,9.510574188,PASS,,/home/designer/shared/layout/bitcell_6t/pex/bitcell_6t_pex.spice,41fb8502601508f50e82cdae3ef77b10ec8048dca26b769f981e88f0d9cabb03
ff,1.8,-40.0,0,1000000.0,9.522033344,PASS,,/home/designer/shared/layout/bitcell_6t/pex/bitcell_6t_pex.spice,41fb8502601508f50e82cdae3ef77b10ec8048dca26b769f981e88f0d9cabb03
ff,1.8,-40.0,1,1000000.0,9.522033344,PASS,,/home/designer/shared/layout/bitcell_6t/pex/bitcell_6t_pex.spice,41fb8502601508f50e82cdae3ef77b10ec8048dca26b769f981e88f0d9cabb03
ff,1.8,27.0,0,1000000.0,9.514266583,PASS,,/home/designer/shared/layout/bitcell_6t/pex/bitcell_6t_pex.spice,41fb8502601508f50e82cdae3ef77b10ec8048dca26b769f981e88f0d9cabb03
ff,1.8,27.0,1,1000000.0,9.514266583,PASS,,/home/designer/shared/layout/bitcell_6t/pex/bitcell_6t_pex.spice,41fb8502601508f50e82cdae3ef77b10ec8048dca26b769f981e88f0d9cabb03
ff,1.8,125.0,0,1000000.0,9.510574188,PASS,,/home/designer/shared/layout/bitcell_6t/pex/bitcell_6t_pex.spice,41fb8502601508f50e82cdae3ef77b10ec8048dca26b769f981e88f0d9cabb03
ff,1.8,125.0,1,1000000.0,9.510574188,PASS,,/home/designer/shared/layout/bitcell_6t/pex/bitcell_6t_pex.spice,41fb8502601508f50e82cdae3ef77b10ec8048dca26b769f981e88f0d9cabb03
ss,1.62,-40.0,0,1000000.0,9.474350523,PASS,,/home/designer/shared/layout/bitcell_6t/pex/bitcell_6t_pex.spice,41fb8502601508f50e82cdae3ef77b10ec8048dca26b769f981e88f0d9cabb03
ss,1.62,-40.0,1,1000000.0,9.474350523,PASS,,/home/designer/shared/layout/bitcell_6t/pex/bitcell_6t_pex.spice,41fb8502601508f50e82cdae3ef77b10ec8048dca26b769f981e88f0d9cabb03
ss,1.62,27.0,0,1000000.0,9.463321085,PASS,,/home/designer/shared/layout/bitcell_6t/pex/bitcell_6t_pex.spice,41fb8502601508f50e82cdae3ef77b10ec8048dca26b769f981e88f0d9cabb03
ss,1.62,27.0,1,1000000.0,9.463321085,PASS,,/home/designer/shared/layout/bitcell_6t/pex/bitcell_6t_pex.spice,41fb8502601508f50e82cdae3ef77b10ec8048dca26b769f981e88f0d9cabb03
ss,1.62,125.0,0,1000000.0,9.453867282,PASS,,/home/designer/shared/layout/bitcell_6t/pex/bitcell_6t_pex.spice,41fb8502601508f50e82cdae3ef77b10ec8048dca26b769f981e88f0d9cabb03
ss,1.62,125.0,1,1000000.0,9.453867282,PASS,,/home/designer/shared/layout/bitcell_6t/pex/bitcell_6t_pex.spice,41fb8502601508f50e82cdae3ef77b10ec8048dca26b769f981e88f0d9cabb03
ss,1.8,-40.0,0,1000000.0,9.474350523,PASS,,/home/designer/shared/layout/bitcell_6t/pex/bitcell_6t_pex.spice,41fb8502601508f50e82cdae3ef77b10ec8048dca26b769f981e88f0d9cabb03
ss,1.8,-40.0,1,1000000.0,9.474350523,PASS,,/home/designer/shared/layout/bitcell_6t/pex/bitcell_6t_pex.spice,41fb8502601508f50e82cdae3ef77b10ec8048dca26b769f981e88f0d9cabb03
ss,1.8,27.0,0,1000000.0,9.463321085,PASS,,/home/designer/shared/layout/bitcell_6t/pex/bitcell_6t_pex.spice,41fb8502601508f50e82cdae3ef77b10ec8048dca26b769f981e88f0d9cabb03
ss,1.8,27.0,1,1000000.0,9.463321085,PASS,,/home/designer/shared/layout/bitcell_6t/pex/bitcell_6t_pex.spice,41fb8502601508f50e82cdae3ef77b10ec8048dca26b769f981e88f0d9cabb03
ss,1.8,125.0,0,1000000.0,9.453867282,PASS,,/home/designer/shared/layout/bitcell_6t/pex/bitcell_6t_pex.spice,41fb8502601508f50e82cdae3ef77b10ec8048dca26b769f981e88f0d9cabb03
ss,1.8,125.0,1,1000000.0,9.453867282,PASS,,/home/designer/shared/layout/bitcell_6t/pex/bitcell_6t_pex.spice,41fb8502601508f50e82cdae3ef77b10ec8048dca26b769f981e88f0d9cabb03
fs,1.62,-40.0,0,1000000.0,9.518436442,PASS,,/home/designer/shared/layout/bitcell_6t/pex/bitcell_6t_pex.spice,41fb8502601508f50e82cdae3ef77b10ec8048dca26b769f981e88f0d9cabb03
fs,1.62,-40.0,1,1000000.0,9.518436442,PASS,,/home/designer/shared/layout/bitcell_6t/pex/bitcell_6t_pex.spice,41fb8502601508f50e82cdae3ef77b10ec8048dca26b769f981e88f0d9cabb03
fs,1.62,27.0,0,1000000.0,9.506643061,PASS,,/home/designer/shared/layout/bitcell_6t/pex/bitcell_6t_pex.spice,41fb8502601508f50e82cdae3ef77b10ec8048dca26b769f981e88f0d9cabb03
fs,1.62,27.0,1,1000000.0,9.506643061,PASS,,/home/designer/shared/layout/bitcell_6t/pex/bitcell_6t_pex.spice,41fb8502601508f50e82cdae3ef77b10ec8048dca26b769f981e88f0d9cabb03
fs,1.62,125.0,0,1000000.0,9.494642778,PASS,,/home/designer/shared/layout/bitcell_6t/pex/bitcell_6t_pex.spice,41fb8502601508f50e82cdae3ef77b10ec8048dca26b769f981e88f0d9cabb03
fs,1.62,125.0,1,1000000.0,9.494642778,PASS,,/home/designer/shared/layout/bitcell_6t/pex/bitcell_6t_pex.spice,41fb8502601508f50e82cdae3ef77b10ec8048dca26b769f981e88f0d9cabb03
fs,1.8,-40.0,0,1000000.0,9.518436442,PASS,,/home/designer/shared/layout/bitcell_6t/pex/bitcell_6t_pex.spice,41fb8502601508f50e82cdae3ef77b10ec8048dca26b769f981e88f0d9cabb03
fs,1.8,-40.0,1,1000000.0,9.518436442,PASS,,/home/designer/shared/layout/bitcell_6t/pex/bitcell_6t_pex.spice,41fb8502601508f50e82cdae3ef77b10ec8048dca26b769f981e88f0d9cabb03
fs,1.8,27.0,0,1000000.0,9.506643061,PASS,,/home/designer/shared/layout/bitcell_6t/pex/bitcell_6t_pex.spice,41fb8502601508f50e82cdae3ef77b10ec8048dca26b769f981e88f0d9cabb03
fs,1.8,27.0,1,1000000.0,9.506643061,PASS,,/home/designer/shared/layout/bitcell_6t/pex/bitcell_6t_pex.spice,41fb8502601508f50e82cdae3ef77b10ec8048dca26b769f981e88f0d9cabb03
fs,1.8,125.0,0,1000000.0,9.494658694,PASS,,/home/designer/shared/layout/bitcell_6t/pex/bitcell_6t_pex.spice,41fb8502601508f50e82cdae3ef77b10ec8048dca26b769f981e88f0d9cabb03
fs,1.8,125.0,1,1000000.0,9.494658694,PASS,,/home/designer/shared/layout/bitcell_6t/pex/bitcell_6t_pex.spice,41fb8502601508f50e82cdae3ef77b10ec8048dca26b769f981e88f0d9cabb03
sf,1.62,-40.0,0,1000000.0,9.480525735,PASS,,/home/designer/shared/layout/bitcell_6t/pex/bitcell_6t_pex.spice,41fb8502601508f50e82cdae3ef77b10ec8048dca26b769f981e88f0d9cabb03
sf,1.62,-40.0,1,1000000.0,9.480525735,PASS,,/home/designer/shared/layout/bitcell_6t/pex/bitcell_6t_pex.spice,41fb8502601508f50e82cdae3ef77b10ec8048dca26b769f981e88f0d9cabb03
sf,1.62,27.0,0,1000000.0,9.473873058,PASS,,/home/designer/shared/layout/bitcell_6t/pex/bitcell_6t_pex.spice,41fb8502601508f50e82cdae3ef77b10ec8048dca26b769f981e88f0d9cabb03
sf,1.62,27.0,1,1000000.0,9.473873058,PASS,,/home/designer/shared/layout/bitcell_6t/pex/bitcell_6t_pex.spice,41fb8502601508f50e82cdae3ef77b10ec8048dca26b769f981e88f0d9cabb03
sf,1.62,125.0,0,1000000.0,9.474000382,PASS,,/home/designer/shared/layout/bitcell_6t/pex/bitcell_6t_pex.spice,41fb8502601508f50e82cdae3ef77b10ec8048dca26b769f981e88f0d9cabb03
sf,1.62,125.0,1,1000000.0,9.474000382,PASS,,/home/designer/shared/layout/bitcell_6t/pex/bitcell_6t_pex.spice,41fb8502601508f50e82cdae3ef77b10ec8048dca26b769f981e88f0d9cabb03
sf,1.8,-40.0,0,1000000.0,9.480525735,PASS,,/home/designer/shared/layout/bitcell_6t/pex/bitcell_6t_pex.spice,41fb8502601508f50e82cdae3ef77b10ec8048dca26b769f981e88f0d9cabb03
sf,1.8,-40.0,1,1000000.0,9.480525735,PASS,,/home/designer/shared/layout/bitcell_6t/pex/bitcell_6t_pex.spice,41fb8502601508f50e82cdae3ef77b10ec8048dca26b769f981e88f0d9cabb03
sf,1.8,27.0,0,1000000.0,9.473873058,PASS,,/home/designer/shared/layout/bitcell_6t/pex/bitcell_6t_pex.spice,41fb8502601508f50e82cdae3ef77b10ec8048dca26b769f981e88f0d9cabb03
sf,1.8,27.0,1,1000000.0,9.473873058,PASS,,/home/designer/shared/layout/bitcell_6t/pex/bitcell_6t_pex.spice,41fb8502601508f50e82cdae3ef77b10ec8048dca26b769f981e88f0d9cabb03
sf,1.8,125.0,0,1000000.0,9.474000382,PASS,,/home/designer/shared/layout/bitcell_6t/pex/bitcell_6t_pex.spice,41fb8502601508f50e82cdae3ef77b10ec8048dca26b769f981e88f0d9cabb03
sf,1.8,125.0,1,1000000.0,9.474000382,PASS,,/home/designer/shared/layout/bitcell_6t/pex/bitcell_6t_pex.spice,41fb8502601508f50e82cdae3ef77b10ec8048dca26b769f981e88f0d9cabb03
