corner,vdd_v,temp_c,stored_q,wpu_um,wpd_um,wacc_um,idd_a,ibl_a,iblb_a,total_supply_a,cell_vdd_power_w,q_end_v,qb_end_v,state_stable
tt,1.62,-40,0,0.42,1.26,0.6,5.215591e-12,1.630182e-12,1.629998e-12,8.475771e-12,8.44925742e-12,1.10657e-09,1.62,True
tt,1.62,-40,1,0.42,1.26,0.6,5.215612e-12,1.629998e-12,1.630182e-12,8.475792e-12,8.44929144e-12,1.62,1.106569e-09,True
tt,1.62,27,0,0.42,1.26,0.6,1.677139e-11,1.722488e-12,1.629998e-12,2.0123876e-11,2.71696518e-11,9.388739e-09,1.62,True
tt,1.62,27,1,0.42,1.26,0.6,1.677136e-11,1.630002e-12,1.722488e-12,2.012385e-11,2.71696032e-11,1.62,9.388738e-09,True
tt,1.62,125,0,0.42,1.26,0.6,2.5473e-09,2.064499e-11,1.629998e-12,2.569574988e-09,4.126626e-09,2.314369e-06,1.619999,True
tt,1.62,125,1,0.42,1.26,0.6,2.5473e-09,1.63e-12,2.064499e-11,2.56957499e-09,4.126626e-09,1.619999,2.314369e-06,True
tt,1.8,-40,0,0.42,1.26,0.6,6.598411e-12,1.81022e-12,1.81e-12,1.0218631e-11,1.18771398e-11,1.506934e-09,1.8,True
tt,1.8,-40,1,0.42,1.26,0.6,6.598401e-12,1.810002e-12,1.810222e-12,1.0218625e-11,1.18771218e-11,1.8,1.506933e-09,True
tt,1.8,27,0,0.42,1.26,0.6,2.03592e-11,1.919095e-12,1.809998e-12,2.4088293e-11,3.664656e-11,1.04286e-08,1.8,True
tt,1.8,27,1,0.42,1.26,0.6,2.035916e-11,1.81e-12,1.919095e-12,2.4088255e-11,3.6646488e-11,1.8,1.042859e-08,True
tt,1.8,125,0,0.42,1.26,0.6,2.868016e-09,2.35975e-11,1.81e-12,2.8934235e-09,5.1624288e-09,2.351187e-06,1.799999,True
tt,1.8,125,1,0.42,1.26,0.6,2.868016e-09,1.809998e-12,2.35975e-11,2.893423498e-09,5.1624288e-09,1.799999,2.351187e-06,True
tt,1.95,-40,0,0.42,1.26,0.6,8.802661e-12,1.96026e-12,1.960003e-12,1.2722924e-11,1.716518895e-11,2.30462e-09,1.95,True
tt,1.95,-40,1,0.42,1.26,0.6,8.802605e-12,1.960002e-12,1.96026e-12,1.2722867e-11,1.716507975e-11,1.95,2.30462e-09,True
tt,1.95,27,0,0.42,1.26,0.6,2.467649e-11,2.084435e-12,1.960002e-12,2.8720927e-11,4.81191555e-11,1.208744e-08,1.95,True
tt,1.95,27,1,0.42,1.26,0.6,2.46765e-11,1.96e-12,2.084437e-12,2.8720937e-11,4.8119175e-11,1.95,1.208745e-08,True
tt,1.95,125,0,0.42,1.26,0.6,3.159597e-09,2.623463e-11,1.960002e-12,3.187791632e-09,6.16121415e-09,2.428068e-06,1.949999,True
tt,1.95,125,1,0.42,1.26,0.6,3.159597e-09,1.960002e-12,2.623463e-11,3.187791632e-09,6.16121415e-09,1.949999,2.428068e-06,True
ff,1.62,-40,0,0.42,1.26,0.6,5.555346e-12,1.63148e-12,1.630003e-12,8.816829e-12,8.99966052e-12,1.146143e-09,1.62,True
ff,1.62,-40,1,0.42,1.26,0.6,5.555346e-12,1.630002e-12,1.631483e-12,8.816831e-12,8.99966052e-12,1.62,1.146142e-09,True
ff,1.62,27,0,0.42,1.26,0.6,1.457681e-10,2.110289e-12,1.630002e-12,1.49508391e-10,2.36144322e-10,8.759071e-08,1.62,True
ff,1.62,27,1,0.42,1.26,0.6,1.457681e-10,1.630003e-12,2.110289e-12,1.49508392e-10,2.36144322e-10,1.62,8.759071e-08,True
ff,1.62,125,0,0.42,1.26,0.6,1.192245e-08,6.891563e-11,1.630002e-12,1.1992995632e-08,1.9314369e-08,9.495436e-06,1.619998,True
ff,1.62,125,1,0.42,1.26,0.6,1.192245e-08,1.63e-12,6.891564e-11,1.199299564e-08,1.9314369e-08,1.619998,9.495436e-06,True
ff,1.8,-40,0,0.42,1.26,0.6,6.721173e-12,1.811808e-12,1.81e-12,1.0342981e-11,1.20981114e-11,1.395866e-09,1.8,True
ff,1.8,-40,1,0.42,1.26,0.6,6.721139e-12,1.81e-12,1.811808e-12,1.0342947e-11,1.20980502e-11,1.8,1.395867e-09,True
ff,1.8,27,0,0.42,1.26,0.6,1.80262e-10,2.378982e-12,1.81e-12,1.84450982e-10,3.244716e-10,9.790516e-08,1.8,True
ff,1.8,27,1,0.42,1.26,0.6,1.80262e-10,1.810004e-12,2.378982e-12,1.84450986e-10,3.244716e-10,1.8,9.790516e-08,True
ff,1.8,125,0,0.42,1.26,0.6,1.371365e-08,7.939433e-11,1.81e-12,1.379485433e-08,2.468457e-08,9.899996e-06,1.799998,True
ff,1.8,125,1,0.42,1.26,0.6,1.371365e-08,1.810002e-12,7.939433e-11,1.3794854332e-08,2.468457e-08,1.799998,9.899996e-06,True
ff,1.95,-40,0,0.42,1.26,0.6,8.293257e-12,1.962118e-12,1.960003e-12,1.2215378e-11,1.617185115e-11,1.845839e-09,1.95,True
ff,1.95,-40,1,0.42,1.26,0.6,8.293241e-12,1.960003e-12,1.962116e-12,1.221536e-11,1.617181995e-11,1.95,1.845838e-09,True
ff,1.95,27,0,0.42,1.26,0.6,2.14656e-10,2.610601e-12,1.96e-12,2.19226601e-10,4.185792e-10,1.094672e-07,1.95,True
ff,1.95,27,1,0.42,1.26,0.6,2.14656e-10,1.96e-12,2.610598e-12,2.19226598e-10,4.185792e-10,1.95,1.094672e-07,True
ff,1.95,125,0,0.42,1.26,0.6,1.536896e-08,8.87432e-11,1.960002e-12,1.5459663202e-08,2.9969472e-08,1.042876e-05,1.949998,True
ff,1.95,125,1,0.42,1.26,0.6,1.536896e-08,1.960003e-12,8.87432e-11,1.5459663203e-08,2.9969472e-08,1.949998,1.042876e-05,True
ss,1.62,-40,0,0.42,1.26,0.6,5.511543e-12,1.630062e-12,1.630002e-12,8.771607e-12,8.92869966e-12,1.441818e-09,1.62,True
ss,1.62,-40,1,0.42,1.26,0.6,5.51154e-12,1.63e-12,1.630062e-12,8.771602e-12,8.9286948e-12,1.62,1.441817e-09,True
ss,1.62,27,0,0.42,1.26,0.6,6.29019e-12,1.667303e-12,1.63e-12,9.587493e-12,1.01901078e-11,2.436402e-09,1.62,True
ss,1.62,27,1,0.42,1.26,0.6,6.290174e-12,1.63e-12,1.667302e-12,9.587476e-12,1.019008188e-11,1.62,2.436397e-09,True
ss,1.62,125,0,0.42,1.26,0.6,4.477071e-10,1.063729e-11,1.629998e-12,4.59974388e-10,7.25285502e-10,4.644831e-07,1.62,True
ss,1.62,125,1,0.42,1.26,0.6,4.477071e-10,1.629998e-12,1.063729e-11,4.59974388e-10,7.25285502e-10,1.62,4.644831e-07,True
ss,1.8,-40,0,0.42,1.26,0.6,7.725009e-12,1.810078e-12,1.810002e-12,1.1345089e-11,1.39050162e-11,2.33122e-09,1.8,True
ss,1.8,-40,1,0.42,1.26,0.6,7.724999e-12,1.810002e-12,1.810082e-12,1.1345083e-11,1.39049982e-11,1.8,2.331221e-09,True
ss,1.8,27,0,0.42,1.26,0.6,8.611887e-12,1.855639e-12,1.809998e-12,1.2277524e-11,1.55013966e-11,3.576822e-09,1.8,True
ss,1.8,27,1,0.42,1.26,0.6,8.611905e-12,1.810004e-12,1.855641e-12,1.227755e-11,1.5501429e-11,1.8,3.576819e-09,True
ss,1.8,125,0,0.42,1.26,0.6,4.937842e-10,1.238189e-11,1.81e-12,5.0797609e-10,8.8881156e-10,4.602893e-07,1.8,True
ss,1.8,125,1,0.42,1.26,0.6,4.937842e-10,1.81e-12,1.238189e-11,5.0797609e-10,8.8881156e-10,1.8,4.602893e-07,True
ss,1.95,-40,0,0.42,1.26,0.6,1.166579e-11,1.960099e-12,1.960003e-12,1.5585892e-11,2.27482905e-11,4.08358e-09,1.95,True
ss,1.95,-40,1,0.42,1.26,0.6,1.166578e-11,1.960003e-12,1.960099e-12,1.5585882e-11,2.2748271e-11,1.95,4.083578e-09,True
ss,1.95,27,0,0.42,1.26,0.6,1.265222e-11,2.013761e-12,1.960005e-12,1.6625986e-11,2.4671829e-11,5.822813e-09,1.95,True
ss,1.95,27,1,0.42,1.26,0.6,1.265222e-11,1.960005e-12,2.013762e-12,1.6625987e-11,2.4671829e-11,1.95,5.822814e-09,True
ss,1.95,125,0,0.42,1.26,0.6,5.36669e-10,1.399797e-11,1.960003e-12,5.52626973e-10,1.04650455e-09,4.678817e-07,1.95,True
ss,1.95,125,1,0.42,1.26,0.6,5.36669e-10,1.960003e-12,1.399797e-11,5.52626973e-10,1.04650455e-09,1.95,4.678817e-07,True
fs,1.62,-40,0,0.42,1.26,0.6,7.38041e-12,1.63001e-12,1.629998e-12,1.0640418e-11,1.19562642e-11,2.482373e-09,1.62,True
fs,1.62,-40,1,0.42,1.26,0.6,7.380407e-12,1.63e-12,1.630012e-12,1.0640419e-11,1.195625934e-11,1.62,2.482372e-09,True
fs,1.62,27,0,0.42,1.26,0.6,3.31248e-10,1.639812e-12,1.629998e-12,3.3451781e-10,5.3662176e-10,2.479635e-07,1.62,True
fs,1.62,27,1,0.42,1.26,0.6,3.31248e-10,1.63e-12,1.639812e-12,3.34517812e-10,5.3662176e-10,1.62,2.479635e-07,True
fs,1.62,125,0,0.42,1.26,0.6,1.816292e-08,5.118298e-12,1.629998e-12,1.8169668296e-08,2.94239304e-08,1.790812e-05,1.62,True
fs,1.62,125,1,0.42,1.26,0.6,1.816292e-08,1.63e-12,5.1183e-12,1.81696683e-08,2.94239304e-08,1.62,1.790812e-05,True
fs,1.8,-40,0,0.42,1.26,0.6,9.250596e-12,1.810016e-12,1.81e-12,1.2870612e-11,1.66510728e-11,2.998305e-09,1.8,True
fs,1.8,-40,1,0.42,1.26,0.6,9.250588e-12,1.810002e-12,1.810016e-12,1.2870606e-11,1.66510584e-11,1.8,2.998304e-09,True
fs,1.8,27,0,0.42,1.26,0.6,3.81866e-10,1.821694e-12,1.810004e-12,3.85497698e-10,6.873588e-10,2.534533e-07,1.8,True
fs,1.8,27,1,0.42,1.26,0.6,3.81866e-10,1.810002e-12,1.821696e-12,3.85497698e-10,6.873588e-10,1.8,2.534533e-07,True
fs,1.8,125,0,0.42,1.26,0.6,2.005993e-08,5.837565e-12,1.81e-12,2.0067577565e-08,3.6107874e-08,1.769035e-05,1.8,True
fs,1.8,125,1,0.42,1.26,0.6,2.005993e-08,1.810002e-12,5.837568e-12,2.006757757e-08,3.6107874e-08,1.8,1.769035e-05,True
fs,1.95,-40,0,0.42,1.26,0.6,1.193182e-11,1.960015e-12,1.96e-12,1.5851835e-11,2.3267049e-11,3.954466e-09,1.95,True
fs,1.95,-40,1,0.42,1.26,0.6,1.193183e-11,1.960002e-12,1.960017e-12,1.5851849e-11,2.32670685e-11,1.95,3.954466e-09,True
fs,1.95,27,0,0.42,1.26,0.6,4.295268e-10,1.973453e-12,1.960003e-12,4.33460256e-10,8.3757726e-10,2.645764e-07,1.95,True
fs,1.95,27,1,0.42,1.26,0.6,4.295268e-10,1.96e-12,1.973453e-12,4.33460253e-10,8.3757726e-10,1.95,2.645764e-07,True
fs,1.95,125,0,0.42,1.26,0.6,2.175084e-08,6.475698e-12,1.960003e-12,2.1759275701e-08,4.2414138e-08,1.788799e-05,1.95,True
fs,1.95,125,1,0.42,1.26,0.6,2.175084e-08,1.960003e-12,6.4757e-12,2.1759275703e-08,4.2414138e-08,1.95,1.788799e-05,True
sf,1.62,-40,0,0.42,1.26,0.6,5.207469e-12,1.633251e-12,1.630002e-12,8.470722e-12,8.43609978e-12,1.039978e-09,1.62,True
sf,1.62,-40,1,0.42,1.26,0.6,5.207498e-12,1.63e-12,1.633249e-12,8.470747e-12,8.43614676e-12,1.62,1.03998e-09,True
sf,1.62,27,0,0.42,1.26,0.6,6.909388e-12,2.4946e-12,1.629998e-12,1.1033986e-11,1.119320856e-11,1.999697e-09,1.62,True
sf,1.62,27,1,0.42,1.26,0.6,6.909388e-12,1.629998e-12,2.494598e-12,1.1033984e-11,1.119320856e-11,1.62,1.999695e-09,True
sf,1.62,125,0,0.42,1.26,0.6,3.599623e-10,1.041873e-10,1.63e-12,4.657796e-10,5.83138926e-10,2.491464e-07,1.619998,True
sf,1.62,125,1,0.42,1.26,0.6,3.599623e-10,1.63e-12,1.041873e-10,4.657796e-10,5.83138926e-10,1.619998,2.491464e-07,True
sf,1.8,-40,0,0.42,1.26,0.6,6.587877e-12,1.813907e-12,1.81e-12,1.0211784e-11,1.18581786e-11,1.431364e-09,1.8,True
sf,1.8,-40,1,0.42,1.26,0.6,6.58787e-12,1.81e-12,1.813905e-12,1.0211775e-11,1.1858166e-11,1.8,1.431366e-09,True
sf,1.8,27,0,0.42,1.26,0.6,8.579856e-12,2.819581e-12,1.809998e-12,1.3209435e-11,1.54437408e-11,2.532475e-09,1.8,True
sf,1.8,27,1,0.42,1.26,0.6,8.57986e-12,1.81e-12,2.819581e-12,1.3209441e-11,1.5443748e-11,1.8,2.532477e-09,True
sf,1.8,125,0,0.42,1.26,0.6,4.117361e-10,1.184275e-10,1.81e-12,5.319736e-10,7.4112498e-10,2.596703e-07,1.799998,True
sf,1.8,125,1,0.42,1.26,0.6,4.117361e-10,1.809998e-12,1.184275e-10,5.31973598e-10,7.4112498e-10,1.799998,2.596703e-07,True
sf,1.95,-40,0,0.42,1.26,0.6,8.789471e-12,1.964524e-12,1.960003e-12,1.2713998e-11,1.713946845e-11,2.203611e-09,1.95,True
sf,1.95,-40,1,0.42,1.26,0.6,8.789484e-12,1.960003e-12,1.964526e-12,1.2714013e-11,1.71394938e-11,1.95,2.203612e-09,True
sf,1.95,27,0,0.42,1.26,0.6,1.10486e-11,3.10201e-12,1.960003e-12,1.6110613e-11,2.154477e-11,3.546952e-09,1.95,True
sf,1.95,27,1,0.42,1.26,0.6,1.10486e-11,1.960002e-12,3.102012e-12,1.6110614e-11,2.154477e-11,1.95,3.546953e-09,True
sf,1.95,125,0,0.42,1.26,0.6,4.597588e-10,1.310732e-10,1.960002e-12,5.92792002e-10,8.9652966e-10,2.737236e-07,1.949998,True
sf,1.95,125,1,0.42,1.26,0.6,4.597588e-10,1.96e-12,1.310732e-10,5.92792e-10,8.9652966e-10,1.949998,2.737236e-07,True
