corner,stored_q_before,stored_q_after,wpu_um,wpd_um,wacc_um,write_pulse_ns,wl_min_success_v,wl_max_drop_v,wl_drop_resolution_v,status
tt,0,1,0.42,0.84,0.6,10,1.06875,0.73125,0.014062500000000089,PASS
tt,1,0,0.42,0.84,0.6,10,1.06875,0.73125,0.014062500000000089,PASS
ff,0,1,0.42,0.84,0.6,10,1.0265624999999998,0.7734375000000002,0.014062499999999867,PASS
ff,1,0,0.42,0.84,0.6,10,1.0265624999999998,0.7734375000000002,0.014062499999999867,PASS
ss,0,1,0.42,0.84,0.6,10,1.0828125000000002,0.7171874999999999,0.014062500000000089,PASS
ss,1,0,0.42,0.84,0.6,10,1.0828125000000002,0.7171874999999999,0.014062500000000089,PASS
fs,0,1,0.42,0.84,0.6,10,1.18125,0.6187500000000001,0.014062500000000089,PASS
fs,1,0,0.42,0.84,0.6,10,1.18125,0.6187500000000001,0.014062500000000089,PASS
sf,0,1,0.42,0.84,0.6,10,0.9281250000000001,0.871875,0.014062500000000089,PASS
sf,1,0,0.42,0.84,0.6,10,0.9281250000000001,0.871875,0.014062500000000089,PASS
tt,0,1,0.42,1.05,0.6,10,1.06875,0.73125,0.014062500000000089,PASS
tt,1,0,0.42,1.05,0.6,10,1.06875,0.73125,0.014062500000000089,PASS
ff,0,1,0.42,1.05,0.6,10,1.040625,0.7593750000000001,0.014062500000000089,PASS
ff,1,0,0.42,1.05,0.6,10,1.040625,0.7593750000000001,0.014062500000000089,PASS
ss,0,1,0.42,1.05,0.6,10,1.0828125000000002,0.7171874999999999,0.014062500000000089,PASS
ss,1,0,0.42,1.05,0.6,10,1.0828125000000002,0.7171874999999999,0.014062500000000089,PASS
fs,0,1,0.42,1.05,0.6,10,1.1953125,0.6046875,0.014062500000000089,PASS
fs,1,0,0.42,1.05,0.6,10,1.1953125,0.6046875,0.014062500000000089,PASS
sf,0,1,0.42,1.05,0.6,10,0.9281250000000001,0.871875,0.014062500000000089,PASS
sf,1,0,0.42,1.05,0.6,10,0.9281250000000001,0.871875,0.014062500000000089,PASS
