operation,corner,vdd_v,temp_c,sample,seed,stored_q_before,stored_q_after,wpd_um,cbl_total_ff,wl_extra_ff,read_sclk_at_ns,read_disturb_peak_v,stored_high_min_v,delta_at_sclk_v,setup_to_sclk50_ps,t_res_from_sclk50_ns,precharge_recovery_ns,full_flip_from_wl50_ns,wl_min_30pct_ns,actual_wl_high_ns,margin_to_wl_fall_ns,q_final_v,qb_final_v,screen_status,returncode,error
read,ss_mm,1.62,-40.0,1,7001,0,0,1.26,65.0,17.0,2.84,0.09113834,1.605121,0.3683639999999999,81.54000000000012,0.07080000000000021,2.44817,,,,,1.075836e-09,1.62,PASS,0,
read,ss_mm,1.62,-40.0,1,7002,1,1,1.26,65.0,17.0,2.84,0.0851861,1.605512,0.36694000000000004,80.55999999999997,0.06804000000000011,2.53632,,,,,1.62,9.876499e-10,PASS,0,
read,ss_mm,1.62,-40.0,2,7003,0,0,1.26,65.0,17.0,2.84,0.08679971,1.605403,0.4575640000000001,116.80999999999972,0.06500999999999997,2.5227899999999996,,,,,9.845631e-10,1.62,PASS,0,
read,ss_mm,1.62,-40.0,2,7004,1,1,1.26,65.0,17.0,2.84,0.06795415,1.605107,0.2775669999999999,41.83999999999993,0.07822000000000016,2.5319700000000003,,,,,1.62,9.357522e-10,PASS,0,
read,ss_mm,1.62,-40.0,3,7005,0,0,1.26,65.0,17.0,2.84,0.08872149,1.604414,0.3605400000000001,77.08999999999978,0.06845000000000011,2.4355099999999994,,,,,1.028406e-09,1.62,PASS,0,
read,ss_mm,1.62,-40.0,3,7006,1,1,1.26,65.0,17.0,2.84,0.08044041,1.604877,0.35590500000000014,76.42999999999991,0.0710400000000002,2.47095,,,,,1.62,9.757141e-10,PASS,0,
read,ss_mm,1.62,-40.0,4,7007,0,0,1.26,65.0,17.0,2.84,0.08006023,1.605302,0.298265,50.01999999999979,0.08602000000000008,2.3941700000000004,,,,,1.01013e-09,1.62,PASS,0,
read,ss_mm,1.62,-40.0,4,7008,1,1,1.26,65.0,17.0,2.84,0.07760939,1.604184,0.31047099999999994,56.439999999999856,0.07989000000000022,2.53036,,,,,1.62,9.621431e-10,PASS,0,
read,ss_mm,1.62,-40.0,5,7009,0,0,1.26,65.0,17.0,2.84,0.08403079,1.607423,0.371804,82.43000000000009,0.06841000000000018,2.52174,,,,,9.629923e-10,1.62,PASS,0,
read,ss_mm,1.62,-40.0,5,7010,1,1,1.26,65.0,17.0,2.84,0.09247513,1.606128,0.3982859999999999,94.13999999999984,0.07625000000000003,2.5678199999999998,,,,,1.62,1.047079e-09,PASS,0,
