block,corner,vdd_v,temp_c,cap_ff,status,returncode,delay_50_ns,bl_charged_v,blb_charged_v,bl_released_v,blb_released_v,wl_high_v,wl_low_v,error
wl_driver,tt,1.62,-40.0,17.4,PASS,0,0.31339999999999996,,,,,1.619987,2.680138e-06,
wl_driver,tt,1.62,-40.0,50.0,PASS,0,0.6176099999999999,,,,,1.588654,0.00199537,
wl_driver,tt,1.62,27.0,17.4,PASS,0,0.2919099999999999,,,,,1.619992,3.138625e-06,
wl_driver,tt,1.62,27.0,50.0,PASS,0,0.5621599999999999,,,,,1.598052,0.004993771,
wl_driver,tt,1.62,125.0,17.4,PASS,0,0.2703099999999999,,,,,1.619995,3.501265e-05,
wl_driver,tt,1.62,125.0,50.0,PASS,0,0.5067899999999999,,,,,1.604784,0.01353084,
wl_driver,tt,1.8,-40.0,17.4,PASS,0,0.25984,,,,,1.799998,5.13251e-07,
wl_driver,tt,1.8,-40.0,50.0,PASS,0,0.5073699999999999,,,,,1.787221,0.0003413112,
wl_driver,tt,1.8,27.0,17.4,PASS,0,0.24933,,,,,1.799998,9.937135e-07,
wl_driver,tt,1.8,27.0,50.0,PASS,0,0.4778699999999999,,,,,1.789373,0.001287236,
wl_driver,tt,1.8,125.0,17.4,PASS,0,0.23812,,,,,1.799999,3.604199e-05,
wl_driver,tt,1.8,125.0,50.0,PASS,0,0.4460599999999998,,,,,1.791463,0.005263699,
wl_driver,ss,1.62,-40.0,17.4,PASS,0,0.38625,,,,,1.619899,1.727446e-05,
wl_driver,ss,1.62,-40.0,50.0,PASS,0,0.75951,,,,,1.541609,0.01420831,
wl_driver,ss,1.62,27.0,17.4,PASS,0,0.3569299999999999,,,,,1.61994,2.062144e-05,
wl_driver,ss,1.62,27.0,50.0,PASS,0,0.6822599999999999,,,,,1.567733,0.02614151,
wl_driver,ss,1.62,125.0,17.4,PASS,0,0.32797999999999994,,,,,1.619967,5.611003e-05,
wl_driver,ss,1.62,125.0,50.0,PASS,0,0.6059199999999999,,,,,1.585742,0.05077535,
wl_driver,ss,1.8,-40.0,17.4,PASS,0,0.31164999999999987,,,,,1.799987,3.138689e-06,
wl_driver,ss,1.8,-40.0,50.0,PASS,0,0.60663,,,,,1.768935,0.002232677,
wl_driver,ss,1.8,27.0,17.4,PASS,0,0.2986,,,,,1.799989,4.546998e-06,
wl_driver,ss,1.8,27.0,50.0,PASS,0,0.5680199999999999,,,,,1.774821,0.006706399,
wl_driver,ss,1.8,125.0,17.4,PASS,0,0.28458999999999995,,,,,1.799992,1.965792e-05,
wl_driver,ss,1.8,125.0,50.0,PASS,0,0.5259799999999999,,,,,1.780403,0.02053206,
wl_driver,ff,1.62,-40.0,17.4,PASS,0,0.2664799999999999,,,,,1.619998,3.397098e-07,
wl_driver,ff,1.62,-40.0,50.0,PASS,0,0.5288699999999998,,,,,1.606164,0.0002426889,
wl_driver,ff,1.62,27.0,17.4,PASS,0,0.24928999999999987,,,,,1.619999,2.154484e-06,
wl_driver,ff,1.62,27.0,50.0,PASS,0,0.48524999999999996,,,,,1.610155,0.0008197453,
wl_driver,ff,1.62,125.0,17.4,PASS,0,0.2318899999999999,,,,,1.619999,0.0001222149,
wl_driver,ff,1.62,125.0,50.0,PASS,0,0.44127999999999995,,,,,1.61298,0.003208462,
wl_driver,ff,1.8,-40.0,17.4,PASS,0,0.22640999999999983,,,,,1.8,8.827817e-08,
wl_driver,ff,1.8,-40.0,50.0,PASS,0,0.4469399999999999,,,,,1.794103,4.639911e-05,
wl_driver,ff,1.8,27.0,17.4,PASS,0,0.21684999999999993,,,,,1.8,2.508157e-06,
wl_driver,ff,1.8,27.0,50.0,PASS,0,0.42107999999999995,,,,,1.795189,0.0002184344,
wl_driver,ff,1.8,125.0,17.4,PASS,0,0.20681999999999992,,,,,1.799999,0.0001514265,
wl_driver,ff,1.8,125.0,50.0,PASS,0,0.39343999999999985,,,,,1.796162,0.001312103,
