corner,vdd_v,temp_c,data,probe,we,frequency_hz,ceff_ff,status,error
tt,1.62,-40.0,0,BL,0,1000000.0,16.394073223,PASS,
tt,1.62,-40.0,0,BLB,0,1000000.0,24.321580938,PASS,
tt,1.62,-40.0,1,BL,0,1000000.0,26.191810675,PASS,
tt,1.62,-40.0,1,BLB,0,1000000.0,14.202048107,PASS,
tt,1.62,27.0,0,BL,0,1000000.0,16.409352098,PASS,
tt,1.62,27.0,0,BLB,0,1000000.0,24.435535878,PASS,
tt,1.62,27.0,1,BL,0,1000000.0,26.305924769,PASS,
tt,1.62,27.0,1,BLB,0,1000000.0,14.219539236,PASS,
tt,1.62,125.0,0,BL,0,1000000.0,18.168650839,PASS,
tt,1.62,125.0,0,BLB,0,1000000.0,24.760689426,PASS,
tt,1.62,125.0,1,BL,0,1000000.0,26.631078318,PASS,
tt,1.62,125.0,1,BLB,0,1000000.0,15.998414035,PASS,
tt,1.8,-40.0,0,BL,0,1000000.0,16.381022518,PASS,
tt,1.8,-40.0,0,BLB,0,1000000.0,24.315851361,PASS,
tt,1.8,-40.0,1,BL,0,1000000.0,26.186081097,PASS,
tt,1.8,-40.0,1,BLB,0,1000000.0,14.191336980,PASS,
tt,1.8,27.0,0,BL,0,1000000.0,16.436090128,PASS,
tt,1.8,27.0,0,BLB,0,1000000.0,24.429647145,PASS,
tt,1.8,27.0,1,BL,0,1000000.0,26.299876881,PASS,
tt,1.8,27.0,1,BLB,0,1000000.0,14.246340928,PASS,
tt,1.8,125.0,0,BL,0,1000000.0,18.157191683,PASS,
tt,1.8,125.0,0,BLB,0,1000000.0,24.754641539,PASS,
tt,1.8,125.0,1,BL,0,1000000.0,26.625030430,PASS,
tt,1.8,125.0,1,BLB,0,1000000.0,15.986954879,PASS,
ss,1.62,-40.0,0,BL,0,1000000.0,16.463783088,PASS,
ss,1.62,-40.0,0,BLB,0,1000000.0,24.445721794,PASS,
ss,1.62,-40.0,1,BL,0,1000000.0,26.316110685,PASS,
ss,1.62,-40.0,1,BLB,0,1000000.0,14.274081635,PASS,
ss,1.62,27.0,0,BL,0,1000000.0,16.510574641,PASS,
ss,1.62,27.0,0,BLB,0,1000000.0,24.554106310,PASS,
ss,1.62,27.0,1,BL,0,1000000.0,26.424495202,PASS,
ss,1.62,27.0,1,BLB,0,1000000.0,14.320857272,PASS,
ss,1.62,125.0,0,BL,0,1000000.0,17.126981736,PASS,
ss,1.62,125.0,0,BLB,0,1000000.0,24.850771124,PASS,
ss,1.62,125.0,1,BL,0,1000000.0,26.721160015,PASS,
ss,1.62,125.0,1,BLB,0,1000000.0,14.685417585,PASS,
ss,1.8,-40.0,0,BL,0,1000000.0,16.451528158,PASS,
ss,1.8,-40.0,0,BLB,0,1000000.0,24.439196441,PASS,
ss,1.8,-40.0,1,BL,0,1000000.0,26.309426178,PASS,
ss,1.8,-40.0,1,BLB,0,1000000.0,14.261794873,PASS,
ss,1.8,27.0,0,BL,0,1000000.0,16.498001401,PASS,
ss,1.8,27.0,0,BLB,0,1000000.0,24.547262648,PASS,
ss,1.8,27.0,1,BL,0,1000000.0,26.417651539,PASS,
ss,1.8,27.0,1,BLB,0,1000000.0,14.308188539,PASS,
ss,1.8,125.0,0,BL,0,1000000.0,17.113771876,PASS,
ss,1.8,125.0,0,BLB,0,1000000.0,24.843768307,PASS,
ss,1.8,125.0,1,BL,0,1000000.0,26.713998043,PASS,
ss,1.8,125.0,1,BLB,0,1000000.0,14.672223640,PASS,
ff,1.62,-40.0,0,BL,0,1000000.0,16.311312653,PASS,
ff,1.62,-40.0,0,BLB,0,1000000.0,24.184389378,PASS,
ff,1.62,-40.0,1,BL,0,1000000.0,26.054778269,PASS,
ff,1.62,-40.0,1,BLB,0,1000000.0,14.121611199,PASS,
ff,1.62,27.0,0,BL,0,1000000.0,16.381818292,PASS,
ff,1.62,27.0,0,BLB,0,1000000.0,24.309007698,PASS,
ff,1.62,27.0,1,BL,0,1000000.0,26.179396589,PASS,
ff,1.62,27.0,1,BLB,0,1000000.0,14.135425848,PASS,
ff,1.62,125.0,0,BL,0,1000000.0,18.720600181,PASS,
ff,1.62,125.0,0,BLB,0,1000000.0,24.656602094,PASS,
ff,1.62,125.0,1,BL,0,1000000.0,26.205657155,PASS,
ff,1.62,125.0,1,BLB,0,1000000.0,16.599860564,PASS,
ff,1.8,-40.0,0,BL,0,1000000.0,16.306219694,PASS,
ff,1.8,-40.0,0,BLB,0,1000000.0,24.179773884,PASS,
ff,1.8,-40.0,1,BL,0,1000000.0,26.050003620,PASS,
ff,1.8,-40.0,1,BLB,0,1000000.0,14.112634860,PASS,
ff,1.8,27.0,0,BL,0,1000000.0,16.372428151,PASS,
ff,1.8,27.0,0,BLB,0,1000000.0,24.304233050,PASS,
ff,1.8,27.0,1,BL,0,1000000.0,26.174462786,PASS,
ff,1.8,27.0,1,BLB,0,1000000.0,14.126163030,PASS,
ff,1.8,125.0,0,BL,0,1000000.0,18.711846659,PASS,
ff,1.8,125.0,0,BLB,0,1000000.0,24.652304910,PASS,
ff,1.8,125.0,1,BL,0,1000000.0,26.201359971,PASS,
ff,1.8,125.0,1,BLB,0,1000000.0,16.591425353,PASS,
