corner,vdd_v,temp_c,data,probe,we,frequency_hz,ceff_ff,status,error,write_source_path,write_source_sha256
tt,1.62,-40.0,0,BL,0,1000000.0,27.211675550,PASS,,/home/designer/shared/layout/write_driver/experimental_w5p04/pex/write_driver_w5p04_pex.spice,3995ce67794dfdecf582b55355b62d093b73d1c942cc4080691b5b0d740693d1
tt,1.62,-40.0,0,BLB,0,1000000.0,48.270580155,PASS,,/home/designer/shared/layout/write_driver/experimental_w5p04/pex/write_driver_w5p04_pex.spice,3995ce67794dfdecf582b55355b62d093b73d1c942cc4080691b5b0d740693d1
tt,1.62,-40.0,1,BL,0,1000000.0,52.354973460,PASS,,/home/designer/shared/layout/write_driver/experimental_w5p04/pex/write_driver_w5p04_pex.spice,3995ce67794dfdecf582b55355b62d093b73d1c942cc4080691b5b0d740693d1
tt,1.62,-40.0,1,BLB,0,1000000.0,23.122825907,PASS,,/home/designer/shared/layout/write_driver/experimental_w5p04/pex/write_driver_w5p04_pex.spice,3995ce67794dfdecf582b55355b62d093b73d1c942cc4080691b5b0d740693d1
tt,1.62,27.0,0,BL,0,1000000.0,27.324198095,PASS,,/home/designer/shared/layout/write_driver/experimental_w5p04/pex/write_driver_w5p04_pex.spice,3995ce67794dfdecf582b55355b62d093b73d1c942cc4080691b5b0d740693d1
tt,1.62,27.0,0,BLB,0,1000000.0,48.851814007,PASS,,/home/designer/shared/layout/write_driver/experimental_w5p04/pex/write_driver_w5p04_pex.spice,3995ce67794dfdecf582b55355b62d093b73d1c942cc4080691b5b0d740693d1
tt,1.62,27.0,1,BL,0,1000000.0,52.936366467,PASS,,/home/designer/shared/layout/write_driver/experimental_w5p04/pex/write_driver_w5p04_pex.spice,3995ce67794dfdecf582b55355b62d093b73d1c942cc4080691b5b0d740693d1
tt,1.62,27.0,1,BLB,0,1000000.0,23.355510434,PASS,,/home/designer/shared/layout/write_driver/experimental_w5p04/pex/write_driver_w5p04_pex.spice,3995ce67794dfdecf582b55355b62d093b73d1c942cc4080691b5b0d740693d1
tt,1.62,125.0,0,BL,0,1000000.0,31.810298476,PASS,,/home/designer/shared/layout/write_driver/experimental_w5p04/pex/write_driver_w5p04_pex.spice,3995ce67794dfdecf582b55355b62d093b73d1c942cc4080691b5b0d740693d1
tt,1.62,125.0,0,BLB,0,1000000.0,50.498749358,PASS,,/home/designer/shared/layout/write_driver/experimental_w5p04/pex/write_driver_w5p04_pex.spice,3995ce67794dfdecf582b55355b62d093b73d1c942cc4080691b5b0d740693d1
tt,1.62,125.0,1,BL,0,1000000.0,54.582983508,PASS,,/home/designer/shared/layout/write_driver/experimental_w5p04/pex/write_driver_w5p04_pex.spice,3995ce67794dfdecf582b55355b62d093b73d1c942cc4080691b5b0d740693d1
tt,1.62,125.0,1,BLB,0,1000000.0,27.732589679,PASS,,/home/designer/shared/layout/write_driver/experimental_w5p04/pex/write_driver_w5p04_pex.spice,3995ce67794dfdecf582b55355b62d093b73d1c942cc4080691b5b0d740693d1
tt,1.8,-40.0,0,BL,0,1000000.0,27.152947376,PASS,,/home/designer/shared/layout/write_driver/experimental_w5p04/pex/write_driver_w5p04_pex.spice,3995ce67794dfdecf582b55355b62d093b73d1c942cc4080691b5b0d740693d1
tt,1.8,-40.0,0,BLB,0,1000000.0,48.241773110,PASS,,/home/designer/shared/layout/write_driver/experimental_w5p04/pex/write_driver_w5p04_pex.spice,3995ce67794dfdecf582b55355b62d093b73d1c942cc4080691b5b0d740693d1
tt,1.8,-40.0,1,BL,0,1000000.0,52.326325570,PASS,,/home/designer/shared/layout/write_driver/experimental_w5p04/pex/write_driver_w5p04_pex.spice,3995ce67794dfdecf582b55355b62d093b73d1c942cc4080691b5b0d740693d1
tt,1.8,-40.0,1,BLB,0,1000000.0,23.064097733,PASS,,/home/designer/shared/layout/write_driver/experimental_w5p04/pex/write_driver_w5p04_pex.spice,3995ce67794dfdecf582b55355b62d093b73d1c942cc4080691b5b0d740693d1
tt,1.8,27.0,0,BL,0,1000000.0,27.377833311,PASS,,/home/designer/shared/layout/write_driver/experimental_w5p04/pex/write_driver_w5p04_pex.spice,3995ce67794dfdecf582b55355b62d093b73d1c942cc4080691b5b0d740693d1
tt,1.8,27.0,0,BLB,0,1000000.0,48.821256258,PASS,,/home/designer/shared/layout/write_driver/experimental_w5p04/pex/write_driver_w5p04_pex.spice,3995ce67794dfdecf582b55355b62d093b73d1c942cc4080691b5b0d740693d1
tt,1.8,27.0,1,BL,0,1000000.0,52.905808718,PASS,,/home/designer/shared/layout/write_driver/experimental_w5p04/pex/write_driver_w5p04_pex.spice,3995ce67794dfdecf582b55355b62d093b73d1c942cc4080691b5b0d740693d1
tt,1.8,27.0,1,BLB,0,1000000.0,23.288983668,PASS,,/home/designer/shared/layout/write_driver/experimental_w5p04/pex/write_driver_w5p04_pex.spice,3995ce67794dfdecf582b55355b62d093b73d1c942cc4080691b5b0d740693d1
tt,1.8,125.0,0,BL,0,1000000.0,31.750933682,PASS,,/home/designer/shared/layout/write_driver/experimental_w5p04/pex/write_driver_w5p04_pex.spice,3995ce67794dfdecf582b55355b62d093b73d1c942cc4080691b5b0d740693d1
tt,1.8,125.0,0,BLB,0,1000000.0,50.465485975,PASS,,/home/designer/shared/layout/write_driver/experimental_w5p04/pex/write_driver_w5p04_pex.spice,3995ce67794dfdecf582b55355b62d093b73d1c942cc4080691b5b0d740693d1
tt,1.8,125.0,1,BL,0,1000000.0,54.549879280,PASS,,/home/designer/shared/layout/write_driver/experimental_w5p04/pex/write_driver_w5p04_pex.spice,3995ce67794dfdecf582b55355b62d093b73d1c942cc4080691b5b0d740693d1
tt,1.8,125.0,1,BLB,0,1000000.0,27.676567139,PASS,,/home/designer/shared/layout/write_driver/experimental_w5p04/pex/write_driver_w5p04_pex.spice,3995ce67794dfdecf582b55355b62d093b73d1c942cc4080691b5b0d740693d1
ff,1.62,-40.0,0,BL,0,1000000.0,26.775591006,PASS,,/home/designer/shared/layout/write_driver/experimental_w5p04/pex/write_driver_w5p04_pex.spice,3995ce67794dfdecf582b55355b62d093b73d1c942cc4080691b5b0d740693d1
ff,1.62,-40.0,0,BLB,0,1000000.0,47.432788535,PASS,,/home/designer/shared/layout/write_driver/experimental_w5p04/pex/write_driver_w5p04_pex.spice,3995ce67794dfdecf582b55355b62d093b73d1c942cc4080691b5b0d740693d1
ff,1.62,-40.0,1,BL,0,1000000.0,51.517181839,PASS,,/home/designer/shared/layout/write_driver/experimental_w5p04/pex/write_driver_w5p04_pex.spice,3995ce67794dfdecf582b55355b62d093b73d1c942cc4080691b5b0d740693d1
ff,1.62,-40.0,1,BLB,0,1000000.0,22.677987841,PASS,,/home/designer/shared/layout/write_driver/experimental_w5p04/pex/write_driver_w5p04_pex.spice,3995ce67794dfdecf582b55355b62d093b73d1c942cc4080691b5b0d740693d1
ff,1.62,27.0,0,BL,0,1000000.0,26.860420591,PASS,,/home/designer/shared/layout/write_driver/experimental_w5p04/pex/write_driver_w5p04_pex.spice,3995ce67794dfdecf582b55355b62d093b73d1c942cc4080691b5b0d740693d1
ff,1.62,27.0,0,BLB,0,1000000.0,48.042511122,PASS,,/home/designer/shared/layout/write_driver/experimental_w5p04/pex/write_driver_w5p04_pex.spice,3995ce67794dfdecf582b55355b62d093b73d1c942cc4080691b5b0d740693d1
ff,1.62,27.0,1,BL,0,1000000.0,52.127063581,PASS,,/home/designer/shared/layout/write_driver/experimental_w5p04/pex/write_driver_w5p04_pex.spice,3995ce67794dfdecf582b55355b62d093b73d1c942cc4080691b5b0d740693d1
ff,1.62,27.0,1,BLB,0,1000000.0,22.771570948,PASS,,/home/designer/shared/layout/write_driver/experimental_w5p04/pex/write_driver_w5p04_pex.spice,3995ce67794dfdecf582b55355b62d093b73d1c942cc4080691b5b0d740693d1
ff,1.62,125.0,0,BL,0,1000000.0,33.128419714,PASS,,/home/designer/shared/layout/write_driver/experimental_w5p04/pex/write_driver_w5p04_pex.spice,3995ce67794dfdecf582b55355b62d093b73d1c942cc4080691b5b0d740693d1
ff,1.62,125.0,0,BLB,0,1000000.0,49.941388748,PASS,,/home/designer/shared/layout/write_driver/experimental_w5p04/pex/write_driver_w5p04_pex.spice,3995ce67794dfdecf582b55355b62d093b73d1c942cc4080691b5b0d740693d1
ff,1.62,125.0,1,BL,0,1000000.0,54.025622897,PASS,,/home/designer/shared/layout/write_driver/experimental_w5p04/pex/write_driver_w5p04_pex.spice,3995ce67794dfdecf582b55355b62d093b73d1c942cc4080691b5b0d740693d1
ff,1.62,125.0,1,BLB,0,1000000.0,29.093364442,PASS,,/home/designer/shared/layout/write_driver/experimental_w5p04/pex/write_driver_w5p04_pex.spice,3995ce67794dfdecf582b55355b62d093b73d1c942cc4080691b5b0d740693d1
ff,1.8,-40.0,0,BL,0,1000000.0,26.721796635,PASS,,/home/designer/shared/layout/write_driver/experimental_w5p04/pex/write_driver_w5p04_pex.spice,3995ce67794dfdecf582b55355b62d093b73d1c942cc4080691b5b0d740693d1
ff,1.8,-40.0,0,BLB,0,1000000.0,47.410029378,PASS,,/home/designer/shared/layout/write_driver/experimental_w5p04/pex/write_driver_w5p04_pex.spice,3995ce67794dfdecf582b55355b62d093b73d1c942cc4080691b5b0d740693d1
ff,1.8,-40.0,1,BL,0,1000000.0,51.494422682,PASS,,/home/designer/shared/layout/write_driver/experimental_w5p04/pex/write_driver_w5p04_pex.spice,3995ce67794dfdecf582b55355b62d093b73d1c942cc4080691b5b0d740693d1
ff,1.8,-40.0,1,BLB,0,1000000.0,22.624034315,PASS,,/home/designer/shared/layout/write_driver/experimental_w5p04/pex/write_driver_w5p04_pex.spice,3995ce67794dfdecf582b55355b62d093b73d1c942cc4080691b5b0d740693d1
ff,1.8,27.0,0,BL,0,1000000.0,26.804716361,PASS,,/home/designer/shared/layout/write_driver/experimental_w5p04/pex/write_driver_w5p04_pex.spice,3995ce67794dfdecf582b55355b62d093b73d1c942cc4080691b5b0d740693d1
ff,1.8,27.0,0,BLB,0,1000000.0,48.017682951,PASS,,/home/designer/shared/layout/write_driver/experimental_w5p04/pex/write_driver_w5p04_pex.spice,3995ce67794dfdecf582b55355b62d093b73d1c942cc4080691b5b0d740693d1
ff,1.8,27.0,1,BL,0,1000000.0,52.102235410,PASS,,/home/designer/shared/layout/write_driver/experimental_w5p04/pex/write_driver_w5p04_pex.spice,3995ce67794dfdecf582b55355b62d093b73d1c942cc4080691b5b0d740693d1
ff,1.8,27.0,1,BLB,0,1000000.0,22.715866718,PASS,,/home/designer/shared/layout/write_driver/experimental_w5p04/pex/write_driver_w5p04_pex.spice,3995ce67794dfdecf582b55355b62d093b73d1c942cc4080691b5b0d740693d1
ff,1.8,125.0,0,BL,0,1000000.0,33.139401406,PASS,,/home/designer/shared/layout/write_driver/experimental_w5p04/pex/write_driver_w5p04_pex.spice,3995ce67794dfdecf582b55355b62d093b73d1c942cc4080691b5b0d740693d1
ff,1.8,125.0,0,BLB,0,1000000.0,49.914650717,PASS,,/home/designer/shared/layout/write_driver/experimental_w5p04/pex/write_driver_w5p04_pex.spice,3995ce67794dfdecf582b55355b62d093b73d1c942cc4080691b5b0d740693d1
ff,1.8,125.0,1,BL,0,1000000.0,53.998725712,PASS,,/home/designer/shared/layout/write_driver/experimental_w5p04/pex/write_driver_w5p04_pex.spice,3995ce67794dfdecf582b55355b62d093b73d1c942cc4080691b5b0d740693d1
ff,1.8,125.0,1,BLB,0,1000000.0,29.112781345,PASS,,/home/designer/shared/layout/write_driver/experimental_w5p04/pex/write_driver_w5p04_pex.spice,3995ce67794dfdecf582b55355b62d093b73d1c942cc4080691b5b0d740693d1
ss,1.62,-40.0,0,BL,0,1000000.0,27.610358683,PASS,,/home/designer/shared/layout/write_driver/experimental_w5p04/pex/write_driver_w5p04_pex.spice,3995ce67794dfdecf582b55355b62d093b73d1c942cc4080691b5b0d740693d1
ss,1.62,-40.0,0,BLB,0,1000000.0,49.008740781,PASS,,/home/designer/shared/layout/write_driver/experimental_w5p04/pex/write_driver_w5p04_pex.spice,3995ce67794dfdecf582b55355b62d093b73d1c942cc4080691b5b0d740693d1
ss,1.62,-40.0,1,BL,0,1000000.0,53.093134086,PASS,,/home/designer/shared/layout/write_driver/experimental_w5p04/pex/write_driver_w5p04_pex.spice,3995ce67794dfdecf582b55355b62d093b73d1c942cc4080691b5b0d740693d1
ss,1.62,-40.0,1,BLB,0,1000000.0,23.521509040,PASS,,/home/designer/shared/layout/write_driver/experimental_w5p04/pex/write_driver_w5p04_pex.spice,3995ce67794dfdecf582b55355b62d093b73d1c942cc4080691b5b0d740693d1
ss,1.62,27.0,0,BL,0,1000000.0,27.820761517,PASS,,/home/designer/shared/layout/write_driver/experimental_w5p04/pex/write_driver_w5p04_pex.spice,3995ce67794dfdecf582b55355b62d093b73d1c942cc4080691b5b0d740693d1
ss,1.62,27.0,0,BLB,0,1000000.0,49.577083083,PASS,,/home/designer/shared/layout/write_driver/experimental_w5p04/pex/write_driver_w5p04_pex.spice,3995ce67794dfdecf582b55355b62d093b73d1c942cc4080691b5b0d740693d1
ss,1.62,27.0,1,BL,0,1000000.0,53.661476388,PASS,,/home/designer/shared/layout/write_driver/experimental_w5p04/pex/write_driver_w5p04_pex.spice,3995ce67794dfdecf582b55355b62d093b73d1c942cc4080691b5b0d740693d1
ss,1.62,27.0,1,BLB,0,1000000.0,23.650106234,PASS,,/home/designer/shared/layout/write_driver/experimental_w5p04/pex/write_driver_w5p04_pex.spice,3995ce67794dfdecf582b55355b62d093b73d1c942cc4080691b5b0d740693d1
ss,1.62,125.0,0,BL,0,1000000.0,28.212123522,PASS,,/home/designer/shared/layout/write_driver/experimental_w5p04/pex/write_driver_w5p04_pex.spice,3995ce67794dfdecf582b55355b62d093b73d1c942cc4080691b5b0d740693d1
ss,1.62,125.0,0,BLB,0,1000000.0,51.017435318,PASS,,/home/designer/shared/layout/write_driver/experimental_w5p04/pex/write_driver_w5p04_pex.spice,3995ce67794dfdecf582b55355b62d093b73d1c942cc4080691b5b0d740693d1
ss,1.62,125.0,1,BL,0,1000000.0,55.101987778,PASS,,/home/designer/shared/layout/write_driver/experimental_w5p04/pex/write_driver_w5p04_pex.spice,3995ce67794dfdecf582b55355b62d093b73d1c942cc4080691b5b0d740693d1
ss,1.62,125.0,1,BLB,0,1000000.0,25.099371145,PASS,,/home/designer/shared/layout/write_driver/experimental_w5p04/pex/write_driver_w5p04_pex.spice,3995ce67794dfdecf582b55355b62d093b73d1c942cc4080691b5b0d740693d1
ss,1.8,-40.0,0,BL,0,1000000.0,27.536510789,PASS,,/home/designer/shared/layout/write_driver/experimental_w5p04/pex/write_driver_w5p04_pex.spice,3995ce67794dfdecf582b55355b62d093b73d1c942cc4080691b5b0d740693d1
ss,1.8,-40.0,0,BLB,0,1000000.0,48.975318243,PASS,,/home/designer/shared/layout/write_driver/experimental_w5p04/pex/write_driver_w5p04_pex.spice,3995ce67794dfdecf582b55355b62d093b73d1c942cc4080691b5b0d740693d1
ss,1.8,-40.0,1,BL,0,1000000.0,53.059711548,PASS,,/home/designer/shared/layout/write_driver/experimental_w5p04/pex/write_driver_w5p04_pex.spice,3995ce67794dfdecf582b55355b62d093b73d1c942cc4080691b5b0d740693d1
ss,1.8,-40.0,1,BLB,0,1000000.0,23.447661146,PASS,,/home/designer/shared/layout/write_driver/experimental_w5p04/pex/write_driver_w5p04_pex.spice,3995ce67794dfdecf582b55355b62d093b73d1c942cc4080691b5b0d740693d1
ss,1.8,27.0,0,BL,0,1000000.0,27.744526300,PASS,,/home/designer/shared/layout/write_driver/experimental_w5p04/pex/write_driver_w5p04_pex.spice,3995ce67794dfdecf582b55355b62d093b73d1c942cc4080691b5b0d740693d1
ss,1.8,27.0,0,BLB,0,1000000.0,49.542228150,PASS,,/home/designer/shared/layout/write_driver/experimental_w5p04/pex/write_driver_w5p04_pex.spice,3995ce67794dfdecf582b55355b62d093b73d1c942cc4080691b5b0d740693d1
ss,1.8,27.0,1,BL,0,1000000.0,53.626621455,PASS,,/home/designer/shared/layout/write_driver/experimental_w5p04/pex/write_driver_w5p04_pex.spice,3995ce67794dfdecf582b55355b62d093b73d1c942cc4080691b5b0d740693d1
ss,1.8,27.0,1,BLB,0,1000000.0,23.573871016,PASS,,/home/designer/shared/layout/write_driver/experimental_w5p04/pex/write_driver_w5p04_pex.spice,3995ce67794dfdecf582b55355b62d093b73d1c942cc4080691b5b0d740693d1
ss,1.8,125.0,0,BL,0,1000000.0,29.108006697,PASS,,/home/designer/shared/layout/write_driver/experimental_w5p04/pex/write_driver_w5p04_pex.spice,3995ce67794dfdecf582b55355b62d093b73d1c942cc4080691b5b0d740693d1
ss,1.8,125.0,0,BLB,0,1000000.0,50.980033906,PASS,,/home/designer/shared/layout/write_driver/experimental_w5p04/pex/write_driver_w5p04_pex.spice,3995ce67794dfdecf582b55355b62d093b73d1c942cc4080691b5b0d740693d1
ss,1.8,125.0,1,BL,0,1000000.0,55.064586366,PASS,,/home/designer/shared/layout/write_driver/experimental_w5p04/pex/write_driver_w5p04_pex.spice,3995ce67794dfdecf582b55355b62d093b73d1c942cc4080691b5b0d740693d1
ss,1.8,125.0,1,BLB,0,1000000.0,25.022499308,PASS,,/home/designer/shared/layout/write_driver/experimental_w5p04/pex/write_driver_w5p04_pex.spice,3995ce67794dfdecf582b55355b62d093b73d1c942cc4080691b5b0d740693d1
fs,1.62,-40.0,0,BL,0,1000000.0,27.361758661,PASS,,/home/designer/shared/layout/write_driver/experimental_w5p04/pex/write_driver_w5p04_pex.spice,3995ce67794dfdecf582b55355b62d093b73d1c942cc4080691b5b0d740693d1
fs,1.62,-40.0,0,BLB,0,1000000.0,47.893860405,PASS,,/home/designer/shared/layout/write_driver/experimental_w5p04/pex/write_driver_w5p04_pex.spice,3995ce67794dfdecf582b55355b62d093b73d1c942cc4080691b5b0d740693d1
fs,1.62,-40.0,1,BL,0,1000000.0,51.978412864,PASS,,/home/designer/shared/layout/write_driver/experimental_w5p04/pex/write_driver_w5p04_pex.spice,3995ce67794dfdecf582b55355b62d093b73d1c942cc4080691b5b0d740693d1
fs,1.62,-40.0,1,BLB,0,1000000.0,23.260813243,PASS,,/home/designer/shared/layout/write_driver/experimental_w5p04/pex/write_driver_w5p04_pex.spice,3995ce67794dfdecf582b55355b62d093b73d1c942cc4080691b5b0d740693d1
fs,1.62,27.0,0,BL,0,1000000.0,27.657468546,PASS,,/home/designer/shared/layout/write_driver/experimental_w5p04/pex/write_driver_w5p04_pex.spice,3995ce67794dfdecf582b55355b62d093b73d1c942cc4080691b5b0d740693d1
fs,1.62,27.0,0,BLB,0,1000000.0,48.522204120,PASS,,/home/designer/shared/layout/write_driver/experimental_w5p04/pex/write_driver_w5p04_pex.spice,3995ce67794dfdecf582b55355b62d093b73d1c942cc4080691b5b0d740693d1
fs,1.62,27.0,1,BL,0,1000000.0,52.606597425,PASS,,/home/designer/shared/layout/write_driver/experimental_w5p04/pex/write_driver_w5p04_pex.spice,3995ce67794dfdecf582b55355b62d093b73d1c942cc4080691b5b0d740693d1
fs,1.62,27.0,1,BLB,0,1000000.0,23.568618903,PASS,,/home/designer/shared/layout/write_driver/experimental_w5p04/pex/write_driver_w5p04_pex.spice,3995ce67794dfdecf582b55355b62d093b73d1c942cc4080691b5b0d740693d1
fs,1.62,125.0,0,BL,0,1000000.0,33.489860590,PASS,,/home/designer/shared/layout/write_driver/experimental_w5p04/pex/write_driver_w5p04_pex.spice,3995ce67794dfdecf582b55355b62d093b73d1c942cc4080691b5b0d740693d1
fs,1.62,125.0,0,BLB,0,1000000.0,50.412646534,PASS,,/home/designer/shared/layout/write_driver/experimental_w5p04/pex/write_driver_w5p04_pex.spice,3995ce67794dfdecf582b55355b62d093b73d1c942cc4080691b5b0d740693d1
fs,1.62,125.0,1,BL,0,1000000.0,54.497198994,PASS,,/home/designer/shared/layout/write_driver/experimental_w5p04/pex/write_driver_w5p04_pex.spice,3995ce67794dfdecf582b55355b62d093b73d1c942cc4080691b5b0d740693d1
fs,1.62,125.0,1,BLB,0,1000000.0,29.405467286,PASS,,/home/designer/shared/layout/write_driver/experimental_w5p04/pex/write_driver_w5p04_pex.spice,3995ce67794dfdecf582b55355b62d093b73d1c942cc4080691b5b0d740693d1
fs,1.8,-40.0,0,BL,0,1000000.0,27.283613584,PASS,,/home/designer/shared/layout/write_driver/experimental_w5p04/pex/write_driver_w5p04_pex.spice,3995ce67794dfdecf582b55355b62d093b73d1c942cc4080691b5b0d740693d1
fs,1.8,-40.0,0,BLB,0,1000000.0,47.845795612,PASS,,/home/designer/shared/layout/write_driver/experimental_w5p04/pex/write_driver_w5p04_pex.spice,3995ce67794dfdecf582b55355b62d093b73d1c942cc4080691b5b0d740693d1
fs,1.8,-40.0,1,BL,0,1000000.0,51.930348072,PASS,,/home/designer/shared/layout/write_driver/experimental_w5p04/pex/write_driver_w5p04_pex.spice,3995ce67794dfdecf582b55355b62d093b73d1c942cc4080691b5b0d740693d1
fs,1.8,-40.0,1,BLB,0,1000000.0,23.182668166,PASS,,/home/designer/shared/layout/write_driver/experimental_w5p04/pex/write_driver_w5p04_pex.spice,3995ce67794dfdecf582b55355b62d093b73d1c942cc4080691b5b0d740693d1
fs,1.8,27.0,0,BL,0,1000000.0,27.576776990,PASS,,/home/designer/shared/layout/write_driver/experimental_w5p04/pex/write_driver_w5p04_pex.spice,3995ce67794dfdecf582b55355b62d093b73d1c942cc4080691b5b0d740693d1
fs,1.8,27.0,0,BLB,0,1000000.0,48.471911158,PASS,,/home/designer/shared/layout/write_driver/experimental_w5p04/pex/write_driver_w5p04_pex.spice,3995ce67794dfdecf582b55355b62d093b73d1c942cc4080691b5b0d740693d1
fs,1.8,27.0,1,BL,0,1000000.0,52.556463618,PASS,,/home/designer/shared/layout/write_driver/experimental_w5p04/pex/write_driver_w5p04_pex.spice,3995ce67794dfdecf582b55355b62d093b73d1c942cc4080691b5b0d740693d1
fs,1.8,27.0,1,BLB,0,1000000.0,23.487927347,PASS,,/home/designer/shared/layout/write_driver/experimental_w5p04/pex/write_driver_w5p04_pex.spice,3995ce67794dfdecf582b55355b62d093b73d1c942cc4080691b5b0d740693d1
fs,1.8,125.0,0,BL,0,1000000.0,33.408532414,PASS,,/home/designer/shared/layout/write_driver/experimental_w5p04/pex/write_driver_w5p04_pex.spice,3995ce67794dfdecf582b55355b62d093b73d1c942cc4080691b5b0d740693d1
fs,1.8,125.0,0,BLB,0,1000000.0,50.360602868,PASS,,/home/designer/shared/layout/write_driver/experimental_w5p04/pex/write_driver_w5p04_pex.spice,3995ce67794dfdecf582b55355b62d093b73d1c942cc4080691b5b0d740693d1
fs,1.8,125.0,1,BL,0,1000000.0,54.444996172,PASS,,/home/designer/shared/layout/write_driver/experimental_w5p04/pex/write_driver_w5p04_pex.spice,3995ce67794dfdecf582b55355b62d093b73d1c942cc4080691b5b0d740693d1
fs,1.8,125.0,1,BLB,0,1000000.0,29.325094039,PASS,,/home/designer/shared/layout/write_driver/experimental_w5p04/pex/write_driver_w5p04_pex.spice,3995ce67794dfdecf582b55355b62d093b73d1c942cc4080691b5b0d740693d1
sf,1.62,-40.0,0,BL,0,1000000.0,27.027214971,PASS,,/home/designer/shared/layout/write_driver/experimental_w5p04/pex/write_driver_w5p04_pex.spice,3995ce67794dfdecf582b55355b62d093b73d1c942cc4080691b5b0d740693d1
sf,1.62,-40.0,0,BLB,0,1000000.0,48.554194264,PASS,,/home/designer/shared/layout/write_driver/experimental_w5p04/pex/write_driver_w5p04_pex.spice,3995ce67794dfdecf582b55355b62d093b73d1c942cc4080691b5b0d740693d1
sf,1.62,-40.0,1,BL,0,1000000.0,52.638746723,PASS,,/home/designer/shared/layout/write_driver/experimental_w5p04/pex/write_driver_w5p04_pex.spice,3995ce67794dfdecf582b55355b62d093b73d1c942cc4080691b5b0d740693d1
sf,1.62,-40.0,1,BLB,0,1000000.0,22.935818849,PASS,,/home/designer/shared/layout/write_driver/experimental_w5p04/pex/write_driver_w5p04_pex.spice,3995ce67794dfdecf582b55355b62d093b73d1c942cc4080691b5b0d740693d1
sf,1.62,27.0,0,BL,0,1000000.0,27.147854418,PASS,,/home/designer/shared/layout/write_driver/experimental_w5p04/pex/write_driver_w5p04_pex.spice,3995ce67794dfdecf582b55355b62d093b73d1c942cc4080691b5b0d740693d1
sf,1.62,27.0,0,BLB,0,1000000.0,49.116488678,PASS,,/home/designer/shared/layout/write_driver/experimental_w5p04/pex/write_driver_w5p04_pex.spice,3995ce67794dfdecf582b55355b62d093b73d1c942cc4080691b5b0d740693d1
sf,1.62,27.0,1,BL,0,1000000.0,53.201041137,PASS,,/home/designer/shared/layout/write_driver/experimental_w5p04/pex/write_driver_w5p04_pex.spice,3995ce67794dfdecf582b55355b62d093b73d1c942cc4080691b5b0d740693d1
sf,1.62,27.0,1,BLB,0,1000000.0,23.059004775,PASS,,/home/designer/shared/layout/write_driver/experimental_w5p04/pex/write_driver_w5p04_pex.spice,3995ce67794dfdecf582b55355b62d093b73d1c942cc4080691b5b0d740693d1
sf,1.62,125.0,0,BL,0,1000000.0,28.723965819,PASS,,/home/designer/shared/layout/write_driver/experimental_w5p04/pex/write_driver_w5p04_pex.spice,3995ce67794dfdecf582b55355b62d093b73d1c942cc4080691b5b0d740693d1
sf,1.62,125.0,0,BLB,0,1000000.0,50.543790207,PASS,,/home/designer/shared/layout/write_driver/experimental_w5p04/pex/write_driver_w5p04_pex.spice,3995ce67794dfdecf582b55355b62d093b73d1c942cc4080691b5b0d740693d1
sf,1.62,125.0,1,BL,0,1000000.0,54.627706047,PASS,,/home/designer/shared/layout/write_driver/experimental_w5p04/pex/write_driver_w5p04_pex.spice,3995ce67794dfdecf582b55355b62d093b73d1c942cc4080691b5b0d740693d1
sf,1.62,125.0,1,BLB,0,1000000.0,24.668857024,PASS,,/home/designer/shared/layout/write_driver/experimental_w5p04/pex/write_driver_w5p04_pex.spice,3995ce67794dfdecf582b55355b62d093b73d1c942cc4080691b5b0d740693d1
sf,1.8,-40.0,0,BL,0,1000000.0,26.977558629,PASS,,/home/designer/shared/layout/write_driver/experimental_w5p04/pex/write_driver_w5p04_pex.spice,3995ce67794dfdecf582b55355b62d093b73d1c942cc4080691b5b0d740693d1
sf,1.8,-40.0,0,BLB,0,1000000.0,48.549578770,PASS,,/home/designer/shared/layout/write_driver/experimental_w5p04/pex/write_driver_w5p04_pex.spice,3995ce67794dfdecf582b55355b62d093b73d1c942cc4080691b5b0d740693d1
sf,1.8,-40.0,1,BL,0,1000000.0,52.633972075,PASS,,/home/designer/shared/layout/write_driver/experimental_w5p04/pex/write_driver_w5p04_pex.spice,3995ce67794dfdecf582b55355b62d093b73d1c942cc4080691b5b0d740693d1
sf,1.8,-40.0,1,BLB,0,1000000.0,22.886162507,PASS,,/home/designer/shared/layout/write_driver/experimental_w5p04/pex/write_driver_w5p04_pex.spice,3995ce67794dfdecf582b55355b62d093b73d1c942cc4080691b5b0d740693d1
sf,1.8,27.0,0,BL,0,1000000.0,27.096606526,PASS,,/home/designer/shared/layout/write_driver/experimental_w5p04/pex/write_driver_w5p04_pex.spice,3995ce67794dfdecf582b55355b62d093b73d1c942cc4080691b5b0d740693d1
sf,1.8,27.0,0,BLB,0,1000000.0,49.109485860,PASS,,/home/designer/shared/layout/write_driver/experimental_w5p04/pex/write_driver_w5p04_pex.spice,3995ce67794dfdecf582b55355b62d093b73d1c942cc4080691b5b0d740693d1
sf,1.8,27.0,1,BL,0,1000000.0,53.194038320,PASS,,/home/designer/shared/layout/write_driver/experimental_w5p04/pex/write_driver_w5p04_pex.spice,3995ce67794dfdecf582b55355b62d093b73d1c942cc4080691b5b0d740693d1
sf,1.8,27.0,1,BLB,0,1000000.0,23.007756883,PASS,,/home/designer/shared/layout/write_driver/experimental_w5p04/pex/write_driver_w5p04_pex.spice,3995ce67794dfdecf582b55355b62d093b73d1c942cc4080691b5b0d740693d1
sf,1.8,125.0,0,BL,0,1000000.0,28.705663001,PASS,,/home/designer/shared/layout/write_driver/experimental_w5p04/pex/write_driver_w5p04_pex.spice,3995ce67794dfdecf582b55355b62d093b73d1c942cc4080691b5b0d740693d1
sf,1.8,125.0,0,BLB,0,1000000.0,50.533285981,PASS,,/home/designer/shared/layout/write_driver/experimental_w5p04/pex/write_driver_w5p04_pex.spice,3995ce67794dfdecf582b55355b62d093b73d1c942cc4080691b5b0d740693d1
sf,1.8,125.0,1,BL,0,1000000.0,54.617201821,PASS,,/home/designer/shared/layout/write_driver/experimental_w5p04/pex/write_driver_w5p04_pex.spice,3995ce67794dfdecf582b55355b62d093b73d1c942cc4080691b5b0d740693d1
sf,1.8,125.0,1,BLB,0,1000000.0,24.656920404,PASS,,/home/designer/shared/layout/write_driver/experimental_w5p04/pex/write_driver_w5p04_pex.spice,3995ce67794dfdecf582b55355b62d093b73d1c942cc4080691b5b0d740693d1
