case,phase,row,tap,wl90_delay_from_pclk_edge_ps,minimum_v,maximum_v,settled_min_v
tt_nominal_row1_a0_to_1_p1950ps,prime,0,0,2144.710102345184,-0.003336462567982065,1.7989317469301218,1.7768377929389916
tt_nominal_row1_a0_to_1_p1950ps,prime,0,1,2144.7840094460653,-0.0033364261083609656,1.7989316016844652,1.7768346727033564
tt_nominal_row1_a0_to_1_p1950ps,prime,0,2,2144.710109590824,-0.00333647502777783,1.7989317469136084,1.7768377925932501
tt_nominal_row1_a0_to_1_p1950ps,prime,0,3,2144.7840148547702,-0.0033364301725431374,1.7989316016756491,1.776834672507664
tt_nominal_row1_a0_to_1_p1950ps,prime,0,4,2144.7101126540547,-0.003336475028050645,1.7989317469076105,1.7768377924643952
tt_nominal_row1_a0_to_1_p1950ps,prime,0,5,2144.7840179172385,-0.003336430150027877,1.7989316016696524,1.776834672378817
tt_nominal_row1_a0_to_1_p1950ps,prime,0,6,2144.7101137640534,-0.003336475016089982,1.7989317469054376,1.776837792417707
tt_nominal_row1_a0_to_1_p1950ps,prime,0,7,2144.7840190271445,-0.0033364301379675584,1.7989316016674792,1.7768346723321213
tt_nominal_row1_a0_to_1_p1950ps,prime,0,8,2144.710113587526,-0.003336475018027711,1.798931746905783,1.7768377924251315
tt_nominal_row1_a0_to_1_p1950ps,prime,0,9,2144.7840188507153,-0.0033364301399118586,1.7989316016678243,1.776834672339543
tt_nominal_row1_a0_to_1_p1950ps,prime,0,10,2144.7101120185393,-0.003336475035109611,1.7989317469088546,1.776837792491123
tt_nominal_row1_a0_to_1_p1950ps,prime,0,11,2144.7840172820747,-0.003336430157054955,1.798931601670896,1.7768346724055364
tt_nominal_row1_a0_to_1_p1950ps,prime,0,12,2144.7101081155547,-0.0033364750787634144,1.7989317469164954,1.7768377926552843
tt_nominal_row1_a0_to_1_p1950ps,prime,0,13,2144.7840133798964,-0.0033364302021837975,1.798931601678537,1.776834672569703
tt_nominal_row1_a0_to_1_p1950ps,prime,0,14,2144.7100993319395,-0.0033364751069191335,1.7989317469358723,1.7768377930628492
tt_nominal_row1_a0_to_1_p1950ps,prime,0,15,2144.7840062358923,-0.003336431164911184,1.7989316016907424,1.7768346728382567
tt_nominal_row1_a0_to_1_p1950ps,prime,1,0,,-1.2666800323704597e-06,1.6217517325965713e-05,
tt_nominal_row1_a0_to_1_p1950ps,prime,1,1,,-1.2666865268452401e-06,1.6217439492236018e-05,
tt_nominal_row1_a0_to_1_p1950ps,prime,1,2,,-1.2666802040109393e-06,1.6217599317407128e-05,
tt_nominal_row1_a0_to_1_p1950ps,prime,1,3,,-1.2666865616917603e-06,1.6217466358775095e-05,
tt_nominal_row1_a0_to_1_p1950ps,prime,1,4,,-1.2666802035218847e-06,1.621759957333595e-05,
tt_nominal_row1_a0_to_1_p1950ps,prime,1,5,,-1.2666865610458617e-06,1.6217466479848097e-05,
tt_nominal_row1_a0_to_1_p1950ps,prime,1,6,,-1.266680203193031e-06,1.6217599596130027e-05,
tt_nominal_row1_a0_to_1_p1950ps,prime,1,7,,-1.266686560626855e-06,1.621746650197126e-05,
tt_nominal_row1_a0_to_1_p1950ps,prime,1,8,,-1.2666802033497435e-06,1.6217599592786775e-05,
tt_nominal_row1_a0_to_1_p1950ps,prime,1,9,,-1.2666865608043622e-06,1.6217466498736766e-05,
tt_nominal_row1_a0_to_1_p1950ps,prime,1,10,,-1.2666802036840705e-06,1.621759956172868e-05,
tt_nominal_row1_a0_to_1_p1950ps,prime,1,11,,-1.266686561105763e-06,1.621746646814577e-05,
tt_nominal_row1_a0_to_1_p1950ps,prime,1,12,,-1.2666802047047971e-06,1.6217599491144407e-05,
tt_nominal_row1_a0_to_1_p1950ps,prime,1,13,,-1.2666865621962588e-06,1.6217466405206968e-05,
tt_nominal_row1_a0_to_1_p1950ps,prime,1,14,,-1.266680139611444e-06,1.621759841321154e-05,
tt_nominal_row1_a0_to_1_p1950ps,prime,1,15,,-1.2666865700266882e-06,1.6217470141061753e-05,
tt_nominal_row1_a0_to_1_p1950ps,prime,2,0,,-1.419045671110219e-06,1.5855530279697587e-05,
tt_nominal_row1_a0_to_1_p1950ps,prime,2,1,,-1.4190542841818568e-06,1.5855425177700156e-05,
tt_nominal_row1_a0_to_1_p1950ps,prime,2,2,,-1.419045854194842e-06,1.5855609922702418e-05,
tt_nominal_row1_a0_to_1_p1950ps,prime,2,3,,-1.4190543180131144e-06,1.585545118312714e-05,
tt_nominal_row1_a0_to_1_p1950ps,prime,2,4,,-1.4190458547172791e-06,1.5855610133395568e-05,
tt_nominal_row1_a0_to_1_p1950ps,prime,2,5,,-1.4190543183131023e-06,1.5855451263572676e-05,
tt_nominal_row1_a0_to_1_p1950ps,prime,2,6,,-1.4190458547925497e-06,1.5855610142197525e-05,
tt_nominal_row1_a0_to_1_p1950ps,prime,2,7,,-1.4190543184210946e-06,1.5855451271673336e-05,
tt_nominal_row1_a0_to_1_p1950ps,prime,2,8,,-1.4190458548779539e-06,1.5855610140988463e-05,
tt_nominal_row1_a0_to_1_p1950ps,prime,2,9,,-1.4190543184080693e-06,1.5855451270511143e-05,
tt_nominal_row1_a0_to_1_p1950ps,prime,2,10,,-1.4190458546657234e-06,1.585561012979751e-05,
tt_nominal_row1_a0_to_1_p1950ps,prime,2,11,,-1.4190543183051377e-06,1.585545125958564e-05,
tt_nominal_row1_a0_to_1_p1950ps,prime,2,12,,-1.4190458543607306e-06,1.5855610107840994e-05,
tt_nominal_row1_a0_to_1_p1950ps,prime,2,13,,-1.4190543181100285e-06,1.585545124516235e-05,
tt_nominal_row1_a0_to_1_p1950ps,prime,2,14,,-1.4190457674950077e-06,1.5855609237176106e-05,
tt_nominal_row1_a0_to_1_p1950ps,prime,2,15,,-1.4190543223375649e-06,1.5855454951969045e-05,
tt_nominal_row1_a0_to_1_p1950ps,prime,3,0,,-1.4455981583812195e-06,1.1494311000959525e-05,
tt_nominal_row1_a0_to_1_p1950ps,prime,3,1,,-1.4456066364426612e-06,1.1494147354747277e-05,
tt_nominal_row1_a0_to_1_p1950ps,prime,3,2,,-1.44559837116619e-06,1.1494374570606932e-05,
tt_nominal_row1_a0_to_1_p1950ps,prime,3,3,,-1.4456066740977493e-06,1.14941675975593e-05,
tt_nominal_row1_a0_to_1_p1950ps,prime,3,4,,-1.4455983708631698e-06,1.1494374612075662e-05,
tt_nominal_row1_a0_to_1_p1950ps,prime,3,5,,-1.445606673535584e-06,1.1494167538073408e-05,
tt_nominal_row1_a0_to_1_p1950ps,prime,3,6,,-1.4455983706450999e-06,1.1494374575299352e-05,
tt_nominal_row1_a0_to_1_p1950ps,prime,3,7,,-1.4456066732969123e-06,1.1494167500863474e-05,
tt_nominal_row1_a0_to_1_p1950ps,prime,3,8,,-1.44559837064617e-06,1.1494374581298339e-05,
tt_nominal_row1_a0_to_1_p1950ps,prime,3,9,,-1.4456066733189604e-06,1.1494167506897618e-05,
tt_nominal_row1_a0_to_1_p1950ps,prime,3,10,,-1.4455983710290332e-06,1.1494374633991278e-05,
tt_nominal_row1_a0_to_1_p1950ps,prime,3,11,,-1.4456066736940994e-06,1.14941675600737e-05,
tt_nominal_row1_a0_to_1_p1950ps,prime,3,12,,-1.4455983719971883e-06,1.149437476966949e-05,
tt_nominal_row1_a0_to_1_p1950ps,prime,3,13,,-1.4456066746254246e-06,1.1494167700968979e-05,
tt_nominal_row1_a0_to_1_p1950ps,prime,3,14,,-1.445598273287298e-06,1.1494374949720605e-05,
tt_nominal_row1_a0_to_1_p1950ps,prime,3,15,,-1.445606681502369e-06,1.1494171118516894e-05,
tt_nominal_row1_a0_to_1_p1950ps,test,0,0,,-7.463718224379578e-07,1.4121949345768495e-05,
tt_nominal_row1_a0_to_1_p1950ps,test,0,1,,-7.463757947137641e-07,1.4121752889224581e-05,
tt_nominal_row1_a0_to_1_p1950ps,test,0,2,,-7.463719429717143e-07,1.41220194821908e-05,
tt_nominal_row1_a0_to_1_p1950ps,test,0,3,,-7.463758249109834e-07,1.4121776118816237e-05,
tt_nominal_row1_a0_to_1_p1950ps,test,0,4,,-7.463719433428622e-07,1.412201957226781e-05,
tt_nominal_row1_a0_to_1_p1950ps,test,0,5,,-7.463758251157984e-07,1.4121776090420191e-05,
tt_nominal_row1_a0_to_1_p1950ps,test,0,6,,-7.4637194325336e-07,1.4122019542699149e-05,
tt_nominal_row1_a0_to_1_p1950ps,test,0,7,,-7.463758251456295e-07,1.4121776060343928e-05,
tt_nominal_row1_a0_to_1_p1950ps,test,0,8,,-7.463719432914755e-07,1.412201954785613e-05,
tt_nominal_row1_a0_to_1_p1950ps,test,0,9,,-7.46375825146877e-07,1.4121776065287843e-05,
tt_nominal_row1_a0_to_1_p1950ps,test,0,10,,-7.46371943326845e-07,1.412201959040221e-05,
tt_nominal_row1_a0_to_1_p1950ps,test,0,11,,-7.463758251203991e-07,1.412177610822282e-05,
tt_nominal_row1_a0_to_1_p1950ps,test,0,12,,-7.46371943227136e-07,1.412201970278597e-05,
tt_nominal_row1_a0_to_1_p1950ps,test,0,13,,-7.463758250254388e-07,1.4121776228623668e-05,
tt_nominal_row1_a0_to_1_p1950ps,test,0,14,,-7.463719102155339e-07,1.4122019518232131e-05,
tt_nominal_row1_a0_to_1_p1950ps,test,0,15,,-7.463758289225164e-07,1.4121779885134166e-05,
tt_nominal_row1_a0_to_1_p1950ps,test,1,0,2143.2205594773172,-0.003335880062770337,1.7895507538065938,1.7770366284054773
tt_nominal_row1_a0_to_1_p1950ps,test,1,1,2143.2944382192113,-0.003335834750790846,1.789549338596863,1.7770335346941286
tt_nominal_row1_a0_to_1_p1950ps,test,1,2,2143.220566720177,-0.003335892247676074,1.7895507536475022,1.7770366280626007
tt_nominal_row1_a0_to_1_p1950ps,test,1,3,2143.2944436258454,-0.003335838713240716,1.7895493385097156,1.7770335345001527
tt_nominal_row1_a0_to_1_p1950ps,test,1,4,2143.220569782234,-0.00333589223605162,1.7895507535890636,1.7770366279348417
tt_nominal_row1_a0_to_1_p1950ps,test,1,5,2143.294446687135,-0.0033358386792683905,1.7895493384512808,1.7770335343724022
tt_nominal_row1_a0_to_1_p1950ps,test,1,6,2143.2205708918077,-0.0033358922200130104,1.7895507535678892,1.7770366278885503
tt_nominal_row1_a0_to_1_p1950ps,test,1,7,2143.2944477966194,-0.0033358386631321202,1.7895493384301024,1.7770335343261032
tt_nominal_row1_a0_to_1_p1950ps,test,1,8,2143.2205707153466,-0.0033358922225979666,1.7895507535712567,1.7770366278959115
tt_nominal_row1_a0_to_1_p1950ps,test,1,9,2143.294447620251,-0.0033358386657234935,1.7895493384334686,1.7770335343334625
tt_nominal_row1_a0_to_1_p1950ps,test,1,10,2143.2205691469626,-0.0033358922454390975,1.7895507536011845,1.777036627961342
tt_nominal_row1_a0_to_1_p1950ps,test,1,11,2143.2944460522176,-0.0033358386886247387,1.7895493384633976,1.777033534398894
tt_nominal_row1_a0_to_1_p1950ps,test,1,12,2143.2205652454727,-0.003335892303395493,1.7895507536756357,1.7770366281241068
tt_nominal_row1_a0_to_1_p1950ps,test,1,13,2143.294442151535,-0.0033358387480291797,1.7895493385378516,1.777033534561665
tt_nominal_row1_a0_to_1_p1950ps,test,1,14,2143.2205564652286,-0.003335892386391155,1.7895507538626823,1.7770366285282801
tt_nominal_row1_a0_to_1_p1950ps,test,1,15,2143.294435010273,-0.0033358397296269497,1.7895493386580354,1.7770335348278814
tt_nominal_row1_a0_to_1_p1950ps,test,2,0,,-1.4360553235840857e-06,1.57401027592397e-05,
tt_nominal_row1_a0_to_1_p1950ps,test,2,1,,-1.4360630452928873e-06,1.5740224961168747e-05,
tt_nominal_row1_a0_to_1_p1950ps,test,2,2,,-1.436055535679706e-06,1.5740188822637913e-05,
tt_nominal_row1_a0_to_1_p1950ps,test,2,3,,-1.4360630897177545e-06,1.574025351562417e-05,
tt_nominal_row1_a0_to_1_p1950ps,test,2,4,,-1.436055535718543e-06,1.574018933103978e-05,
tt_nominal_row1_a0_to_1_p1950ps,test,2,5,,-1.43606308959214e-06,1.574025388024108e-05,
tt_nominal_row1_a0_to_1_p1950ps,test,2,6,,-1.4360555355739974e-06,1.5740189440314606e-05,
tt_nominal_row1_a0_to_1_p1950ps,test,2,7,,-1.4360630894529891e-06,1.574025398879567e-05,
tt_nominal_row1_a0_to_1_p1950ps,test,2,8,,-1.436055535590508e-06,1.574018942324812e-05,
tt_nominal_row1_a0_to_1_p1950ps,test,2,9,,-1.4360630894850838e-06,1.5740253971777834e-05,
tt_nominal_row1_a0_to_1_p1950ps,test,2,10,,-1.4360555357582445e-06,1.5740189269925912e-05,
tt_nominal_row1_a0_to_1_p1950ps,test,2,11,,-1.4360630896591684e-06,1.5740253818944532e-05,
tt_nominal_row1_a0_to_1_p1950ps,test,2,12,,-1.4360555361701373e-06,1.5740188895409492e-05,
tt_nominal_row1_a0_to_1_p1950ps,test,2,13,,-1.4360630900838256e-06,1.5740253452481335e-05,
tt_nominal_row1_a0_to_1_p1950ps,test,2,14,,-1.43605545611967e-06,1.5740186775001388e-05,
tt_nominal_row1_a0_to_1_p1950ps,test,2,15,,-1.4360630974336186e-06,1.57402569820642e-05,
tt_nominal_row1_a0_to_1_p1950ps,test,3,0,,-1.3535976500221721e-06,1.1444693887769924e-05,
tt_nominal_row1_a0_to_1_p1950ps,test,3,1,,-1.353605072536034e-06,1.1444746548177075e-05,
tt_nominal_row1_a0_to_1_p1950ps,test,3,2,,-1.3535978657059338e-06,1.1444768145253365e-05,
tt_nominal_row1_a0_to_1_p1950ps,test,3,3,,-1.3536051159842884e-06,1.1444770786535717e-05,
tt_nominal_row1_a0_to_1_p1950ps,test,3,4,,-1.3535978653692302e-06,1.1444768487627383e-05,
tt_nominal_row1_a0_to_1_p1950ps,test,3,5,,-1.353605115415346e-06,1.1444771006464244e-05,
tt_nominal_row1_a0_to_1_p1950ps,test,3,6,,-1.3535978651429726e-06,1.1444768548358076e-05,
tt_nominal_row1_a0_to_1_p1950ps,test,3,7,,-1.353605115194651e-06,1.1444771066635621e-05,
tt_nominal_row1_a0_to_1_p1950ps,test,3,8,,-1.3535978652189369e-06,1.144476853905215e-05,
tt_nominal_row1_a0_to_1_p1950ps,test,3,9,,-1.3536051152211318e-06,1.1444771057177943e-05,
tt_nominal_row1_a0_to_1_p1950ps,test,3,10,,-1.3535978655408731e-06,1.1444768454264842e-05,
tt_nominal_row1_a0_to_1_p1950ps,test,3,11,,-1.3536051155664165e-06,1.144477097285481e-05,
tt_nominal_row1_a0_to_1_p1950ps,test,3,12,,-1.3535978664911577e-06,1.1444768248391533e-05,
tt_nominal_row1_a0_to_1_p1950ps,test,3,13,,-1.3536051165262838e-06,1.144477077343877e-05,
tt_nominal_row1_a0_to_1_p1950ps,test,3,14,,-1.3535977809753771e-06,1.1444767355894322e-05,
tt_nominal_row1_a0_to_1_p1950ps,test,3,15,,-1.3536051240730109e-06,1.1444774400582716e-05,
