case,baseline_result,pex_result,baseline_model_upper_result,baseline_magnitude_result,baseline_accepted,pex_model_upper_result,pex_magnitude_result,pex_accepted,baseline_dec_delay50_ps,pex_dec_delay50_ps,delta_dec_delay50_ps,baseline_dec_delay90_ps,pex_dec_delay90_ps,delta_dec_delay90_ps,baseline_dec_precharge10_ps,pex_dec_precharge10_ps,delta_dec_precharge10_ps,baseline_wl_delay50_ps,pex_wl_delay50_ps,delta_wl_delay50_ps,baseline_wl_delay90_ps,pex_wl_delay90_ps,delta_wl_delay90_ps,baseline_wl_precharge10_ps,pex_wl_precharge10_ps,delta_wl_precharge10_ps,baseline_dec_selected_rise_slew10_90_ps,pex_dec_selected_rise_slew10_90_ps,delta_dec_selected_rise_slew10_90_ps,baseline_dec_selected_fall_slew90_10_ps,pex_dec_selected_fall_slew90_10_ps,delta_dec_selected_fall_slew90_10_ps,baseline_wl_selected_rise_slew10_90_ps,pex_wl_selected_rise_slew10_90_ps,delta_wl_selected_rise_slew10_90_ps,baseline_wl_selected_fall_slew90_10_ps,pex_wl_selected_fall_slew90_10_ps,delta_wl_selected_fall_slew90_10_ps,baseline_wrong_row_peak_v,pex_wrong_row_peak_v,delta_wrong_row_peak_v,baseline_unselected_dynamic_min_v,pex_unselected_dynamic_min_v,delta_unselected_dynamic_min_v,baseline_output_vgs_peak_v,pex_output_vgs_peak_v,delta_output_vgs_peak_v,baseline_terminal_magnitude_max_v,pex_terminal_magnitude_max_v,delta_terminal_magnitude_max_v,baseline_check_fail,pex_check_fail,delta_check_fail,baseline_vdd_src_cycle_energy_fj,pex_vdd_src_cycle_energy_fj,delta_vdd_src_cycle_energy_fj,baseline_vpclk_cycle_energy_fj,pex_vpclk_cycle_energy_fj,delta_vpclk_cycle_energy_fj,baseline_va0_cycle_energy_fj,pex_va0_cycle_energy_fj,delta_va0_cycle_energy_fj,baseline_va1_cycle_energy_fj,pex_va1_cycle_energy_fj,delta_va1_cycle_energy_fj,pex_pex_dynamic_segment_count,pex_pex_dynamic_recovery_min_v,pex_pex_dynamic_recovery_max_v,pex_pex_dynamic_final_min_v,pex_pex_dynamic_final_max_v,pex_pex_unselected_dynamic_min_v
slow_00_to_11,PASS,PASS,PASS,PASS,True,PASS,PASS,True,117.04800275447082,244.09272319059428,127.04472043612347,139.7991710958796,294.60025047016563,154.80107937428605,263.1085080594708,546.8763926646618,283.767884605191,396.99582920888116,541.4174480677553,144.42161885887418,668.7902871021848,813.2056724790954,144.41538537691054,509.63723408007064,788.6803870014642,279.0431529213935,40.568117985950344,94.07902632794402,53.51090834199368,36.445556916391325,90.69287435220996,54.24731743581863,445.9150787267218,445.9385942727865,0.023515546064686532,127.50864514582219,127.65069109405972,0.1420459482375378,0.0017815115667205274,0.00424974623292167,0.0024682346662011426,1.6900815397865538,1.6400343469602663,-0.050047192826287556,1.7118485188185937,1.680022112758817,-0.0318264060597766,1.7572198100760792,1.7142926643982104,-0.042927145677868817,0,0,0.0,162.61550916425276,374.9545877920278,212.33907862777502,1.0786367018171847,3.0665000655773196,1.9878633637601348,3.150193201928083,9.504995696371395,6.354802494443312,3.151479652170445,11.736958899645515,8.585479247475071,28,1.6190627719738282,1.6200019086285902,1.61872979278765,1.6200118659664224,1.640035964031319
slow_01_to_10,PASS,PASS,PASS,PASS,True,PASS,PASS,True,118.9915284054731,245.8336557247732,126.84212731930009,141.79618372682629,296.88293609923727,155.08675237241098,264.38804404981727,547.6256013497164,283.2375572998991,399.0577537766984,543.5122915339485,144.45453775725014,670.8527222133042,815.3107493556197,144.45802714231547,510.7542302176802,789.5367324110312,278.782502193351,40.94456757878398,95.13551043409632,54.190942855312336,36.678529791188375,91.46853953892168,54.7900097477333,445.915676806753,445.94765151197055,0.03197470521752166,127.55601218334833,127.60020584923018,0.04419366588184914,0.0017815137319122127,0.004250461635094922,0.002468947903182709,1.690082368513256,1.632274037013304,-0.057808331499952015,1.7117466806608201,1.6806338624203399,-0.03111281824048029,1.755313872209904,1.7142988734017046,-0.041014998808199365,0,0,0.0,169.12483524688957,391.98773258639125,222.86289733950167,1.0793423647836584,3.1963415776809687,2.1169992128973103,-2.3162869424710837,-7.932723854019989,-5.616436911548906,3.150768188500616,11.869778155678254,8.719009967177639,28,1.6190904098474126,1.6200104205105261,1.6187638276397753,1.6200095034134123,1.6322757036583315
slow_10_to_01,PASS,PASS,PASS,PASS,True,PASS,PASS,True,116.62184389511232,239.14912650497374,122.52728260986142,139.26716926017968,290.12454278054014,150.85737352036045,259.5405445460362,545.8723755650312,286.33183101899505,396.5147220622099,536.7362218897256,140.2214998275157,668.3035624168708,808.5284810213511,140.2249186044803,505.8777287729519,787.5948207096512,281.7170919366993,40.376921839885995,94.91281420489855,54.53589236501256,36.593671127770385,91.60559903226331,55.01192790449293,445.9110339812753,445.9429129313868,0.03187895011149067,127.55366927236236,127.65362068301427,0.09995141065191149,0.0017860981511463102,0.004172590047627684,0.002386491896481374,1.6900553846343098,1.6311972839859588,-0.058858100648351064,1.7112904943707765,1.6795815478051586,-0.03170894656561796,1.755139026383981,1.7139118401343545,-0.04122718624962651,0,0,0.0,168.4997966444247,386.38169532652574,217.88189868210105,1.0636313768141024,2.9827444959927143,1.919113119178612,3.1498568297587766,10.074006130567614,6.924149300808837,-2.3167733239683064,-9.775940442984675,-7.459167119016369,28,1.6176333806786056,1.6200104466250913,1.6187574435115195,1.6200086536023541,1.6311990302446726
slow_11_to_00,PASS,PASS,PASS,PASS,True,PASS,PASS,True,120.03300792935767,242.66956074240665,122.63655281304898,142.6574610206969,293.6030300804842,150.9455690597873,261.02676620235485,544.1285642394562,283.10179803710133,400.05074654656636,540.2708815134354,140.220134966869,671.8366623554208,812.054657663907,140.21799530848625,507.34342184002105,786.0008635031005,278.65744166307945,40.62922653560441,94.91838252020027,54.28915598459586,36.94648944307112,91.94797805252772,55.001488609456594,445.9075228081337,445.93444412718236,0.026921319048653913,127.55273254169649,127.64975120791489,0.09701866621840338,0.0017856459331806265,0.004303004595823911,0.002517358662643285,1.6900549250911312,1.6274937340922273,-0.06256119099890389,1.7122346808166249,1.681039740280394,-0.031194940536230842,1.7550844062383475,1.7145003302550605,-0.04058407598328695,0,0,0.0,173.5407385210239,394.6099901168178,221.0692515957939,1.0806949931532803,2.9866051834358465,1.9059101902825661,-2.3161171090653094,-7.351789253544086,-5.035672144478777,-2.31658904667163,-9.194804120213837,-6.878215073542206,28,1.618208094687743,1.6200000898075062,1.61879096205449,1.6200114659155105,1.6274955302865421
tt_00_to_00,PASS,PASS,PASS,PASS,True,PASS,PASS,True,90.5796925449328,182.15865613936066,91.57896359442786,109.1477412360821,222.3775099963485,113.2297687602664,172.12204584499386,357.4847712467587,185.36272540176486,266.3356648224537,367.2091173024658,100.87345248001213,454.9549312379434,555.8320233443583,100.87709210641486,347.37578309028794,525.1757156780483,177.79993258776034,32.727576217187796,74.66899461476574,41.94141839757794,35.501936050443035,84.20335118545282,48.70141513500978,294.72676086636574,294.7854504754855,0.05868960911976728,105.43009211399065,105.6609918403353,0.23089972634464573,0.0021619923575954816,0.0052762354426767535,0.003114243085081272,1.874990398678867,1.841358091277422,-0.03363230740144507,1.9172508743309773,1.874073594160011,-0.043177280170966226,1.9366134014879732,1.874734826493804,-0.061878574994169266,0,0,0.0,160.0958020807222,261.68970231043863,101.59390022971644,1.5811733309172105,4.134250853868539,2.5530775229513285,0.0,0.0,0.0,0.0,0.0,0.0,28,1.7995278260147327,1.8000045702001475,1.7989490303366462,1.800010153325889,1.8452221253633836
tt_00_to_01,PASS,PASS,PASS,PASS,True,PASS,PASS,True,87.76784050982646,179.0791927042239,91.31135219439746,106.17735175726634,219.44412042695504,113.2667686696887,172.12204584499386,357.4847712467587,185.36272540176486,263.4333806423884,364.135097977402,100.7017173350136,452.0349685205508,552.731806372476,100.69683785192512,347.37578309028794,525.1757156780483,177.79993258776034,32.32319181838668,74.88404248612551,42.560850667738826,35.485014236945396,84.37001531799672,48.88500108105132,294.7092126843385,294.76460546014454,0.05539277580601265,105.51955737253107,105.64062297653201,0.12106560400094679,0.0021590721416902834,0.005337626767733233,0.0031785546260429494,1.8749889886193056,1.8328671649306723,-0.042121823688633375,1.916699380413737,1.8743813756436922,-0.04231800477004488,1.9366129544932353,1.8740843163062368,-0.0625286381869985,0,0,0.0,184.8611425344211,372.2484917179886,187.3873491835675,1.5615478333248178,4.103734678320221,2.5421868449954026,4.199309702374151,12.407447971752624,8.208138269378473,0.0,0.0,0.0,28,1.7988524463332278,1.8000201186634552,1.7989289568960194,1.8000073593973411,1.8328689448734514
tt_00_to_10,PASS,PASS,PASS,PASS,True,PASS,PASS,True,89.94293548850614,183.76185500561851,93.81891951711238,108.46829165086119,224.2039291775749,115.73563752671372,172.12204584499386,357.4847712467587,185.36272540176486,265.7196668590771,368.8531295746775,103.13346271560039,454.3349732077651,557.4469668815509,103.11199367378583,347.37578309028794,525.1757156780483,177.79993258776034,32.71913752598071,75.02256872087942,42.30343119489871,34.52903728290499,83.38263936329628,48.85360208039129,294.72474921768014,294.76145586959876,0.03670665191862099,105.54728197278378,105.66115810539867,0.11387613261489093,0.0021554151407235144,0.00519313355807133,0.003037718417347816,1.8749763315772734,1.8218801995459268,-0.053096132031346555,1.9184075221540298,1.8756338410481543,-0.04277368110587543,1.937062766624535,1.8742808004928233,-0.06278196613171172,0,0,0.0,186.71987207409805,377.27499452641325,190.5551224523152,1.582898842018241,4.402720200949736,2.8198213589314953,0.0,0.0,0.0,4.198754965238307,14.895759026822645,10.697004061584337,28,1.7993500404375107,1.8000094725143403,1.7989309814995842,1.8000082979768546,1.8218821411530999
tt_00_to_11,PASS,PASS,PASS,PASS,True,PASS,PASS,True,88.50475942471239,184.79109677847157,96.28633735375918,106.8542745585453,224.83476567384486,117.98049111529956,172.12204584499386,357.4847712467587,185.36272540176486,264.19388320034443,369.729508801722,105.53562560137755,452.7893082829415,558.3358767921479,105.54656850920645,347.37578309028794,525.1757156780483,177.79993258776034,32.299633485696695,74.31609396705188,42.01646048135519,34.07057653412499,83.04011707180614,48.96954053768115,294.70515249118824,294.77387123682513,0.06871874563688607,105.41785717248803,105.64228347387555,0.22442630138752406,0.00215401068027428,0.005288315925671116,0.003134305245396836,1.8750029016983238,1.8285829990412656,-0.0464199026570582,1.9166955613143895,1.8749583381573998,-0.04173722315698969,1.9378638941655821,1.873470767376287,-0.06439312678929521,0,0,0.0,206.4327535636475,477.41574707518777,270.98299351154026,1.5893706528953335,4.249600929428245,2.660230276532911,4.199450063558876,12.056034748911477,7.856584685352601,4.198459375202489,14.807991317154062,10.609531941951573,28,1.7992353474958116,1.800001922073893,1.7989085679215124,1.8000101953606111,1.828584901192936
tt_01_to_00,PASS,PASS,PASS,PASS,True,PASS,PASS,True,88.61013553032375,178.25651744222228,89.64638191189853,107.0297689957802,218.545157250999,111.51538825521881,173.8370926072931,358.6246518154203,184.7875592081272,264.3504645128524,363.30291988121684,98.95245536836444,452.94869017027463,551.9095755119448,98.96088534167018,349.0305206176986,526.1808410816743,177.15032046397573,32.60773147968506,74.77364238300376,42.165910903318704,35.50134685342827,84.2133450602332,48.71199820680493,294.7079835244282,294.77196962266265,0.06398609823446577,105.42911516835112,105.66103772671072,0.2319225583595994,0.002159244879716419,0.005327625565563358,0.0031683806858469393,1.874991137375006,1.8263673680460466,-0.04862376932895929,1.9166996788337123,1.8743207053628774,-0.04237897347083486,1.9366106282504647,1.8746541993644525,-0.06195642888601216,0,0,0.0,192.48395779720198,386.64659077550266,194.16263297830068,1.560209468500298,4.0455355145000045,2.4853260459997064,-3.115218695361098,-9.684083916905259,-6.5688652215441605,0.0,0.0,0.0,28,1.799123175623812,1.8000413820289085,1.798949672732968,1.800010104459334,1.8263692834861145
tt_01_to_10,PASS,PASS,PASS,PASS,True,PASS,PASS,True,89.83092866345945,186.27372705255684,96.44279838909739,108.34980081013312,226.7019752225892,118.35217441245608,173.8370926072931,358.6246518154203,184.7875592081272,265.61227356918823,371.3813520239377,105.76907845474949,454.2266578961195,560.003027089858,105.77636919373856,349.0305206176986,526.1808410816743,177.15032046397573,32.74178563146722,75.0603572743066,42.31857164283937,34.529047016852104,83.38322780323234,48.85418078638024,294.7240495324999,294.78867762629386,0.0646280937939423,105.54729471513053,105.66111505881702,0.1138203436864842,0.0021545819834479568,0.00519684308063741,0.0030422610971894536,1.8750113305518266,1.8217804736238956,-0.05323085692793095,1.9166996788337123,1.8750265991214086,-0.04167307971230372,1.9385218883496491,1.8740399623160622,-0.06448192603358693,0,0,0.0,215.50235647234376,499.7638460488271,284.2614895764833,1.5907469091050501,4.43822856458744,2.8474816554823903,-3.1148738395673985,-10.041973416643321,-6.927099577075923,4.198399061016615,14.97750107640419,10.779102015387576,28,1.7993539789476087,1.8000057826958358,1.798930975920817,1.8000082979328882,1.8217824166183583
tt_10_to_00,PASS,PASS,PASS,PASS,True,PASS,PASS,True,90.6928430279588,182.2209307032971,91.52808767533831,109.2644003167302,222.4291041812323,113.1647038645021,170.59576720153154,357.4056477227707,186.80988052123917,266.44515033602323,367.2690805511117,100.82393021508847,455.0648646378458,555.8919138023114,100.82704916446556,345.81962810255374,525.2158556022064,179.39622749965264,32.7010479644169,74.65239350109078,41.951345536673884,35.50133270192308,84.21645415827628,48.715121456353195,294.72680434958295,294.78499399206277,0.058189642479817394,105.42908104969194,105.66102181621588,0.23194076652393392,0.00216142794749331,0.005270242033753129,0.0031088140862598193,1.8749910839923085,1.8196317742638155,-0.05535930972849301,1.9189518844426976,1.8740693257546286,-0.04488255868806901,1.936610555076762,1.8747612066081387,-0.06184934846862333,0,0,0.0,194.30779456980403,386.7737071923839,192.46591262257985,1.583224734306829,4.141336853288511,2.558112118981682,0.0,0.0,0.0,-3.1173887005269445,-11.963331738011563,-8.845943037484618,28,1.799049328172745,1.8000111969690853,1.7989497457180708,1.800010100962186,1.8196337996086096
tt_10_to_01,PASS,PASS,PASS,PASS,True,PASS,PASS,True,88.12579926799901,180.61419088905507,92.48839162105605,106.49154453160305,220.97564211372173,114.48409758211868,170.59576720153154,357.4056477227707,186.80988052123917,263.7888882887823,365.67456581882277,101.88567753004048,452.38209620470747,554.2917359509981,101.90963974629068,345.81962810255374,525.2158556022064,179.39622749965264,32.308877686366976,74.88720197469796,42.57832428833098,35.484774902187795,84.37334000936056,48.88856510717277,294.7019904886882,294.7855258644321,0.08353537574390657,105.51953455276532,105.64057270624826,0.12103815348294233,0.0021594096231036,0.00531709437684165,0.0031576847537380503,1.8749888077908115,1.8260019854644667,-0.04898682232634477,1.9166995222523613,1.8743366025282766,-0.04236291972408468,1.9365496694503492,1.8739555051344428,-0.06259416431590648,0,0,0.0,214.35088383758378,491.5173392996596,277.1664554620759,1.5678123661939702,4.145639342650064,2.5778269764560937,4.19917425720539,12.758406671299635,8.559232414094247,-3.1169981297061167,-12.316976309351894,-9.199978179645777,28,1.7984129042242785,1.800008167906022,1.7989290276969678,1.8000073561545666,1.8260039197799958
tt_11_to_00,PASS,PASS,PASS,PASS,True,PASS,PASS,True,90.3380060470258,183.81889426673214,93.48088821970634,108.88064766390664,224.18677045064936,115.30612278674272,172.0113911990863,356.65215534709756,184.64076414801127,266.0958439218029,368.8862381933955,102.79039427159262,454.7138660398183,557.4791962780646,102.76533023824629,347.43473209721435,524.4583851034143,177.0236530062,32.73444465534445,74.96763938453589,42.23319472919144,35.50134616638528,84.21672698736029,48.71538082097501,294.72624369772075,294.76025009173844,0.034006394017694674,105.42919264806615,105.66096088245237,0.23176823438622307,0.002159099282114434,0.005265161951413469,0.0031060626692990347,1.8749867540275955,1.820137949758295,-0.0548488042693005,1.9166949118955343,1.8757390050321654,-0.04095590686336892,1.9366107147173306,1.874228187570048,-0.06238252714728265,0,0,0.0,221.7784453892719,504.09268857173464,282.31424318246275,1.5892201258039886,4.168005847376576,2.5787857215725873,-3.1152050888756224,-9.32562032776324,-6.210415238887617,-3.117375926912229,-11.604466563931789,-8.48709063701956,28,1.7989228044888186,1.8000018867484566,1.7989497341469698,1.8000101012051304,1.8201399659644641
