campaign,candidate,cases,eligible,logic_fail,magnitude_outside,terminal_magnitude_max_v,diagnostic_headroom_mv,worst_device,worst_voltage,worst_profile,worst_old,worst_new,wl_delay90_max_ps,wl_precharge10_max_ps,vdd_energy_max_fj,channel_area_proxy_um2
robustness,B6,12,False,0,2,1.9744584558570129,-24.458455857012893,x1.m2,VDS,ss_cold,0,3,590.0805306027858,518.955224467427,168.0307313805606,2.978999999999999
robustness,addr_l018,12,False,0,7,1.9947065344974844,-44.706534497484405,x1.m2,VDS,ss_cold,0,3,590.2750821962713,519.1522062851219,168.26763347716602,3.029399999999999
robustness,addr_l025,12,False,0,12,2.0342758471675824,-84.27584716758241,x1.m2,VDS,ss_cold,0,3,591.9483611082007,520.4301967332558,169.50297226621578,3.146999999999999
robustness,addr_n075,12,False,0,2,1.975956075522995,-25.956075522995057,x1.m2,VDS,ss_cold,0,3,589.5624683538086,518.997825139945,169.87904039944735,3.077999999999999
robustness,addr_p075,12,False,0,2,1.9893046288796796,-39.30462887967967,x1.m2,VDS,ss_cold,0,3,586.2321133898992,516.7542563850295,172.84949286013554,3.077999999999999
robustness,foot1.5,12,False,0,1,1.968007155409996,-18.007155409996088,x1.m2,VDS,ss_cold,0,3,548.5247207614091,542.236967480857,170.46577523251582,3.128999999999999
robustness,foot3,12,False,0,2,1.9640953704476083,-14.095370447608335,x1.m24,VDS,ss_cold,0,3,539.6020052712803,573.3397649940708,174.13024275180155,3.353999999999999
robustness,foot3_out2,12,False,0,1,1.960059997544785,-10.059997544785038,x1.m2,VDS,ss_cold,0,3,549.7414449861136,620.6748072945551,206.8430119626999,4.553999999999999
robustness,foot3_out3_pre050,16,False,0,1,1.9599192466949686,-9.919246694968686,x1.m2,VDS,ss_cold,0,3,699.7794259065181,750.0551326854722,240.7027585527895,5.802000000000001
robustness,foot3_out4_pre075,16,False,0,1,1.9598443544453237,-9.844354445323722,x1.m2,VDS,ss_cold,0,3,720.5444224762912,616.9993538189593,264.0325414428572,7.152
robustness,foot4,12,False,0,2,1.9679490060620313,-17.949006062031316,x1.m24,VDS,ss_cold,0,3,537.4300625702757,593.6677490525136,176.40820640257405,3.503999999999999
robustness,foot6,12,False,0,4,1.971861597144721,-21.861597144721134,x1.m24,VDS,ss_cold,0,3,534.9843745911419,632.4151849512027,180.86875936428964,3.803999999999999
robustness,foot6_out2,12,True,0,0,1.9498151344754169,0.1848655245830777,x1.m2,VDS,ss_cold,0,3,544.5202446944728,680.2995780111203,214.11412079948093,5.004
robustness,foot6_out3_pre042,16,True,0,0,1.949786314953872,0.21368504612806483,x1.m2,VDS,ss_cold,0,3,692.1117185709174,919.2754597404512,252.92706939638822,6.2040000000000015
robustness,foot6_out3_pre075,16,True,0,0,1.9498363668850227,0.1636331149772463,x1.m2,VDS,ss_cold,0,3,694.7914281737587,618.2452669675628,241.10288181174843,6.402000000000002
robustness,foot6_out4_pre042,16,True,0,0,1.949778903540547,0.22109645945289635,x1.m2,VDS,ss_cold,0,3,710.0114532670348,988.3353049111132,292.44377078984604,7.403999999999999
robustness,foot6_out4_pre075,16,True,0,0,1.9497905796636985,0.20942033630144685,x1.m2,VDS,ss_cold,0,3,712.6154175614887,655.9391443854527,271.77739482080096,7.601999999999999
robustness,stack15,16,False,0,5,1.9625019926665626,-12.5019926665626,x1.m2,VDS,ss_cold,0,3,745.9574472742473,768.1297621822312,189.9484253513373,3.579
robustness,stack2,16,False,0,5,1.9714940217512757,-21.494021751275795,x1.m1,VGD,fast,0,3,765.5738463901795,899.1668486472649,211.98075509103643,4.178999999999999
robustness,stack2_foot1,16,False,0,5,1.9693596470031955,-19.35964700319559,x1.m1,VGD,fast,0,3,701.5790633776819,916.9549153137466,213.31693338226336,4.254
robustness,stack2_foot15,16,False,2,6,1.9672368789783032,-17.23687897830328,x1.m1,VGD,fast,0,3,684.12899642512,933.60364068217,214.72942028740695,4.329
robustness,stack3,16,False,4,8,1.9941763510290613,-44.176351029061365,x1.m21,VGD,tt,1,2,805.5172987820666,1162.509691579266,256.32136045865985,5.3790000000000004
sizing_qualification,footer3,20,False,2,6,1.9558405417200047,-5.840541720004699,x1.m24,VDS,ss_cold,0,3,668.2113570467021,707.7677370679924,174.23451381758846,3.353999999999999
sizing_qualification,out0.42r2,20,False,0,10,1.9768433853504337,-26.843385350433735,x1.m12,VGD,fast,1,2,708.9425961374187,634.409002978046,155.976775007886,2.5349999999999993
sizing_qualification,out0.75r1,20,False,0,8,1.9680360877204284,-18.03608772042842,x1.m2,VDS,ss_cold,0,3,729.63793253339,621.6225504557386,156.48475171998768,2.6789999999999994
sizing_qualification,pre0.5,20,False,0,10,1.9680266250013279,-18.0266250013279,x1.m2,VDS,ss_cold,0,3,731.4321325936513,580.5443625491702,167.02127329042307,3.0269999999999992
