profile,stage,window,device_type,metric,low_limit_v,high_limit_v,min_v,max_v,low_violation_samples,high_violation_samples,low_violation_device_cases,high_violation_device_cases,worst_low,worst_high
tt,baseline,full_transient,nfet_01v8,VGS,0.0,1.95,-1.4741409489030106,1.936551481435868,1761324,0,240,0,"{""case"": ""tt_00_to_11"", ""device"": ""x1.m12"", ""limit_v"": 0.0, ""time_ns"": 18.128500000000145, ""value_v"": -1.4741409489030106}",
tt,baseline,full_transient,nfet_01v8,VDS,0.0,1.95,1.0641797980905924e-12,1.936551481435868,0,0,0,0,,
tt,baseline,full_transient,nfet_01v8,VBS,-1.95,0.3,-1.8004631521516523,0.07790136103293503,0,0,0,0,,
tt,baseline,full_transient,pfet_01v8,VGS,-1.95,0.0,-1.936551481435868,0.13655148143586793,0,808329,0,180,,"{""case"": ""tt_00_to_00"", ""device"": ""x1.m26"", ""limit_v"": 0.0, ""time_ns"": 10.123499999999948, ""value_v"": 0.13655148143586793}"
tt,baseline,full_transient,pfet_01v8,VDS,-1.95,0.0,-1.8779013610329351,-3.091082945161361e-12,0,0,0,0,,
tt,baseline,full_transient,pfet_01v8,VBS,-0.1,1.95,-0.13655148143586793,0.0,461994,0,104,0,"{""case"": ""tt_00_to_00"", ""device"": ""x1.m1"", ""limit_v"": -0.1, ""time_ns"": 10.123499999999948, ""value_v"": -0.13655148143586793}",
tt,baseline,after_startup,nfet_01v8,VGS,0.0,1.95,-1.4741409489030106,1.936551481435868,1697004,0,240,0,"{""case"": ""tt_00_to_11"", ""device"": ""x1.m12"", ""limit_v"": 0.0, ""time_ns"": 18.128500000000145, ""value_v"": -1.4741409489030106}",
tt,baseline,after_startup,nfet_01v8,VDS,0.0,1.95,1.0641797980905924e-12,1.936551481435868,0,0,0,0,,
tt,baseline,after_startup,nfet_01v8,VBS,-1.95,0.3,-1.8004631521516523,0.07790136103293503,0,0,0,0,,
tt,baseline,after_startup,pfet_01v8,VGS,-1.95,0.0,-1.936551481435868,0.13655148143586793,0,808329,0,180,,"{""case"": ""tt_00_to_00"", ""device"": ""x1.m26"", ""limit_v"": 0.0, ""time_ns"": 10.123499999999948, ""value_v"": 0.13655148143586793}"
tt,baseline,after_startup,pfet_01v8,VDS,-1.95,0.0,-1.8779013610329351,-3.091082945161361e-12,0,0,0,0,,
tt,baseline,after_startup,pfet_01v8,VBS,-0.1,1.95,-0.13655148143586793,0.0,461994,0,104,0,"{""case"": ""tt_00_to_00"", ""device"": ""x1.m1"", ""limit_v"": -0.1, ""time_ns"": 10.123499999999948, ""value_v"": -0.13655148143586793}",
tt,pex,full_transient,nfet_01v8,VGS,0.0,1.95,-1.5631533794758934,1.877774747632349,2380982,0,280,0,"{""case"": ""tt_01_to_10"", ""device"": ""x1.3"", ""limit_v"": 0.0, ""time_ns"": 18.97950000000111, ""value_v"": -1.5631533794758934}",
tt,pex,full_transient,nfet_01v8,VDS,0.0,1.95,5.007833548240266e-13,1.877774747632349,0,0,0,0,,
tt,pex,full_transient,nfet_01v8,VBS,-1.95,0.3,-1.692236575940869,0.044142040258359265,0,0,0,0,,
tt,pex,full_transient,pfet_01v8,VGS,-1.95,0.0,-1.8605824749317301,0.07777474763414904,0,2026900,0,232,,"{""case"": ""tt_10_to_11"", ""device"": ""x4.mp2"", ""limit_v"": 0.0, ""time_ns"": 20.177500000000173, ""value_v"": 0.07777474763414904}"
tt,pex,full_transient,pfet_01v8,VDS,-1.95,0.0,-1.8341242213171474,-1.50774948082244e-11,0,0,0,0,,
tt,pex,full_transient,pfet_01v8,VBS,-0.1,1.95,-0.07777474763414904,0.05122061366178832,0,0,0,0,,
tt,pex,after_startup,nfet_01v8,VGS,0.0,1.95,-1.5631533794758934,1.877774747632349,2284502,0,280,0,"{""case"": ""tt_01_to_10"", ""device"": ""x1.3"", ""limit_v"": 0.0, ""time_ns"": 18.97950000000111, ""value_v"": -1.5631533794758934}",
tt,pex,after_startup,nfet_01v8,VDS,0.0,1.95,5.007833548240266e-13,1.877774747632349,0,0,0,0,,
tt,pex,after_startup,nfet_01v8,VBS,-1.95,0.3,-1.692236575940869,0.044142040258359265,0,0,0,0,,
tt,pex,after_startup,pfet_01v8,VGS,-1.95,0.0,-1.8605824749317301,0.07777474763414904,0,2010820,0,232,,"{""case"": ""tt_10_to_11"", ""device"": ""x4.mp2"", ""limit_v"": 0.0, ""time_ns"": 20.177500000000173, ""value_v"": 0.07777474763414904}"
tt,pex,after_startup,pfet_01v8,VDS,-1.95,0.0,-1.8341242213171474,-1.50774948082244e-11,0,0,0,0,,
tt,pex,after_startup,pfet_01v8,VBS,-0.1,1.95,-0.07777474763414904,0.05122061366178832,0,0,0,0,,
