case,device,voltage,min_v,max_v,min_time_ns,max_time_ns
slow_ctl001_a1_to_2_p1950,x1.0,VGS,-0.8505895061700989,1.6199998022882882,16.074946042335444,8.081512397558019
slow_ctl001_a1_to_2_p1950,x1.0,VGD,-0.01313007048295392,1.619999975408479,0.00011470746009987279,8.066512397558016
slow_ctl001_a1_to_2_p1950,x1.0,VDS,-0.8503426865904686,0.0524054781287277,16.074946042335444,20.712651147876873
slow_ctl001_a1_to_2_p1950,x1.0,VBS,-0.8502576775076431,0.049500380030918986,16.074946042335444,20.715150435096913
slow_ctl001_a1_to_2_p1950,x1.1,VGS,-1.6674385656794113,0.016940620413596674,5.042859907183429,20.98525178655997
slow_ctl001_a1_to_2_p1950,x1.1,VGD,-0.8542165397675362,0.8669559688506199,15.864946042335484,16.3970778271445
slow_ctl001_a1_to_2_p1950,x1.1,VDS,-1.6671045053906877,-0.09713739755821031,10.001268043387595,5e-05
slow_ctl001_a1_to_2_p1950,x1.1,VBS,-1.670038353438183,-0.06285616794401185,5.013765020576029,5e-05
slow_ctl001_a1_to_2_p1950,x1.2,VGS,-0.017043972148263004,1.6686458952342902,5.4982511836366676e-05,5.012868683496517
slow_ctl001_a1_to_2_p1950,x1.2,VGD,-1.1235217275908138,0.0522375181000172,0.006236768971153485,5.014141257676089
slow_ctl001_a1_to_2_p1950,x1.2,VDS,0.12290266190983895,1.623453835010126,5e-05,10.014013140678038
slow_ctl001_a1_to_2_p1950,x1.2,VBS,-0.05978624201619473,1.6224685184428946,5.820413722397914e-05,10.01517925332861
slow_ctl001_a1_to_2_p1950,x1.3,VGS,-1.6623255675301851,0.03118495387672482,17.022069310931755,15.685615647066479
slow_ctl001_a1_to_2_p1950,x1.3,VGD,-1.075309334722075,0.8480809343066184,16.937500000000004,0.6583870936494858
slow_ctl001_a1_to_2_p1950,x1.3,VDS,-1.6649668541436131,-0.09342494687991004,20.701018589288655,5e-05
slow_ctl001_a1_to_2_p1950,x1.3,VBS,-1.6770896849686572,-0.06399531620689083,5.013435757815106,5e-05
slow_ctl001_a1_to_2_p1950,x1.4,VGS,-1.6685131758486846,1.6451663205213807,21.080251786559952,10.012533813633123
slow_ctl001_a1_to_2_p1950,x1.4,VGD,-0.0005440726621571322,1.6229293066315817,16.96276974975677,10.01302443710022
slow_ctl001_a1_to_2_p1950,x1.4,VDS,-1.6684820483723524,0.03153141679252234,21.080251786559952,15.602196130456347
slow_ctl001_a1_to_2_p1950,x1.4,VBS,-1.6684708275514966,0.12687745321735489,21.080251786559952,5e-05
slow_ctl001_a1_to_2_p1950,x1.5,VGS,-1.6437208895149258,1.6743221479525408,10.00965430692118,16.96847776013427
slow_ctl001_a1_to_2_p1950,x1.5,VGD,-1.6511841299443002,0.05954925010571177,10.00965430692118,16.963946614989563
slow_ctl001_a1_to_2_p1950,x1.5,VDS,-0.047437859950343775,1.6826346267900651,10.38386722040916,5.146641998542837
slow_ctl001_a1_to_2_p1950,x1.5,VBS,-0.047320484944853636,1.684364832329184,10.38386722040916,5.146641998542837
slow_ctl001_a1_to_2_p1950,x1.6,VGS,-1.6457708998679972,1.676931300024869,20.709674398167046,16.964960458644004
slow_ctl001_a1_to_2_p1950,x1.6,VGD,-0.034589664184080514,1.6787511943862357,20.709674398167046,16.96360638828944
slow_ctl001_a1_to_2_p1950,x1.6,VDS,-1.6660352646948222,0.06883474965144444,21.080251786559952,17.105091083473656
slow_ctl001_a1_to_2_p1950,x1.6,VBS,-1.6661352307711215,0.06778840675880389,21.080251786559952,17.105091083473656
slow_ctl001_a1_to_2_p1950,x1.7,VGS,-1.634616958602461,1.6540617191658702,21.065251786559955,5.028413918051276
slow_ctl001_a1_to_2_p1950,x1.7,VGD,-0.04127082697668183,1.66448686919183,20.712710308462984,5.013435757815106
slow_ctl001_a1_to_2_p1950,x1.7,VDS,-1.664917346029053,0.04342054940798243,16.962553949951356,15.859946042335485
slow_ctl001_a1_to_2_p1950,x1.7,VBS,-1.6644248644364372,0.04272731366563204,16.96276974975677,15.859946042335485
slow_ctl001_a1_to_2_p1950,x1.8,VGS,-0.12428039353847888,1.6295944174835828,15.60381062471048,20.709674398167046
slow_ctl001_a1_to_2_p1950,x1.8,VGD,-0.8407482481206279,1.6360622617964642,15.60381062471048,20.712500000000002
slow_ctl001_a1_to_2_p1950,x1.8,VDS,-0.3217192326856998,0.733525066336318,16.978726699877395,5.0037434485018855
slow_ctl001_a1_to_2_p1950,x1.8,VBS,-0.8805028589599331,0.04294021707426057,16.964960458644004,20.71322784993165
slow_ctl001_a1_to_2_p1950,x1.9,VGS,-1.6448922897616804,1.6199994701340474,16.12207782714455,20.495091083473014
slow_ctl001_a1_to_2_p1950,x1.9,VGD,-1.6211126692238509,0.0017693984859668,16.13207782714455,17.205091083473636
slow_ctl001_a1_to_2_p1950,x1.9,VDS,-0.06233739586032705,1.6414774934892307,16.96360638828944,20.703246623976675
slow_ctl001_a1_to_2_p1950,x1.9,VBS,-0.06137098601771873,1.6485351031720143,16.96610170505832,20.705288712490777
slow_ctl001_a1_to_2_p1950,x1.10,VGS,-1.666691093238022,1.661794107065479,5.012868683496517,20.71256555315203
slow_ctl001_a1_to_2_p1950,x1.10,VGD,-1.6230233825497045,0.0010515047455106341,5.012672052298375,20.712602107820665
slow_ctl001_a1_to_2_p1950,x1.10,VDS,-0.043676040400206784,1.6607435452347266,5.012868683496517,20.712533416769613
slow_ctl001_a1_to_2_p1950,x1.10,VBS,-0.046050261198141706,1.6605881346608482,5.013435757815106,20.71256555315203
slow_ctl001_a1_to_2_p1950,x1.11,VGS,-1.6338233935641084,1.6534064850367565,21.065251786559955,5.028413918051276
slow_ctl001_a1_to_2_p1950,x1.11,VGD,-1.6582729296180538,0.04880161098209834,20.71301903186378,5.013142019768614
slow_ctl001_a1_to_2_p1950,x1.11,VDS,-0.04124556954421599,1.6584009191756854,16.962553949951356,15.854946042335486
slow_ctl001_a1_to_2_p1950,x1.11,VBS,-0.04325906912862276,1.6602717829503404,16.96302079833757,15.859946042335485
slow_ctl001_a1_to_2_p1950,x1.12,VGS,-1.6218999055920207,0.005222583094195821,15.68061564706648,0.00011470746009987279
slow_ctl001_a1_to_2_p1950,x1.12,VGD,-1.6200693430977846,0.0007951272205477533,15.68061564706648,17.200091083473637
slow_ctl001_a1_to_2_p1950,x1.12,VDS,-0.0581662098419673,1.1369839501373895,5.013142019768614,0.0015386681694048627
slow_ctl001_a1_to_2_p1950,x1.12,VBS,-0.05729670562702571,1.1193144096843854,5.016355508202699,0.0028642205042105724
slow_ctl001_a1_to_2_p1950,x1.13,VGS,-1.678755563974438,1.6200123199634964,5.053864567989291,20.687700652460716
slow_ctl001_a1_to_2_p1950,x1.13,VGD,-0.20999161339023845,1.6211218550121353,15.869946042335483,20.707936125492534
slow_ctl001_a1_to_2_p1950,x1.13,VDS,-1.5898192690847943,0.00025580549360728136,9.987500000000002,20.688602711394353
slow_ctl001_a1_to_2_p1950,x1.13,VBS,-1.6798588834678891,0.033763793169841405,5.014141257676089,20.709674398167046
slow_ctl001_a1_to_2_p1950,x1.14,VGS,-1.665919242544911,1.6479446552377015,21.080251786559952,10.012533813633123
slow_ctl001_a1_to_2_p1950,x1.14,VGD,-1.6225532536144143,0.18907366917793222,21.08525178655995,0.000174120629863439
slow_ctl001_a1_to_2_p1950,x1.14,VDS,-0.04336665613602109,1.6475510753538027,21.080251786559952,10.012533813633123
slow_ctl001_a1_to_2_p1950,x1.14,VBS,-0.0460126502357221,1.6485036780475826,21.080251786559952,15.59444714583456
slow_ctl001_a1_to_2_p1950,x1.15,VGS,-1.6475037506851349,1.6677994777213279,15.60381062471048,21.08525178655995
slow_ctl001_a1_to_2_p1950,x1.15,VGD,-0.031564066737000095,1.6684372829585044,15.602196130456347,21.080251786559952
slow_ctl001_a1_to_2_p1950,x1.15,VDS,-1.6614929962792555,0.013347116748163008,16.014946042335456,20.712500000000002
slow_ctl001_a1_to_2_p1950,x1.15,VBS,-1.6618351231843917,0.015005216665991548,16.019946042335455,20.712511138923205
slow_ctl001_a1_to_2_p1950,x1.16,VGS,-1.6476809132096577,1.667715304358956,15.60381062471048,21.08525178655995
slow_ctl001_a1_to_2_p1950,x1.16,VGD,-1.6512885510605235,0.04873730893746142,15.60381062471048,21.080251786559952
slow_ctl001_a1_to_2_p1950,x1.16,VDS,-0.042908517573679195,1.6364130664622156,16.019946042335455,20.712500000000002
slow_ctl001_a1_to_2_p1950,x1.16,VBS,-0.04293415473895701,1.636045934493488,16.019946042335455,20.712500000000002
slow_ctl001_a1_to_2_p1950,x1.17,VGS,-1.6203253083285922,1.6200001351067546,15.675615647066481,7.896512397557992
slow_ctl001_a1_to_2_p1950,x1.17,VGD,-1.6199982502540753,0.001224505498707229,25.7,17.200091083473637
slow_ctl001_a1_to_2_p1950,x1.17,VDS,-0.059870732341180455,1.6407782443595955,16.96328391760452,10.003174761848351
slow_ctl001_a1_to_2_p1950,x1.17,VBS,-0.058770235393596604,1.6477263442958332,16.96610170505832,10.005225009406328
slow_ctl001_a1_to_2_p1950,x1.18,VGS,-1.6436803157208142,1.674391256974646,10.007886381464393,16.96610170505832
slow_ctl001_a1_to_2_p1950,x1.18,VGD,-0.033119727573467594,1.67637090374936,10.00965430692118,16.96360638828944
slow_ctl001_a1_to_2_p1950,x1.18,VDS,-1.6658821214671502,0.06966084512303221,10.378867220409159,5.146641998542837
slow_ctl001_a1_to_2_p1950,x1.18,VBS,-1.6659963525208232,0.06859114446573816,10.38386722040916,5.146641998542837
slow_ctl001_a1_to_2_p1950,x1.19,VGS,-1.6736088699049527,1.6200112858844835,20.699032923914086,7.856512397557986
slow_ctl001_a1_to_2_p1950,x1.19,VGD,-0.7592151595520436,1.6200111391742626,16.079946042335443,7.856512397557986
slow_ctl001_a1_to_2_p1950,x1.19,VDS,-1.2997479724429333,0.00017741904850892458,0.3633870936494868,9.988412520851236
slow_ctl001_a1_to_2_p1950,x1.19,VBS,-1.678185587821969,0.033219428707821574,16.96328391760452,10.00965430692118
slow_ctl001_a1_to_2_p1950,x1.20,VGS,-1.6429446135036399,-0.0035085020629106456,16.102077827144555,20.6875
slow_ctl001_a1_to_2_p1950,x1.20,VGD,-1.6209947049973963,0.0020851055161610343,16.12707782714455,17.200091083473637
slow_ctl001_a1_to_2_p1950,x1.20,VDS,-0.05238874443255215,1.1172592281482236,5.013765020576029,0.0019410249334358433
slow_ctl001_a1_to_2_p1950,x1.20,VBS,-0.05170268797276978,1.1196312526740715,5.016355508202699,0.0035168548193730657
slow_ctl001_a1_to_2_p1950,x1.21,VGS,-0.12892318383581386,1.668731066872336,0.0006775742097987528,5.013435757815106
slow_ctl001_a1_to_2_p1950,x1.21,VGD,0.07562609382449098,1.6691552339344755,5e-05,5.013765020576029
slow_ctl001_a1_to_2_p1950,x1.21,VDS,-0.5792681491878323,0.003249194933047729,0.06338709364948707,10.013721779596313
slow_ctl001_a1_to_2_p1950,x1.21,VBS,-0.579288009219257,0.0037253949060272054,0.06338709364948707,10.014013140678038
slow_ctl001_a1_to_2_p1950,x1.22,VGS,-0.5184514031403917,1.631846652706738,16.975123901937824,10.00965430692118
slow_ctl001_a1_to_2_p1950,x1.22,VGD,-0.8260192933633635,1.6391371409366031,16.953690242582347,10.01251127121104
slow_ctl001_a1_to_2_p1950,x1.22,VDS,-0.53088545656511,0.31671859565629545,20.712533416769613,16.953690242582347
slow_ctl001_a1_to_2_p1950,x1.22,VBS,-0.869427489856809,0.04184228471877301,5.01461879408449,10.013234046401795
slow_ctl001_a1_to_2_p1950,x1.23,VGS,-0.12442108013659331,1.6741355855336475,0.000535163248506899,5.022521197315196
slow_ctl001_a1_to_2_p1950,x1.23,VGD,0.08300288800399304,1.6754195689661229,5e-05,5.013765020576029
slow_ctl001_a1_to_2_p1950,x1.23,VDS,-0.57072335739502,0.004717913641047393,0.06338709364948707,20.71301903186378
slow_ctl001_a1_to_2_p1950,x1.23,VBS,-0.5708145670519477,0.005481076435944301,0.06338709364948707,10.013446053288302
slow_ctl001_a1_to_2_p1950,x1.24,VGS,0.010707152313441992,1.6741754102428497,0.00689890562028215,5.022521197315196
slow_ctl001_a1_to_2_p1950,x1.24,VGD,-1.1175492232731261,0.057803020854211073,0.006236768971153485,5.013765020576029
slow_ctl001_a1_to_2_p1950,x1.24,VDS,0.2803264638908247,1.6251173380934132,5e-05,10.013721779596313
slow_ctl001_a1_to_2_p1950,x1.24,VBS,-0.012085693998069358,1.6239850404864178,5.213536221558572e-05,10.014384504183498
slow_ctl001_a1_to_2_p1950,x1.25,VGS,-1.6696977730832172,1.6576459267913364,5.012672052298375,20.712602107820665
slow_ctl001_a1_to_2_p1950,x1.25,VGD,-0.0073108745842745525,1.624515427399876,0.000535163248506899,20.71287957020894
slow_ctl001_a1_to_2_p1950,x1.25,VDS,-1.6683649955292807,0.033180972236210346,5.012573736699304,20.712533416769613
slow_ctl001_a1_to_2_p1950,x1.25,VBS,-1.668161098726907,0.036940940911015685,5.012672052298375,20.712651147876873
slow_ctl001_a1_to_2_p1950,x1.26,VGS,-0.928979704448621,1.6384997521851985,25.7,10.01944782675242
slow_ctl001_a1_to_2_p1950,x1.26,VGD,-0.8259603407456737,1.6393225207442672,16.953690242582347,10.012533813633123
slow_ctl001_a1_to_2_p1950,x1.26,VDS,-0.9308887984239397,0.06728392360749003,20.712533416769613,16.357077827144508
slow_ctl001_a1_to_2_p1950,x1.26,VBS,-0.9289842217399286,0.04822632031323116,25.7,10.01517925332861
slow_ctl001_a1_to_2_p1950,x1.27,VGS,-1.6457268106279088,1.6768213054247354,20.709674398167046,16.96847776013427
slow_ctl001_a1_to_2_p1950,x1.27,VGD,-1.6521214073814614,0.06206896443735066,20.709674398167046,16.963946614989563
slow_ctl001_a1_to_2_p1950,x1.27,VDS,-0.04785440924354001,1.681456578652691,21.080251786559952,17.105091083473656
slow_ctl001_a1_to_2_p1950,x1.27,VBS,-0.0507696229529751,1.683288981846983,5.820413722397914e-05,17.105091083473656
slow_ctl001_a1_to_2_p1950,x1.28,VGS,-0.9633099486056387,1.63486651008756,15.60381062471048,20.71620914015532
slow_ctl001_a1_to_2_p1950,x1.28,VGD,-0.8407430908407635,1.636402013139126,15.60381062471048,20.712500000000002
slow_ctl001_a1_to_2_p1950,x1.28,VDS,-0.9461279263402198,0.08337945188182869,10.012499999999998,0.2733870936494871
slow_ctl001_a1_to_2_p1950,x1.28,VBS,-1.0996815924294825,0.050196368146980745,16.964960458644004,20.71564193246296
slow_ctl001_a1_to_2_p1950,x2.0,VGS,-1.626548199975723,0.25693270960146947,10.012533813633123,0.05838709364948707
slow_ctl001_a1_to_2_p1950,x2.0,VGD,-0.006911355415851234,0.5729193161007621,10.012533813633123,0.06338709364948707
slow_ctl001_a1_to_2_p1950,x2.0,VDS,-1.6203596909040592,-0.0021738559050079598,5.002281500429181,5e-05
slow_ctl001_a1_to_2_p1950,x2.0,VBS,-1.620359193935152,0.02687133930037923,5.002281500429181,5.4982511836366676e-05
slow_ctl001_a1_to_2_p1950,x2.1,VGS,-1.6265363569976183,0.27798809988880724,10.012533813633123,0.00011470746009987279
slow_ctl001_a1_to_2_p1950,x2.1,VGD,-1.626862650006232,-0.6731809078039143,10.012533813633123,5e-05
slow_ctl001_a1_to_2_p1950,x2.1,VDS,-0.0003241275540626365,1.3514815360540902,5.002281500429181,0.0013605267239728597
slow_ctl001_a1_to_2_p1950,x2.1,VBS,-0.00037528593138613786,1.3411343125496498,4.999691366319955,0.0045017681161590144
slow_ctl001_a1_to_2_p1950,x2.2,VGS,0.0006420567048033201,1.6203487860491221,5e-05,5.002281500429181
slow_ctl001_a1_to_2_p1950,x2.2,VGD,0.0025403518178965427,1.6203577809425112,5e-05,5.002281500429181
slow_ctl001_a1_to_2_p1950,x2.2,VDS,-0.06225458909905864,9.380330432263963e-06,0.22338709364948722,10.012566138540846
slow_ctl001_a1_to_2_p1950,x2.2,VBS,-0.06261524915686734,0.005427096217095405,0.22838709364948723,0.000535163248506899
slow_ctl001_a1_to_2_p1950,x2.3,VGS,0.10359426236721396,1.6203483821966453,5e-05,5.002281500429181
slow_ctl001_a1_to_2_p1950,x2.3,VGD,-1.3456775547959137,0.0003596109121186686,0.0025422821688422916,5.002281500429181
slow_ctl001_a1_to_2_p1950,x2.3,VDS,0.8023106653899719,1.620011675163126,5e-05,10.012499999999998
slow_ctl001_a1_to_2_p1950,x2.3,VBS,0.164267980090947,1.6200134184530008,5e-05,10.014733268638986
slow_ctl001_a1_to_2_p1950,x3.0,VGS,-1.6850444629437522,1.6667736551190486,5.146641998542837,10.38386722040916
slow_ctl001_a1_to_2_p1950,x3.0,VGD,-0.0679549505403132,1.6669439001723871,5.146641998542837,10.38386722040916
slow_ctl001_a1_to_2_p1950,x3.0,VDS,-1.6626229084885136,0.03515113013052784,5.261512397557981,10.545052128653703
slow_ctl001_a1_to_2_p1950,x3.0,VBS,-1.6633590470368549,0.03510541817180489,5.261512397557981,10.545052128653703
slow_ctl001_a1_to_2_p1950,x3.1,VGS,-1.6851450122588705,1.6667580729491296,5.1516419985428366,10.38386722040916
slow_ctl001_a1_to_2_p1950,x3.1,VGD,-1.6876610601438695,0.046963392314652186,5.146641998542837,10.38386722040916
slow_ctl001_a1_to_2_p1950,x3.1,VDS,-0.043991222275620245,1.6513679531024184,5.266512397557981,10.540052128653702
slow_ctl001_a1_to_2_p1950,x3.1,VBS,-0.04457884351366492,1.654110438055701,5.266512397557981,10.540052128653702
slow_ctl001_a1_to_2_p1950,x3.2,VGS,-1.6466633961712973,1.662778911047483,10.545052128653703,5.266512397557981
slow_ctl001_a1_to_2_p1950,x3.2,VGD,-0.035125153507945574,1.6637703487144253,10.545052128653703,5.266512397557981
slow_ctl001_a1_to_2_p1950,x3.2,VDS,-1.6165665455807294,0.004349347622866345,10.700052128653725,5.371512397557979
slow_ctl001_a1_to_2_p1950,x3.2,VBS,-1.6167072788405223,0.005411439298865412,10.710052128653727,0.000535163248506899
slow_ctl001_a1_to_2_p1950,x3.3,VGS,-1.64709447459654,1.662647484233459,10.545052128653703,5.266512397557981
slow_ctl001_a1_to_2_p1950,x3.3,VGD,-1.6546353793013309,0.04389569370833035,10.545052128653703,5.266512397557981
slow_ctl001_a1_to_2_p1950,x3.3,VDS,0.002936483304484039,1.6225408141468076,10.715052128653728,5.356512397557979
slow_ctl001_a1_to_2_p1950,x3.3,VBS,0.0025594607378469636,1.6236746432748712,10.710052128653727,5.361512397557979
slow_ctl001_a1_to_2_p1950,x4.0,VGS,-1.6249318903734327,0.26628610877442754,10.012652149073661,0.05838709364948707
slow_ctl001_a1_to_2_p1950,x4.0,VGD,-0.005209088387994685,0.5819860278590052,10.012652149073661,0.06838709364948706
slow_ctl001_a1_to_2_p1950,x4.0,VDS,-1.6202720456740476,-0.00216540038497752,5.002281500429181,5e-05
slow_ctl001_a1_to_2_p1950,x4.0,VBS,-1.6202721102418964,0.026981315705467517,5.002281500429181,5.4982511836366676e-05
slow_ctl001_a1_to_2_p1950,x4.1,VGS,-1.624918257469614,0.27861222447322337,10.012711522352136,0.00011470746009987279
slow_ctl001_a1_to_2_p1950,x4.1,VGD,-1.6251674339205997,-0.6727531793390923,10.012711522352136,5e-05
slow_ctl001_a1_to_2_p1950,x4.1,VDS,-0.0002452412393534331,1.3514146685219606,5.002281500429181,0.0013605267239728597
slow_ctl001_a1_to_2_p1950,x4.1,VBS,-0.0002856294385875646,1.341083521746211,4.999691366319955,0.0045017681161590144
slow_ctl001_a1_to_2_p1950,x4.2,VGS,0.0006439538585002579,1.6202642135467538,5e-05,5.002281500429181
slow_ctl001_a1_to_2_p1950,x4.2,VGD,0.0025423012159140187,1.6202710115548289,5e-05,5.002281500429181
slow_ctl001_a1_to_2_p1950,x4.2,VDS,-0.06338134235588537,7.145898128315195e-06,0.22338709364948722,10.012711522352136
slow_ctl001_a1_to_2_p1950,x4.2,VBS,-0.06372106704747325,0.005409696118830274,0.22838709364948723,0.000535163248506899
slow_ctl001_a1_to_2_p1950,x4.3,VGS,0.1035949629116887,1.62026367825532,5e-05,5.002281500429181
slow_ctl001_a1_to_2_p1950,x4.3,VGD,-1.3456574812850863,0.00027216876753932695,0.0025422821688422916,5.002281500429181
slow_ctl001_a1_to_2_p1950,x4.3,VDS,0.8023100129831375,1.6200088933443837,5e-05,10.012711522352136
slow_ctl001_a1_to_2_p1950,x4.3,VBS,0.164267492523389,1.6200101859966318,5e-05,10.01517925332861
slow_ctl001_a1_to_2_p1950,x5.0,VGS,-1.6842520001015706,1.6667833078294345,17.105091083473656,21.08525178655995
slow_ctl001_a1_to_2_p1950,x5.0,VGD,-0.06710648206591206,1.6670476870584348,17.105091083473656,21.080251786559952
slow_ctl001_a1_to_2_p1950,x5.0,VDS,-1.6625258325506465,0.03484468697815551,17.220091083473633,21.243365418627484
slow_ctl001_a1_to_2_p1950,x5.0,VBS,-1.6632395029276632,0.03479790507338863,17.220091083473633,21.243365418627484
slow_ctl001_a1_to_2_p1950,x5.1,VGS,-1.6842783352713262,1.6667510962578989,17.105091083473656,21.08525178655995
slow_ctl001_a1_to_2_p1950,x5.1,VGD,-1.6868340686571957,0.04709329940440976,17.105091083473656,21.080251786559952
slow_ctl001_a1_to_2_p1950,x5.1,VDS,-0.043951756441714895,1.651081950614823,17.225091083473632,21.238365418627485
slow_ctl001_a1_to_2_p1950,x5.1,VBS,-0.04454820635723089,1.6538541517117924,17.225091083473632,21.238365418627485
slow_ctl001_a1_to_2_p1950,x5.2,VGS,-1.6140324186907442,1.6627385164566193,21.243365418627484,17.225091083473632
slow_ctl001_a1_to_2_p1950,x5.2,VGD,-0.034819550257846645,1.6637264804294734,21.243365418627484,17.225091083473632
slow_ctl001_a1_to_2_p1950,x5.2,VDS,-1.588272482417702,0.00434450209972832,21.398365418627453,17.330091083473615
slow_ctl001_a1_to_2_p1950,x5.2,VBS,-1.5884127590140116,0.005400261892428853,21.403365418627452,0.000535163248506899
slow_ctl001_a1_to_2_p1950,x5.3,VGS,-1.6161594800296064,1.6626146235174573,21.243365418627484,17.225091083473632
slow_ctl001_a1_to_2_p1950,x5.3,VGD,-1.6526131241349646,0.04385826626392064,21.243365418627484,17.225091083473632
slow_ctl001_a1_to_2_p1950,x5.3,VDS,0.031242512910503617,1.6225392689087874,21.41336541862745,17.315091083473618
slow_ctl001_a1_to_2_p1950,x5.3,VBS,0.030916446444310575,1.6236639295315325,21.403365418627452,17.320091083473617
