case,campaign,profile,old_address,new_address,lead_ps,skew_ps,low_ns,high_ns,load_ff,rise_ps,fall_ps,max_step_ps,address_slew_ps,noise_node,charge_fc,method,result,minbreak_fs,chgtol_c,candidate,footer_um,stack_um,precharge_um,out_n_um,out_p_um,addr_n_um,addr_p_um,addr_l_um,buffer_addresses,true_buffer_um,channel_area_proxy_um2,corner,vdd_v,temperature_c,check_pass,check_fail,settling_check_fail,other_check_fail,wrong_row_peak_v,unselected_dynamic_min_v,output_vgs_peak_v,terminal_magnitude_max_v,terminal_magnitude_device,terminal_magnitude_voltage,model_upper_result,magnitude_result,dec_delay50_ps,dec_delay90_ps,dec_precharge10_ps,wl_delay50_ps,wl_delay90_ps,wl_precharge10_ps,vdd_src_cycle_energy_fj,vpclk_cycle_energy_fj,va0_cycle_energy_fj,va1_cycle_energy_fj,dec_selected_rise_slew10_90_ps,dec_selected_fall_slew90_10_ps,wl_selected_rise_slew10_90_ps,wl_selected_fall_slew90_10_ps
tt_00_to_00,history,tt,0,0,2000,0,10,5,17.4,50,50,1.0,50,,0,gear,PASS,default,default,current,1.5,2.0,1.25,2.0,3.0,0.84,0.84,0.15,True,2.0,8.078999999999999,tt,1.8,27,104,0,0,0,0.002149593376692127,1.8739818115158768,1.9194744892902373,1.9365487779488755,x1.m1,VGD,PASS,PASS,90.60418605863195,108.64743496513752,171.80711718606148,266.11284427995764,454.72747129960607,347.3112105566821,160.07073066960697,1.4578075315571226,0.0,0.0,31.66281827741749,34.52109905214484,294.75316148792757,105.1737607727188
tt_00_to_01,history,tt,0,1,2000,0,10,5,17.4,50,50,1.0,50,,0,gear,PASS,default,default,current,1.5,2.0,1.25,2.0,3.0,0.84,0.84,0.15,True,2.0,8.078999999999999,tt,1.8,27,104,0,0,0,0.0021462011746385084,1.8739803920455866,1.9176960295086976,1.9365484047977288,x1.m1,VGD,PASS,PASS,87.76703315594902,105.65597759171091,171.80711718606148,263.1998472733402,451.81463000441516,347.3112105566821,184.87556104338248,1.4375320414481378,4.185665604006614,0.0,31.248054931041253,34.33129872549358,294.75307360403735,105.17366477377318
tt_01_to_00,history,tt,1,0,2000,0,10,5,17.4,50,50,1.0,50,,0,gear,PASS,default,default,current,1.5,2.0,1.25,2.0,3.0,0.84,0.84,0.15,True,2.0,8.078999999999999,tt,1.8,27,104,0,0,0,0.002146716968561002,1.873982514219626,1.9177316917335607,1.936546214854201,x1.m1,VGD,PASS,PASS,88.64413702462643,106.67947747238219,173.33893429955842,264.14784696588157,452.7625646518506,348.8950147407555,192.48140234883485,1.4377084215281788,-3.1292321596045074,0.0,31.640442914508437,34.523875080739444,294.7532166100293,105.1736648495694
tt_00_to_10,history,tt,0,2,2000,0,10,5,17.4,50,50,1.0,50,,0,gear,PASS,default,default,current,1.5,2.0,1.25,2.0,3.0,0.84,0.84,0.15,True,2.0,8.078999999999999,tt,1.8,27,104,0,0,0,0.002144697009868431,1.873948776382442,1.9206336679206593,1.9374695884409474,x1.m12,VGD,PASS,PASS,89.95292691354481,108.05115253674354,171.80711718606148,265.4879047827693,454.10310169693463,347.3112105566821,186.72054317670987,1.4587448802938803,0.0,4.187868582846076,31.719045115862937,33.15810398412548,294.75371651057094,105.16831350574743
tt_10_to_00,history,tt,2,0,2000,0,10,5,17.4,50,50,1.0,50,,0,gear,PASS,default,default,current,1.5,2.0,1.25,2.0,3.0,0.84,0.84,0.15,True,2.0,8.078999999999999,tt,1.8,27,104,0,0,0,0.002150384392569489,1.8739826411591598,1.9214465219907844,1.9369419097946043,x1.m12,VGD,PASS,PASS,90.71179123588053,108.75044820510927,169.9780653732539,266.217072782226,454.8319555740475,345.6826042077404,194.2825590174357,1.4587517200478088,0.0,-3.1313829251116827,31.643115124451832,34.52397632717327,294.753355104287,105.17366117976607
tt_00_to_11,history,tt,0,3,2000,0,10,5,17.4,50,50,1.0,50,,0,gear,PASS,default,default,current,1.5,2.0,1.25,2.0,3.0,0.84,0.84,0.15,True,2.0,8.078999999999999,tt,1.8,27,104,0,0,0,0.002143877856029744,1.8739876232837172,1.9176960295086976,1.9383327894198021,x1.m6,VGD,PASS,PASS,88.46918933110838,106.41163268012254,171.80711718606148,263.9321476266755,452.5460672264921,347.3112105566821,206.4728387095954,1.463760231844692,4.185520423653693,4.187770635338016,31.31294950233348,33.06193757628661,294.7525769460636,105.16938487177089
tt_11_to_00,history,tt,3,0,2000,0,10,5,17.4,50,50,1.0,50,,0,gear,PASS,default,default,current,1.5,2.0,1.25,2.0,3.0,0.84,0.84,0.15,True,2.0,8.078999999999999,tt,1.8,27,104,0,0,0,0.0021493316151740063,1.873981588709537,1.9181450137700011,1.9368703227526427,x1.m6,VGD,PASS,PASS,90.36529197779906,108.4097220992649,171.62109784923757,265.87605735885177,454.4899446451058,347.36133963021234,221.76623627245596,1.4652233282257863,-3.1292112551694933,-3.131372867989955,31.668354246615447,34.52361311268908,294.752434310642,105.17367310405767
tt_01_to_10,history,tt,1,2,2000,0,10,5,17.4,50,50,1.0,50,,0,gear,PASS,default,default,current,1.5,2.0,1.25,2.0,3.0,0.84,0.84,0.15,True,2.0,8.078999999999999,tt,1.8,27,104,0,0,0,0.002143436283322196,1.8739975556692676,1.9177316917335607,1.9388757445047102,x1.m12,VGD,PASS,PASS,89.84330288891256,107.95227847005671,173.33893429955842,265.3834285700698,453.9985420960616,348.8950147407555,215.51736459270043,1.4668391968367516,-3.1288813079799778,4.187643820048679,31.75550721287237,33.15804232811418,294.7537758804138,105.1683050746131
tt_10_to_01,history,tt,2,1,2000,0,10,5,17.4,50,50,1.0,50,,0,gear,PASS,default,default,current,1.5,2.0,1.25,2.0,3.0,0.84,0.84,0.15,True,2.0,8.078999999999999,tt,1.8,27,104,0,0,0,0.002146528280774708,1.8739801691022,1.9170923582828996,1.9369419097946043,x1.m12,VGD,PASS,PASS,88.11589073452438,106.01005060584873,169.9780653732539,263.5481120566618,452.1631694425275,345.6826042077404,214.37012989255203,1.4432976934774677,4.185466588313456,-3.1309917561616145,31.255823299402344,34.33117451623147,294.75314171909844,105.17366131053339
slow_00_to_11,history,slow,0,3,2000,0,10,5,17.4,50,50,1.0,50,,0,gear,PASS,default,default,current,1.5,2.0,1.25,2.0,3.0,0.84,0.84,0.15,True,2.0,8.078999999999999,ss,1.62,-40,104,0,0,0,0.001766641748974285,1.689847461236376,1.7120345604389697,1.7661086193906508,x1.m24,VDS,PASS,PASS,117.18461446081409,139.4585176873195,262.9868163840321,396.98682062995323,668.7634514574913,509.6090910033392,162.7555270564795,0.9914763407771991,3.1423061876191514,3.143150225410268,39.78307661313681,35.339172465985285,445.904340221886,127.2268766703432
slow_11_to_00,history,slow,3,0,2000,0,10,5,17.4,50,50,1.0,50,,0,gear,PASS,default,default,current,1.5,2.0,1.25,2.0,3.0,0.84,0.84,0.15,True,2.0,8.078999999999999,ss,1.62,-40,104,0,0,0,0.0017701472389854219,1.6898337162699535,1.7121961550527236,1.7663549991960177,x1.m24,VDS,PASS,PASS,120.19358439689137,142.56598550803454,260.6959648149848,400.05981437241485,671.8366481285793,507.39565675919425,173.63755861409527,0.9920485439033614,-2.330889361961588,-2.331465533789711,40.09620603297223,36.06403684959101,445.9045344939614,127.22701209534392
slow_01_to_10,history,slow,1,2,2000,0,10,5,17.4,50,50,1.0,50,,0,gear,PASS,default,default,current,1.5,2.0,1.25,2.0,3.0,0.84,0.84,0.15,True,2.0,8.078999999999999,ss,1.62,-40,104,0,0,0,0.001766415637331419,1.6898474443631917,1.7119973900385614,1.7636292835209286,x1.m14,VDS,PASS,PASS,119.15235179568076,141.59328291127235,264.0575659748388,399.0676545168876,670.8444572968785,510.7333910567513,169.23630423926298,0.990389241321391,-2.331066865352082,3.1425265101751094,40.250717017601175,35.66850379336393,445.90457232341566,127.22930806171918
slow_10_to_01,history,slow,2,1,2000,0,10,5,17.4,50,50,1.0,50,,0,gear,PASS,default,default,current,1.5,2.0,1.25,2.0,3.0,0.84,0.84,0.15,True,2.0,8.078999999999999,ss,1.62,-40,104,0,0,0,0.0017711667172390362,1.6898315965011799,1.7114332878435243,1.763533687250179,x1.m14,VDS,PASS,PASS,116.76199234244221,138.9686997219552,259.1980806981088,396.50887752450103,668.2856249762866,505.8577777535621,168.61774184085715,0.9757544664582083,3.14179813856735,-2.3316569597130816,39.62711220865407,35.58093850457744,445.9042635157271,127.22593623969846
