case,phase,output,metric,value,low,high,result,settling_allowance_only
fast_00_to_00,prime,DEC0,upper_excursion_v,1.799993374135482,,1.9800000000000002,PASS,False
fast_00_to_00,prime,DEC0,lower_excursion_v,-0.020924962304904163,-0.18000000000000002,,PASS,False
fast_00_to_00,prime,DEC0,end_level_v,1.799993287955021,1.62,1.9800000000000002,PASS,False
fast_00_to_00,prime,DEC0,settled_min_v,1.7999882095398303,1.62,,PASS,False
fast_00_to_00,prime,DEC1,upper_excursion_v,0.006499687416282183,,1.9800000000000002,PASS,False
fast_00_to_00,prime,DEC1,lower_excursion_v,0.00012254746889897412,-0.18000000000000002,,PASS,False
fast_00_to_00,prime,DEC1,end_level_v,0.00012576651103370074,-0.18000000000000002,0.18000000000000002,PASS,False
fast_00_to_00,prime,DEC1,unselected_max_v,0.006499687416282183,,0.18000000000000002,PASS,False
fast_00_to_00,prime,DEC2,upper_excursion_v,0.00651755593228447,,1.9800000000000002,PASS,False
fast_00_to_00,prime,DEC2,lower_excursion_v,0.0001345341309620417,-0.18000000000000002,,PASS,False
fast_00_to_00,prime,DEC2,end_level_v,0.0001375417878842097,-0.18000000000000002,0.18000000000000002,PASS,False
fast_00_to_00,prime,DEC2,unselected_max_v,0.00651755593228447,,0.18000000000000002,PASS,False
fast_00_to_00,prime,DEC3,upper_excursion_v,0.005782348676328979,,1.9800000000000002,PASS,False
fast_00_to_00,prime,DEC3,lower_excursion_v,0.00011568494758436992,-0.18000000000000002,,PASS,False
fast_00_to_00,prime,DEC3,end_level_v,0.00011927458219561675,-0.18000000000000002,0.18000000000000002,PASS,False
fast_00_to_00,prime,DEC3,unselected_max_v,0.005782348676328979,,0.18000000000000002,PASS,False
fast_00_to_00,prime,WL0,upper_excursion_v,1.7999992960662425,,1.9800000000000002,PASS,False
fast_00_to_00,prime,WL0,lower_excursion_v,-0.021468666949335257,-0.18000000000000002,,PASS,False
fast_00_to_00,prime,WL0,end_level_v,1.7999992960662425,1.62,1.9800000000000002,PASS,False
fast_00_to_00,prime,WL0,settled_min_v,1.799479788299629,1.62,,PASS,False
fast_00_to_00,prime,WL1,upper_excursion_v,0.00014885098469963093,,1.9800000000000002,PASS,False
fast_00_to_00,prime,WL1,lower_excursion_v,0.00012466613470760708,-0.18000000000000002,,PASS,False
fast_00_to_00,prime,WL1,end_level_v,0.00014468714735516033,-0.18000000000000002,0.18000000000000002,PASS,False
fast_00_to_00,prime,WL1,unselected_max_v,0.00014885098469963093,,0.18000000000000002,PASS,False
fast_00_to_00,prime,WL2,upper_excursion_v,0.0001487525685886704,,1.9800000000000002,PASS,False
fast_00_to_00,prime,WL2,lower_excursion_v,0.00012529543630331134,-0.18000000000000002,,PASS,False
fast_00_to_00,prime,WL2,end_level_v,0.00014468714795585021,-0.18000000000000002,0.18000000000000002,PASS,False
fast_00_to_00,prime,WL2,unselected_max_v,0.0001487525685886704,,0.18000000000000002,PASS,False
fast_00_to_00,prime,WL3,upper_excursion_v,0.00014793103288364477,,1.9800000000000002,PASS,False
fast_00_to_00,prime,WL3,lower_excursion_v,0.00013389138528774322,-0.18000000000000002,,PASS,False
fast_00_to_00,prime,WL3,end_level_v,0.00014468714662643049,-0.18000000000000002,0.18000000000000002,PASS,False
fast_00_to_00,prime,WL3,unselected_max_v,0.00014793103288364477,,0.18000000000000002,PASS,False
fast_00_to_00,test,DEC0,upper_excursion_v,1.7999935095069874,,1.9800000000000002,PASS,False
fast_00_to_00,test,DEC0,lower_excursion_v,-0.021045213049935053,-0.18000000000000002,,PASS,False
fast_00_to_00,test,DEC0,end_level_v,1.7999934184554316,1.62,1.9800000000000002,PASS,False
fast_00_to_00,test,DEC0,settled_min_v,1.7999890647074732,1.62,,PASS,False
fast_00_to_00,test,DEC1,upper_excursion_v,0.00649958154220325,,1.9800000000000002,PASS,False
fast_00_to_00,test,DEC1,lower_excursion_v,0.00011946312926076862,-0.18000000000000002,,PASS,False
fast_00_to_00,test,DEC1,end_level_v,0.00012280571074912747,-0.18000000000000002,0.18000000000000002,PASS,False
fast_00_to_00,test,DEC1,unselected_max_v,0.00649958154220325,,0.18000000000000002,PASS,False
fast_00_to_00,test,DEC2,upper_excursion_v,0.00649328750926339,,1.9800000000000002,PASS,False
fast_00_to_00,test,DEC2,lower_excursion_v,0.00012695427607683853,-0.18000000000000002,,PASS,False
fast_00_to_00,test,DEC2,end_level_v,0.00013022603817789994,-0.18000000000000002,0.18000000000000002,PASS,False
fast_00_to_00,test,DEC2,unselected_max_v,0.00649328750926339,,0.18000000000000002,PASS,False
fast_00_to_00,test,DEC3,upper_excursion_v,0.005731503858814022,,1.9800000000000002,PASS,False
fast_00_to_00,test,DEC3,lower_excursion_v,0.0001141791465525334,-0.18000000000000002,,PASS,False
fast_00_to_00,test,DEC3,end_level_v,0.00011784848437240225,-0.18000000000000002,0.18000000000000002,PASS,False
fast_00_to_00,test,DEC3,unselected_max_v,0.005731503858814022,,0.18000000000000002,PASS,False
fast_00_to_00,test,WL0,upper_excursion_v,1.7999992960662423,,1.9800000000000002,PASS,False
fast_00_to_00,test,WL0,lower_excursion_v,-0.021478565662339154,-0.18000000000000002,,PASS,False
fast_00_to_00,test,WL0,end_level_v,1.7999992960662423,1.62,1.9800000000000002,PASS,False
fast_00_to_00,test,WL0,settled_min_v,1.799565036343726,1.62,,PASS,False
fast_00_to_00,test,WL1,upper_excursion_v,0.0001488080941264233,,1.9800000000000002,PASS,False
fast_00_to_00,test,WL1,lower_excursion_v,0.00012601105601177883,-0.18000000000000002,,PASS,False
fast_00_to_00,test,WL1,end_level_v,0.00014468714711858197,-0.18000000000000002,0.18000000000000002,PASS,False
fast_00_to_00,test,WL1,unselected_max_v,0.0001488080941264233,,0.18000000000000002,PASS,False
fast_00_to_00,test,WL2,upper_excursion_v,0.00014869128927377537,,1.9800000000000002,PASS,False
fast_00_to_00,test,WL2,lower_excursion_v,0.00012590377303649657,-0.18000000000000002,,PASS,False
fast_00_to_00,test,WL2,end_level_v,0.0001446871473843644,-0.18000000000000002,0.18000000000000002,PASS,False
fast_00_to_00,test,WL2,unselected_max_v,0.00014869128927377537,,0.18000000000000002,PASS,False
fast_00_to_00,test,WL3,upper_excursion_v,0.00014783850829178205,,1.9800000000000002,PASS,False
fast_00_to_00,test,WL3,lower_excursion_v,0.00013442307787814395,-0.18000000000000002,,PASS,False
fast_00_to_00,test,WL3,end_level_v,0.00014468714650810684,-0.18000000000000002,0.18000000000000002,PASS,False
fast_00_to_00,test,WL3,unselected_max_v,0.00014783850829178205,,0.18000000000000002,PASS,False
fast_00_to_00,recovery,DEC0,end_level_v,0.00022953613453574696,-0.18000000000000002,0.18000000000000002,PASS,False
fast_00_to_00,recovery,DEC0,settled_max_v,0.00030572102645728494,,0.18000000000000002,PASS,False
fast_00_to_00,recovery,DEC1,end_level_v,0.00023114354992178807,-0.18000000000000002,0.18000000000000002,PASS,False
fast_00_to_00,recovery,DEC1,settled_max_v,0.0002423389216840143,,0.18000000000000002,PASS,False
fast_00_to_00,recovery,DEC2,end_level_v,0.00023382464727373867,-0.18000000000000002,0.18000000000000002,PASS,False
fast_00_to_00,recovery,DEC2,settled_max_v,0.00024430219373698024,,0.18000000000000002,PASS,False
fast_00_to_00,recovery,DEC3,end_level_v,0.00023464347603294335,-0.18000000000000002,0.18000000000000002,PASS,False
fast_00_to_00,recovery,DEC3,settled_max_v,0.00024319396845207738,,0.18000000000000002,PASS,False
fast_00_to_00,recovery,WL0,end_level_v,0.0001446871572117341,-0.18000000000000002,0.18000000000000002,PASS,False
fast_00_to_00,recovery,WL0,settled_max_v,0.00014469883890316985,,0.18000000000000002,PASS,False
fast_00_to_00,recovery,WL1,end_level_v,0.00014468715602504958,-0.18000000000000002,0.18000000000000002,PASS,False
fast_00_to_00,recovery,WL1,settled_max_v,0.0001446877581790104,,0.18000000000000002,PASS,False
fast_00_to_00,recovery,WL2,end_level_v,0.00014468715611109064,-0.18000000000000002,0.18000000000000002,PASS,False
fast_00_to_00,recovery,WL2,settled_max_v,0.00014468757927614239,,0.18000000000000002,PASS,False
fast_00_to_00,recovery,WL3,end_level_v,0.00014468715598902116,-0.18000000000000002,0.18000000000000002,PASS,False
fast_00_to_00,recovery,WL3,settled_max_v,0.0001446876010649834,,0.18000000000000002,PASS,False
fast_00_to_00,recovery,N0,end_level_v,1.799462778657904,1.62,1.9800000000000002,PASS,False
fast_00_to_00,recovery,N1,end_level_v,1.799989506979716,1.62,1.9800000000000002,PASS,False
fast_00_to_00,recovery,N2,end_level_v,1.7999899659019274,1.62,1.9800000000000002,PASS,False
fast_00_to_00,recovery,N3,end_level_v,1.799983264227748,1.62,1.9800000000000002,PASS,False
fast_00_to_00,final_precharge,DEC0,settled_max_v,0.0003057272957231799,,0.18000000000000002,PASS,False
fast_00_to_00,final_precharge,DEC0,settled_min_v,0.00023219192123749918,-0.18000000000000002,,PASS,False
fast_00_to_00,final_precharge,DEC1,settled_max_v,0.0002423394861397305,,0.18000000000000002,PASS,False
fast_00_to_00,final_precharge,DEC1,settled_min_v,0.00023189530142790174,-0.18000000000000002,,PASS,False
fast_00_to_00,final_precharge,DEC2,settled_max_v,0.0002443028007193341,,0.18000000000000002,PASS,False
fast_00_to_00,final_precharge,DEC2,settled_min_v,0.00023462139079717087,-0.18000000000000002,,PASS,False
fast_00_to_00,final_precharge,DEC3,settled_max_v,0.00024319450299586202,,0.18000000000000002,PASS,False
fast_00_to_00,final_precharge,DEC3,settled_min_v,0.0002352421152637561,-0.18000000000000002,,PASS,False
fast_00_to_00,final_precharge,WL0,settled_max_v,0.00014469884048214242,,0.18000000000000002,PASS,False
fast_00_to_00,final_precharge,WL0,settled_min_v,0.00014468716586969188,-0.18000000000000002,,PASS,False
fast_00_to_00,final_precharge,WL1,settled_max_v,0.0001446877582138635,,0.18000000000000002,PASS,False
fast_00_to_00,final_precharge,WL1,settled_min_v,0.00014468715822141053,-0.18000000000000002,,PASS,False
fast_00_to_00,final_precharge,WL2,settled_max_v,0.00014468757933033805,,0.18000000000000002,PASS,False
fast_00_to_00,final_precharge,WL2,settled_min_v,0.0001446871584295417,-0.18000000000000002,,PASS,False
fast_00_to_00,final_precharge,WL3,settled_max_v,0.00014468760113580864,,0.18000000000000002,PASS,False
fast_00_to_00,final_precharge,WL3,settled_min_v,0.0001446871577484485,-0.18000000000000002,,PASS,False
fast_00_to_00,final_precharge,N0,end_level_v,1.7988296964330546,1.62,1.9800000000000002,PASS,False
fast_00_to_00,final_precharge,N1,end_level_v,1.7999916571141015,1.62,1.9800000000000002,PASS,False
fast_00_to_00,final_precharge,N2,end_level_v,1.7999962872037258,1.62,1.9800000000000002,PASS,False
fast_00_to_00,final_precharge,N3,end_level_v,1.7999837664246967,1.62,1.9800000000000002,PASS,False
fast_00_to_00,pex_recovery,N0.N0.t0,dynamic_segment_level_v,1.7994537996139337,1.62,1.9800000000000002,PASS,False
fast_00_to_00,pex_final_precharge,N0.N0.t0,dynamic_segment_level_v,1.7988102565352233,1.62,1.9800000000000002,PASS,False
fast_00_to_00,pex_recovery,N0.N0.t3,dynamic_segment_level_v,1.799462778657904,1.62,1.9800000000000002,PASS,False
fast_00_to_00,pex_final_precharge,N0.N0.t3,dynamic_segment_level_v,1.7988296964330546,1.62,1.9800000000000002,PASS,False
fast_00_to_00,pex_recovery,N0.N0.n0,dynamic_segment_level_v,1.7994628349758957,1.62,1.9800000000000002,PASS,False
fast_00_to_00,pex_final_precharge,N0.N0.n0,dynamic_segment_level_v,1.7988299540183075,1.62,1.9800000000000002,PASS,False
fast_00_to_00,pex_recovery,N0.N0.t1,dynamic_segment_level_v,1.7995029764816686,1.62,1.9800000000000002,PASS,False
fast_00_to_00,pex_final_precharge,N0.N0.t1,dynamic_segment_level_v,1.7989180798951818,1.62,1.9800000000000002,PASS,False
fast_00_to_00,pex_recovery,N0.N0.n1,dynamic_segment_level_v,1.7994628318917147,1.62,1.9800000000000002,PASS,False
fast_00_to_00,pex_final_precharge,N0.N0.n1,dynamic_segment_level_v,1.7988299614112633,1.62,1.9800000000000002,PASS,False
fast_00_to_00,pex_recovery,N0.N0,dynamic_segment_level_v,1.799462778657904,1.62,1.9800000000000002,PASS,False
fast_00_to_00,pex_final_precharge,N0.N0,dynamic_segment_level_v,1.7988296964330546,1.62,1.9800000000000002,PASS,False
fast_00_to_00,pex_recovery,N0.N0.t2,dynamic_segment_level_v,1.7994627833781618,1.62,1.9800000000000002,PASS,False
fast_00_to_00,pex_final_precharge,N0.N0.t2,dynamic_segment_level_v,1.798829717742992,1.62,1.9800000000000002,PASS,False
fast_00_to_00,pex_recovery,N1.N1,dynamic_segment_level_v,1.799989506979716,1.62,1.9800000000000002,PASS,False
fast_00_to_00,pex_final_precharge,N1.N1,dynamic_segment_level_v,1.7999916571141015,1.62,1.9800000000000002,PASS,False
fast_00_to_00,pex_recovery,N1.N1.t3,dynamic_segment_level_v,1.799989506979716,1.62,1.9800000000000002,PASS,False
fast_00_to_00,pex_final_precharge,N1.N1.t3,dynamic_segment_level_v,1.7999916571141015,1.62,1.9800000000000002,PASS,False
fast_00_to_00,pex_recovery,N1.N1.t1,dynamic_segment_level_v,1.7999893327101202,1.62,1.9800000000000002,PASS,False
fast_00_to_00,pex_final_precharge,N1.N1.t1,dynamic_segment_level_v,1.799991247678606,1.62,1.9800000000000002,PASS,False
fast_00_to_00,pex_recovery,N1.N1.t0,dynamic_segment_level_v,1.7999894964754297,1.62,1.9800000000000002,PASS,False
fast_00_to_00,pex_final_precharge,N1.N1.t0,dynamic_segment_level_v,1.7999916392197353,1.62,1.9800000000000002,PASS,False
fast_00_to_00,pex_recovery,N1.N1.n1,dynamic_segment_level_v,1.7999895026206336,1.62,1.9800000000000002,PASS,False
fast_00_to_00,pex_final_precharge,N1.N1.n1,dynamic_segment_level_v,1.7999916462264962,1.62,1.9800000000000002,PASS,False
fast_00_to_00,pex_recovery,N1.N1.n0,dynamic_segment_level_v,1.7999895073761976,1.62,1.9800000000000002,PASS,False
fast_00_to_00,pex_final_precharge,N1.N1.n0,dynamic_segment_level_v,1.7999916565888538,1.62,1.9800000000000002,PASS,False
fast_00_to_00,pex_recovery,N1.N1.t2,dynamic_segment_level_v,1.7999895069960468,1.62,1.9800000000000002,PASS,False
fast_00_to_00,pex_final_precharge,N1.N1.t2,dynamic_segment_level_v,1.7999916566527328,1.62,1.9800000000000002,PASS,False
fast_00_to_00,pex_recovery,N2.N2,dynamic_segment_level_v,1.7999899659019274,1.62,1.9800000000000002,PASS,False
fast_00_to_00,pex_final_precharge,N2.N2,dynamic_segment_level_v,1.7999962872037258,1.62,1.9800000000000002,PASS,False
fast_00_to_00,pex_recovery,N2.N2.n0,dynamic_segment_level_v,1.799989965929469,1.62,1.9800000000000002,PASS,False
fast_00_to_00,pex_final_precharge,N2.N2.n0,dynamic_segment_level_v,1.799996284996669,1.62,1.9800000000000002,PASS,False
fast_00_to_00,pex_recovery,N2.N2.t3,dynamic_segment_level_v,1.7999899659019274,1.62,1.9800000000000002,PASS,False
fast_00_to_00,pex_final_precharge,N2.N2.t3,dynamic_segment_level_v,1.7999962872037258,1.62,1.9800000000000002,PASS,False
fast_00_to_00,pex_recovery,N2.N2.t1,dynamic_segment_level_v,1.7999894984321385,1.62,1.9800000000000002,PASS,False
fast_00_to_00,pex_final_precharge,N2.N2.t1,dynamic_segment_level_v,1.7999952602422469,1.62,1.9800000000000002,PASS,False
fast_00_to_00,pex_recovery,N2.N2.n1,dynamic_segment_level_v,1.7999899547741725,1.62,1.9800000000000002,PASS,False
fast_00_to_00,pex_final_precharge,N2.N2.n1,dynamic_segment_level_v,1.799996260724284,1.62,1.9800000000000002,PASS,False
fast_00_to_00,pex_recovery,N2.N2.t2,dynamic_segment_level_v,1.7999899658825773,1.62,1.9800000000000002,PASS,False
fast_00_to_00,pex_final_precharge,N2.N2.t2,dynamic_segment_level_v,1.7999962865800154,1.62,1.9800000000000002,PASS,False
fast_00_to_00,pex_recovery,N2.N2.t0,dynamic_segment_level_v,1.7999899533198953,1.62,1.9800000000000002,PASS,False
fast_00_to_00,pex_final_precharge,N2.N2.t0,dynamic_segment_level_v,1.7999962593561882,1.62,1.9800000000000002,PASS,False
fast_00_to_00,pex_recovery,N3.N3.n1,dynamic_segment_level_v,1.799983262656864,1.62,1.9800000000000002,PASS,False
fast_00_to_00,pex_final_precharge,N3.N3.n1,dynamic_segment_level_v,1.7999837619400165,1.62,1.9800000000000002,PASS,False
fast_00_to_00,pex_recovery,N3.N3.n0,dynamic_segment_level_v,1.7999832647708156,1.62,1.9800000000000002,PASS,False
fast_00_to_00,pex_final_precharge,N3.N3.n0,dynamic_segment_level_v,1.7999837665618175,1.62,1.9800000000000002,PASS,False
fast_00_to_00,pex_recovery,N3.N3.t3,dynamic_segment_level_v,1.799983264227748,1.62,1.9800000000000002,PASS,False
fast_00_to_00,pex_final_precharge,N3.N3.t3,dynamic_segment_level_v,1.7999837664246967,1.62,1.9800000000000002,PASS,False
fast_00_to_00,pex_recovery,N3.N3.t0,dynamic_segment_level_v,1.799983259455354,1.62,1.9800000000000002,PASS,False
fast_00_to_00,pex_final_precharge,N3.N3.t0,dynamic_segment_level_v,1.799983758475732,1.62,1.9800000000000002,PASS,False
fast_00_to_00,pex_recovery,N3.N3.t1,dynamic_segment_level_v,1.7999831892102636,1.62,1.9800000000000002,PASS,False
fast_00_to_00,pex_final_precharge,N3.N3.t1,dynamic_segment_level_v,1.7999835856369772,1.62,1.9800000000000002,PASS,False
fast_00_to_00,pex_recovery,N3.N3.t2,dynamic_segment_level_v,1.7999832642601623,1.62,1.9800000000000002,PASS,False
fast_00_to_00,pex_final_precharge,N3.N3.t2,dynamic_segment_level_v,1.799983766035457,1.62,1.9800000000000002,PASS,False
fast_00_to_00,pex_recovery,N3.N3,dynamic_segment_level_v,1.799983264227748,1.62,1.9800000000000002,PASS,False
fast_00_to_00,pex_final_precharge,N3.N3,dynamic_segment_level_v,1.7999837664246967,1.62,1.9800000000000002,PASS,False
