case,corner,vdd_v,temperature_c,clock_slew_ps,method,max_step_ps,precharge_width_um,output_width_um,footer_width_um,voltage_pass,voltage_fail,window_check_fail,output_vgs_evaluate_max_v,output_vgs_full_transient_max_v,output_vgs_outside,vdd_cycle_energy_mean_fj,intentional_isolation,dec_evaluation_delay_max_ps,wl_evaluation_delay_max_ps,dec_precharge_delay_max_ps,wl_precharge_delay_max_ps
tt_1.62_-40_25,tt,1.62,-40,25,gear,5,0.42,1.0,0.5,72,0,0,1.704518,1.7045175255019145,0,96.14162500000002,,125.177,358.09,293.997,495.213
tt_1.62_-40_50,tt,1.62,-40,50,gear,5,0.42,1.0,0.5,72,0,0,1.701249,1.7012489408633003,0,96.09385,,132.044,364.955,301.392,502.58000000000004
tt_1.62_-40_250,tt,1.62,-40,250,gear,5,0.42,1.0,0.5,72,0,0,1.676131,1.6932218904166842,0,95.772475,,181.72,414.668,360.887,562.038
tt_1.62_27_25,tt,1.62,27,25,gear,5,0.42,1.0,0.5,72,0,0,1.713787,1.713786563601138,0,98.0447,,131.648,346.345,270.332,475.152
tt_1.62_27_50,tt,1.62,27,50,gear,5,0.42,1.0,0.5,72,0,0,1.707992,1.7079924529254227,0,97.97180000000002,,138.155,352.855,277.029,481.83700000000005
tt_1.62_27_250,tt,1.62,27,250,gear,5,0.42,1.0,0.5,72,0,0,1.67843,1.6935801467949796,0,97.65695000000001,,184.975,399.718,330.53200000000004,535.182
tt_1.62_125_25,tt,1.62,125,25,gear,5,0.42,1.0,0.5,72,0,0,1.722587,1.722586791695987,0,106.05355,,140.35000000000002,337.129,248.027,460.34
tt_1.62_125_50,tt,1.62,125,50,gear,5,0.42,1.0,0.5,72,0,0,1.715019,1.715019144247092,0,106.030225,,146.312,343.08500000000004,253.45400000000004,465.94399999999996
tt_1.62_125_250,tt,1.62,125,250,gear,5,0.42,1.0,0.5,72,0,0,1.679354,1.693394934738242,0,105.87717500000002,,188.929,385.747,298.02500000000003,510.59600000000006
tt_1.8_-40_25,tt,1.8,-40,25,gear,5,0.42,1.0,0.5,72,0,0,1.898985,1.8989847244897498,0,119.963675,,103.524,293.135,244.259,411.756
tt_1.8_-40_50,tt,1.8,-40,50,gear,5,0.42,1.0,0.5,72,0,0,1.894998,1.894997647901225,0,119.91610000000001,,109.625,299.231,251.122,418.459
tt_1.8_-40_250,tt,1.8,-40,250,gear,5,0.42,1.0,0.5,72,0,0,1.860221,1.876859077480419,0,119.41879999999999,,152.105,341.846,305.66700000000003,472.91800000000006
tt_1.8_27_25,tt,1.8,27,25,gear,5,0.42,1.0,0.5,72,0,0,1.908103,1.9081025028547711,0,122.63602499999999,,110.7,291.461,231.87,405.605
tt_1.8_27_50,tt,1.8,27,50,gear,5,0.42,1.0,0.5,72,0,0,1.900569,1.9005689584347347,0,122.57935,,116.47800000000001,297.237,237.649,411.692
tt_1.8_27_250,tt,1.8,27,250,gear,5,0.42,1.0,0.5,72,0,0,1.862228,1.8776119013092694,0,122.13300000000001,,156.53400000000002,337.406,286.81600000000003,460.74899999999997
tt_1.8_125_25,tt,1.8,125,25,gear,5,0.42,1.0,0.5,72,0,0,1.91531,1.915309965339977,0,133.81369999999998,,120.56500000000001,291.94599999999997,219.84599999999998,404.38
tt_1.8_125_50,tt,1.8,125,50,gear,5,0.42,1.0,0.5,72,0,0,1.906536,1.906535603441634,0,133.796725,,125.846,297.215,225.22199999999998,409.498
tt_1.8_125_250,tt,1.8,125,250,gear,5,0.42,1.0,0.5,72,0,0,1.86288,1.8777395272150452,0,133.738025,,162.22,333.696,266.574,450.966
ss_1.62_-40_25,ss,1.62,-40,25,gear,5,0.42,1.0,0.5,72,0,0,1.69911,1.699110464319506,0,96.925,,154.022,443.688,381.149,626.604
ss_1.62_-40_50,ss,1.62,-40,50,gear,5,0.42,1.0,0.5,72,0,0,1.696242,1.6962419301401057,0,96.86014999999999,,161.38299999999998,451.049,389.086,634.499
ss_1.62_-40_250,ss,1.62,-40,250,gear,5,0.42,1.0,0.5,72,0,0,1.676898,1.6953643341734466,0,96.598375,,215.65,505.334,452.226,697.764
ss_1.62_27_25,ss,1.62,27,25,gear,5,0.42,1.0,0.5,72,0,0,1.708541,1.7085405805073872,0,98.77755,,162.34900000000002,426.571,348.89000000000004,597.4870000000001
ss_1.62_27_50,ss,1.62,27,50,gear,5,0.42,1.0,0.5,72,0,0,1.704541,1.7045406902999345,0,98.71460000000002,,169.34300000000002,433.565,356.106,604.668
ss_1.62_27_250,ss,1.62,27,250,gear,5,0.42,1.0,0.5,72,0,0,1.679127,1.695997866701829,0,98.43795,,220.846,485.09299999999996,413.30100000000004,661.909
ss_1.62_125_25,ss,1.62,125,25,gear,5,0.42,1.0,0.5,72,0,0,1.719216,1.7192155548541161,0,103.005325,,172.756,412.136,316.34799999999996,572.93
ss_1.62_125_50,ss,1.62,125,50,gear,5,0.42,1.0,0.5,72,0,0,1.713462,1.7134621324283692,0,102.962575,,179.172,418.55,322.288,579.016
ss_1.62_125_250,ss,1.62,125,250,gear,5,0.42,1.0,0.5,72,0,0,1.68172,1.6964101719257545,0,102.69824999999999,,226.41,465.82099999999997,370.921,627.4069999999999
ss_1.8_-40_25,ss,1.8,-40,25,gear,5,0.42,1.0,0.5,72,0,0,1.893739,1.8937392446676855,0,120.91647499999999,,124.99700000000001,354.417,309.09700000000004,508.83799999999997
ss_1.8_-40_50,ss,1.8,-40,50,gear,5,0.42,1.0,0.5,72,0,0,1.890088,1.8900883697635809,0,120.853075,,131.56,360.97900000000004,316.37,516.08
ss_1.8_-40_250,ss,1.8,-40,250,gear,5,0.42,1.0,0.5,72,0,0,1.860773,1.878958861984104,0,120.43895,,179.096,408.563,374.656,574.298
ss_1.8_27_25,ss,1.8,27,25,gear,5,0.42,1.0,0.5,72,0,0,1.90305,1.903050488447416,0,123.30715000000001,,134.28199999999998,352.172,293.63,501.374
ss_1.8_27_50,ss,1.8,27,50,gear,5,0.42,1.0,0.5,72,0,0,1.896484,1.8964836184052885,0,123.24040000000001,,140.549,358.434,300.264,507.908
ss_1.8_27_250,ss,1.8,27,250,gear,5,0.42,1.0,0.5,72,0,0,1.863593,1.8801213064033728,0,122.83300000000001,,185.656,403.596,352.635,560.631
ss_1.8_125_25,ss,1.8,125,25,gear,5,0.42,1.0,0.5,72,0,0,1.912975,1.912975043872729,0,129.185775,,146.478,351.948,277.407,497.82599999999996
ss_1.8_125_50,ss,1.8,125,50,gear,5,0.42,1.0,0.5,72,0,0,1.904431,1.9044312466573734,0,129.13,,152.22899999999998,357.702,282.733,503.371
ss_1.8_125_250,ss,1.8,125,250,gear,5,0.42,1.0,0.5,72,0,0,1.865861,1.8809958812440926,0,128.79605,,193.569,399.092,327.438,548.097
ff_1.62_-40_25,ff,1.62,-40,25,gear,5,0.42,1.0,0.5,72,0,0,1.710474,1.7104740057630772,0,95.168575,,104.955,302.016,224.662,389.836
ff_1.62_-40_50,ff,1.62,-40,50,gear,5,0.42,1.0,0.5,72,0,0,1.706951,1.7069509464095571,0,95.1116,,111.28399999999999,308.331,231.629,396.709
ff_1.62_-40_250,ff,1.62,-40,250,gear,5,0.42,1.0,0.5,72,0,0,1.675896,1.6906988761620483,0,94.730975,,155.943,353.1,286.674,451.761
ff_1.62_27_25,ff,1.62,27,25,gear,5,0.42,1.0,0.5,72,0,0,1.71923,1.7192298528916237,0,97.55605,,109.818,292.545,209.66,378.809
ff_1.62_27_50,ff,1.62,27,50,gear,5,0.42,1.0,0.5,72,0,0,1.712477,1.7124770283236295,0,97.48825000000001,,115.791,298.503,215.974,384.915
ff_1.62_27_250,ff,1.62,27,250,gear,5,0.42,1.0,0.5,72,0,0,1.677305,1.6909015573328112,0,97.16869999999999,,157.625,340.455,265.017,433.895
ff_1.62_125_25,ff,1.62,125,25,gear,5,0.42,1.0,0.5,72,0,0,1.725021,1.725020583740677,0,123.94552499999998,,117.104,285.601,196.917,373.439
ff_1.62_125_50,ff,1.62,125,50,gear,5,0.42,1.0,0.5,72,0,0,1.716791,1.7167906543316571,0,124.04607499999999,,122.492,291.018,201.756,378.38599999999997
ff_1.62_125_250,ff,1.62,125,250,gear,5,0.42,1.0,0.5,72,0,0,1.676504,1.6903145803140647,0,124.6345,,160.299,328.89300000000003,242.316,419.118
ff_1.8_-40_25,ff,1.8,-40,25,gear,5,0.42,1.0,0.5,72,0,0,1.904754,1.9047538703034634,0,118.96764999999999,,88.50750000000001,253.604,190.101,330.263
ff_1.8_-40_50,ff,1.8,-40,50,gear,5,0.42,1.0,0.5,72,0,0,1.896606,1.8966061765926578,0,118.868425,,94.09360000000001,259.19,196.592,336.532
ff_1.8_-40_250,ff,1.8,-40,250,gear,5,0.42,1.0,0.5,72,0,0,1.859293,1.8743004642866152,0,118.429575,,130.742,296.347,246.98999999999998,387.01599999999996
ff_1.8_27_25,ff,1.8,27,25,gear,5,0.42,1.0,0.5,72,0,0,1.91298,1.9129801031547833,0,122.59855000000002,,93.8485,251.0,182.835,328.181
ff_1.8_27_50,ff,1.8,27,50,gear,5,0.42,1.0,0.5,72,0,0,1.904362,1.9043615276764865,0,122.51565,,99.1023,256.244,188.126,333.701
ff_1.8_27_250,ff,1.8,27,250,gear,5,0.42,1.0,0.5,72,0,0,1.860509,1.874774247619654,0,122.22975,,133.378,290.936,233.50000000000003,379.009
ff_1.8_125_25,ff,1.8,125,25,gear,5,0.42,1.0,0.5,72,0,0,1.917696,1.917696373732211,0,161.74665,,101.723,250.534,176.34300000000002,330.82
ff_1.8_125_50,ff,1.8,125,50,gear,5,0.42,1.0,0.5,72,0,0,1.907956,1.9079555212002546,0,161.98680000000002,,106.436,255.27400000000003,180.958,335.418
ff_1.8_125_250,ff,1.8,125,250,gear,5,0.42,1.0,0.5,72,0,0,1.859576,1.874410639769745,0,163.35434999999998,,137.337,286.442,219.185,373.632
