case,phase,output,metric,value,low,high,result
fast_nominal_row2_a2_to_2_p1950ps_ctl101,denied_access_window,PCLK,maximum_v,0.0,,0.18000000000000002,PASS
fast_nominal_row2_a2_to_2_p1950ps_ctl101,denied_access_window,N0,minimum_precharged_v,1.7999962602432649,1.62,,PASS
fast_nominal_row2_a2_to_2_p1950ps_ctl101,denied_access_window,DEC0,maximum_inactive_v,0.00022773379234557753,,0.18000000000000002,PASS
fast_nominal_row2_a2_to_2_p1950ps_ctl101,denied_access_window,WL0,maximum_inactive_v,0.00015123923895347783,,0.18000000000000002,PASS
fast_nominal_row2_a2_to_2_p1950ps_ctl101,denied_access_window,ROW0.WL_TAP0,maximum_inactive_v,0.00015123923895292516,,0.18000000000000002,PASS
fast_nominal_row2_a2_to_2_p1950ps_ctl101,denied_access_window,ROW0.WL_TAP1,maximum_inactive_v,0.00015123923895298257,,0.18000000000000002,PASS
fast_nominal_row2_a2_to_2_p1950ps_ctl101,denied_access_window,ROW0.WL_TAP2,maximum_inactive_v,0.00015123923895299008,,0.18000000000000002,PASS
fast_nominal_row2_a2_to_2_p1950ps_ctl101,denied_access_window,ROW0.WL_TAP3,maximum_inactive_v,0.00015123923895298214,,0.18000000000000002,PASS
fast_nominal_row2_a2_to_2_p1950ps_ctl101,denied_access_window,ROW0.WL_TAP4,maximum_inactive_v,0.0001512392389530182,,0.18000000000000002,PASS
fast_nominal_row2_a2_to_2_p1950ps_ctl101,denied_access_window,ROW0.WL_TAP5,maximum_inactive_v,0.00015123923895296617,,0.18000000000000002,PASS
fast_nominal_row2_a2_to_2_p1950ps_ctl101,denied_access_window,ROW0.WL_TAP6,maximum_inactive_v,0.00015123923895300762,,0.18000000000000002,PASS
fast_nominal_row2_a2_to_2_p1950ps_ctl101,denied_access_window,ROW0.WL_TAP7,maximum_inactive_v,0.0001512392389529793,,0.18000000000000002,PASS
fast_nominal_row2_a2_to_2_p1950ps_ctl101,denied_access_window,ROW0.WL_TAP8,maximum_inactive_v,0.00015123923895299826,,0.18000000000000002,PASS
fast_nominal_row2_a2_to_2_p1950ps_ctl101,denied_access_window,ROW0.WL_TAP9,maximum_inactive_v,0.00015123923895298322,,0.18000000000000002,PASS
fast_nominal_row2_a2_to_2_p1950ps_ctl101,denied_access_window,ROW0.WL_TAP10,maximum_inactive_v,0.00015123923895295056,,0.18000000000000002,PASS
fast_nominal_row2_a2_to_2_p1950ps_ctl101,denied_access_window,ROW0.WL_TAP11,maximum_inactive_v,0.00015123923895300398,,0.18000000000000002,PASS
fast_nominal_row2_a2_to_2_p1950ps_ctl101,denied_access_window,ROW0.WL_TAP12,maximum_inactive_v,0.00015123923895301783,,0.18000000000000002,PASS
fast_nominal_row2_a2_to_2_p1950ps_ctl101,denied_access_window,ROW0.WL_TAP13,maximum_inactive_v,0.00015123923895297246,,0.18000000000000002,PASS
fast_nominal_row2_a2_to_2_p1950ps_ctl101,denied_access_window,ROW0.WL_TAP14,maximum_inactive_v,0.00015123923895319207,,0.18000000000000002,PASS
fast_nominal_row2_a2_to_2_p1950ps_ctl101,denied_access_window,ROW0.WL_TAP15,maximum_inactive_v,0.0001512392389530071,,0.18000000000000002,PASS
fast_nominal_row2_a2_to_2_p1950ps_ctl101,denied_access_window,N1,minimum_precharged_v,1.799989750922704,1.62,,PASS
fast_nominal_row2_a2_to_2_p1950ps_ctl101,denied_access_window,DEC1,maximum_inactive_v,0.00023083027351647342,,0.18000000000000002,PASS
fast_nominal_row2_a2_to_2_p1950ps_ctl101,denied_access_window,WL1,maximum_inactive_v,0.00015123923727352977,,0.18000000000000002,PASS
fast_nominal_row2_a2_to_2_p1950ps_ctl101,denied_access_window,ROW1.WL_TAP0,maximum_inactive_v,0.00015123923727287936,,0.18000000000000002,PASS
fast_nominal_row2_a2_to_2_p1950ps_ctl101,denied_access_window,ROW1.WL_TAP1,maximum_inactive_v,0.0001512392372729638,,0.18000000000000002,PASS
fast_nominal_row2_a2_to_2_p1950ps_ctl101,denied_access_window,ROW1.WL_TAP2,maximum_inactive_v,0.0001512392372729661,,0.18000000000000002,PASS
fast_nominal_row2_a2_to_2_p1950ps_ctl101,denied_access_window,ROW1.WL_TAP3,maximum_inactive_v,0.00015123923727293034,,0.18000000000000002,PASS
fast_nominal_row2_a2_to_2_p1950ps_ctl101,denied_access_window,ROW1.WL_TAP4,maximum_inactive_v,0.0001512392372729448,,0.18000000000000002,PASS
fast_nominal_row2_a2_to_2_p1950ps_ctl101,denied_access_window,ROW1.WL_TAP5,maximum_inactive_v,0.0001512392372729703,,0.18000000000000002,PASS
fast_nominal_row2_a2_to_2_p1950ps_ctl101,denied_access_window,ROW1.WL_TAP6,maximum_inactive_v,0.00015123923727294658,,0.18000000000000002,PASS
fast_nominal_row2_a2_to_2_p1950ps_ctl101,denied_access_window,ROW1.WL_TAP7,maximum_inactive_v,0.0001512392372729639,,0.18000000000000002,PASS
fast_nominal_row2_a2_to_2_p1950ps_ctl101,denied_access_window,ROW1.WL_TAP8,maximum_inactive_v,0.00015123923727295184,,0.18000000000000002,PASS
fast_nominal_row2_a2_to_2_p1950ps_ctl101,denied_access_window,ROW1.WL_TAP9,maximum_inactive_v,0.00015123923727293278,,0.18000000000000002,PASS
fast_nominal_row2_a2_to_2_p1950ps_ctl101,denied_access_window,ROW1.WL_TAP10,maximum_inactive_v,0.00015123923727293855,,0.18000000000000002,PASS
fast_nominal_row2_a2_to_2_p1950ps_ctl101,denied_access_window,ROW1.WL_TAP11,maximum_inactive_v,0.00015123923727294885,,0.18000000000000002,PASS
fast_nominal_row2_a2_to_2_p1950ps_ctl101,denied_access_window,ROW1.WL_TAP12,maximum_inactive_v,0.00015123923727294674,,0.18000000000000002,PASS
fast_nominal_row2_a2_to_2_p1950ps_ctl101,denied_access_window,ROW1.WL_TAP13,maximum_inactive_v,0.00015123923727294644,,0.18000000000000002,PASS
fast_nominal_row2_a2_to_2_p1950ps_ctl101,denied_access_window,ROW1.WL_TAP14,maximum_inactive_v,0.00015123923727311937,,0.18000000000000002,PASS
fast_nominal_row2_a2_to_2_p1950ps_ctl101,denied_access_window,ROW1.WL_TAP15,maximum_inactive_v,0.00015123923727299805,,0.18000000000000002,PASS
fast_nominal_row2_a2_to_2_p1950ps_ctl101,denied_access_window,N2,minimum_precharged_v,1.7991852708842366,1.62,,PASS
fast_nominal_row2_a2_to_2_p1950ps_ctl101,denied_access_window,DEC2,maximum_inactive_v,0.00023581051270991156,,0.18000000000000002,PASS
fast_nominal_row2_a2_to_2_p1950ps_ctl101,denied_access_window,WL2,maximum_inactive_v,0.00015123920121833017,,0.18000000000000002,PASS
fast_nominal_row2_a2_to_2_p1950ps_ctl101,denied_access_window,ROW2.WL_TAP0,maximum_inactive_v,0.0001512392012161214,,0.18000000000000002,PASS
fast_nominal_row2_a2_to_2_p1950ps_ctl101,denied_access_window,ROW2.WL_TAP1,maximum_inactive_v,0.00015123920121612268,,0.18000000000000002,PASS
fast_nominal_row2_a2_to_2_p1950ps_ctl101,denied_access_window,ROW2.WL_TAP2,maximum_inactive_v,0.00015123920121618342,,0.18000000000000002,PASS
fast_nominal_row2_a2_to_2_p1950ps_ctl101,denied_access_window,ROW2.WL_TAP3,maximum_inactive_v,0.00015123920121611542,,0.18000000000000002,PASS
fast_nominal_row2_a2_to_2_p1950ps_ctl101,denied_access_window,ROW2.WL_TAP4,maximum_inactive_v,0.0001512392012161908,,0.18000000000000002,PASS
fast_nominal_row2_a2_to_2_p1950ps_ctl101,denied_access_window,ROW2.WL_TAP5,maximum_inactive_v,0.00015123920121615507,,0.18000000000000002,PASS
fast_nominal_row2_a2_to_2_p1950ps_ctl101,denied_access_window,ROW2.WL_TAP6,maximum_inactive_v,0.00015123920121623829,,0.18000000000000002,PASS
fast_nominal_row2_a2_to_2_p1950ps_ctl101,denied_access_window,ROW2.WL_TAP7,maximum_inactive_v,0.000151239201216125,,0.18000000000000002,PASS
fast_nominal_row2_a2_to_2_p1950ps_ctl101,denied_access_window,ROW2.WL_TAP8,maximum_inactive_v,0.00015123920121620435,,0.18000000000000002,PASS
fast_nominal_row2_a2_to_2_p1950ps_ctl101,denied_access_window,ROW2.WL_TAP9,maximum_inactive_v,0.00015123920121611664,,0.18000000000000002,PASS
fast_nominal_row2_a2_to_2_p1950ps_ctl101,denied_access_window,ROW2.WL_TAP10,maximum_inactive_v,0.0001512392012161513,,0.18000000000000002,PASS
fast_nominal_row2_a2_to_2_p1950ps_ctl101,denied_access_window,ROW2.WL_TAP11,maximum_inactive_v,0.000151239201216113,,0.18000000000000002,PASS
fast_nominal_row2_a2_to_2_p1950ps_ctl101,denied_access_window,ROW2.WL_TAP12,maximum_inactive_v,0.00015123920121614358,,0.18000000000000002,PASS
fast_nominal_row2_a2_to_2_p1950ps_ctl101,denied_access_window,ROW2.WL_TAP13,maximum_inactive_v,0.0001512392012161002,,0.18000000000000002,PASS
fast_nominal_row2_a2_to_2_p1950ps_ctl101,denied_access_window,ROW2.WL_TAP14,maximum_inactive_v,0.00015123920121634822,,0.18000000000000002,PASS
fast_nominal_row2_a2_to_2_p1950ps_ctl101,denied_access_window,ROW2.WL_TAP15,maximum_inactive_v,0.00015123920121616226,,0.18000000000000002,PASS
fast_nominal_row2_a2_to_2_p1950ps_ctl101,denied_access_window,N3,minimum_precharged_v,1.7999439832468647,1.62,,PASS
fast_nominal_row2_a2_to_2_p1950ps_ctl101,denied_access_window,DEC3,maximum_inactive_v,0.00023438900105663974,,0.18000000000000002,PASS
fast_nominal_row2_a2_to_2_p1950ps_ctl101,denied_access_window,WL3,maximum_inactive_v,0.00015123923920443998,,0.18000000000000002,PASS
fast_nominal_row2_a2_to_2_p1950ps_ctl101,denied_access_window,ROW3.WL_TAP0,maximum_inactive_v,0.00015123923920388997,,0.18000000000000002,PASS
fast_nominal_row2_a2_to_2_p1950ps_ctl101,denied_access_window,ROW3.WL_TAP1,maximum_inactive_v,0.00015123923920390186,,0.18000000000000002,PASS
fast_nominal_row2_a2_to_2_p1950ps_ctl101,denied_access_window,ROW3.WL_TAP2,maximum_inactive_v,0.00015123923920392336,,0.18000000000000002,PASS
fast_nominal_row2_a2_to_2_p1950ps_ctl101,denied_access_window,ROW3.WL_TAP3,maximum_inactive_v,0.0001512392392039862,,0.18000000000000002,PASS
fast_nominal_row2_a2_to_2_p1950ps_ctl101,denied_access_window,ROW3.WL_TAP4,maximum_inactive_v,0.0001512392392040058,,0.18000000000000002,PASS
fast_nominal_row2_a2_to_2_p1950ps_ctl101,denied_access_window,ROW3.WL_TAP5,maximum_inactive_v,0.0001512392392039752,,0.18000000000000002,PASS
fast_nominal_row2_a2_to_2_p1950ps_ctl101,denied_access_window,ROW3.WL_TAP6,maximum_inactive_v,0.00015123923920403368,,0.18000000000000002,PASS
fast_nominal_row2_a2_to_2_p1950ps_ctl101,denied_access_window,ROW3.WL_TAP7,maximum_inactive_v,0.00015123923920398746,,0.18000000000000002,PASS
fast_nominal_row2_a2_to_2_p1950ps_ctl101,denied_access_window,ROW3.WL_TAP8,maximum_inactive_v,0.00015123923920399624,,0.18000000000000002,PASS
fast_nominal_row2_a2_to_2_p1950ps_ctl101,denied_access_window,ROW3.WL_TAP9,maximum_inactive_v,0.0001512392392039766,,0.18000000000000002,PASS
fast_nominal_row2_a2_to_2_p1950ps_ctl101,denied_access_window,ROW3.WL_TAP10,maximum_inactive_v,0.0001512392392039319,,0.18000000000000002,PASS
fast_nominal_row2_a2_to_2_p1950ps_ctl101,denied_access_window,ROW3.WL_TAP11,maximum_inactive_v,0.00015123923920394678,,0.18000000000000002,PASS
fast_nominal_row2_a2_to_2_p1950ps_ctl101,denied_access_window,ROW3.WL_TAP12,maximum_inactive_v,0.00015123923920396456,,0.18000000000000002,PASS
fast_nominal_row2_a2_to_2_p1950ps_ctl101,denied_access_window,ROW3.WL_TAP13,maximum_inactive_v,0.00015123923920397833,,0.18000000000000002,PASS
fast_nominal_row2_a2_to_2_p1950ps_ctl101,denied_access_window,ROW3.WL_TAP14,maximum_inactive_v,0.00015123923920414952,,0.18000000000000002,PASS
fast_nominal_row2_a2_to_2_p1950ps_ctl101,denied_access_window,ROW3.WL_TAP15,maximum_inactive_v,0.000151239239204027,,0.18000000000000002,PASS
